Protocollo;Gruppo;DataOraIncidente;Localizzazione1;STRADA1;Localizzazione2;STRADA2;Strada02;Chilometrica;DaSpecificare;NaturaIncidente;particolaritastrade;TipoStrada;FondoStradale;Pavimentazione;Segnaletica;CondizioneAtmosferica;Traffico;Visibilita;Illuminazione;NUM_FERITI;NUM_RISERVATA;NUM_MORTI;NUM_ILLESI;Longitudine;Latitudine;Confermato;Progressivo;TipoVeicolo;StatoVeicolo;TipoPersona;Sesso;Tipolesione;Deceduto;DecedutoDopo;CinturaCascoUtilizzato;Airbag
3623014;17;02/01/2018 12:30;Strada Urbana;VIA UGO BARTOLOMEI;in prossimità;;del civico n.;18;;Infortunio per sola frenata improvvisa;Rettilineo;Una carreggiata a doppio senso;Bagnato (umidità in atto);Asfaltata;Verticale ed orizzontale;Sereno;Scarso;Buona;Ore Diurne;1;0;0;1;12.44569;41.90962;-1;1;Autovettura privata;In marcia / fermata / arresto;Conducente;M;Illeso;0;;;
3623014;17;02/01/2018 12:30;Strada Urbana;VIA UGO BARTOLOMEI;in prossimità;;del civico n.;18;;Infortunio per sola frenata improvvisa;Rettilineo;Una carreggiata a doppio senso;Bagnato (umidità in atto);Asfaltata;Verticale ed orizzontale;Sereno;Scarso;Buona;Ore Diurne;1;0;0;1;12.44569;41.90962;-1;2;Motociclo a solo;In marcia / fermata / arresto;Conducente;M;Rimandato;0;NON DECEDUTO;Non accertato;
3623088;19;02/01/2018 12:50;Strada Urbana;VIA DEI MONTI DI PRIMAVALLE;in corrispondenza;;del civico n.;127;;Scontro frontale/laterale SX fra veicoli in marcia;Rettilineo;Una carreggiata a doppio senso;Asciutto;Asfaltata;Verticale ed orizzontale;Sereno;Normale;Buona;Ore Diurne;1;0;0;1;12.41313;41.90994;-1;1;Autovettura privata;In marcia / fermata / arresto;Conducente;M;Illeso;0;;Non accertato;Inesploso
3623088;19;02/01/2018 12:50;Strada Urbana;VIA DEI MONTI DI PRIMAVALLE;in corrispondenza;;del civico n.;127;;Scontro frontale/laterale SX fra veicoli in marcia;Rettilineo;Una carreggiata a doppio senso;Asciutto;Asfaltata;Verticale ed orizzontale;Sereno;Normale;Buona;Ore Diurne;1;0;0;1;12.41313;41.90994;-1;2;Motociclo a solo;In marcia / fermata / arresto;Conducente;M;Rimandato;0;NON DECEDUTO;Non accertato;
3623169;5;02/01/2018 12:20;Strada Urbana;VIA BARTOLO LONGO;all'intersezione con;VIA CARDINAL LA FONTAINE;VIA CARDINAL LA FONTAINE;;;Scontro frontale/laterale SX fra veicoli in marcia;Incrocio;Una carreggiata a doppio senso;Asciutto;Asfaltata;Orizzontale;Sereno;Scarso;Buona;Ore Diurne;5;0;0;3;12.56857;41.93312;-1;1;Autovettura privata;In marcia / fermata / arresto;Conducente;M;Illeso;0;;Non accertato;
3623169;5;02/01/2018 12:20;Strada Urbana;VIA BARTOLO LONGO;all'intersezione con;VIA CARDINAL LA FONTAINE;VIA CARDINAL LA FONTAINE;;;Scontro frontale/laterale SX fra veicoli in marcia;Incrocio;Una carreggiata a doppio senso;Asciutto;Asfaltata;Orizzontale;Sereno;Scarso;Buona;Ore Diurne;5;0;0;3;12.56857;41.93312;-1;1;Autovettura privata;In marcia / fermata / arresto;Passeggero;F;Illeso;0;;Non accertato;
3623169;5;02/01/2018 12:20;Strada Urbana;VIA BARTOLO LONGO;all'intersezione con;VIA CARDINAL LA FONTAINE;VIA CARDINAL LA FONTAINE;;;Scontro frontale/laterale SX fra veicoli in marcia;Incrocio;Una carreggiata a doppio senso;Asciutto;Asfaltata;Orizzontale;Sereno;Scarso;Buona;Ore Diurne;5;0;0;3;12.56857;41.93312;-1;2;Autovettura privata;In marcia / fermata / arresto;Conducente;F;Rimandato;0;NON DECEDUTO;Non accertato;
3623169;5;02/01/2018 12:20;Strada Urbana;VIA BARTOLO LONGO;all'intersezione con;VIA CARDINAL LA FONTAINE;VIA CARDINAL LA FONTAINE;;;Scontro frontale/laterale SX fra veicoli in marcia;Incrocio;Una carreggiata a doppio senso;Asciutto;Asfaltata;Orizzontale;Sereno;Scarso;Buona;Ore Diurne;5;0;0;3;12.56857;41.93312;-1;2;Autovettura privata;In marcia / fermata / arresto;Passeggero;M;Rimandato;0;NON DECEDUTO;Non accertato;
3623169;5;02/01/2018 12:20;Strada Urbana;VIA BARTOLO LONGO;all'intersezione con;VIA CARDINAL LA FONTAINE;VIA CARDINAL LA FONTAINE;;;Scontro frontale/laterale SX fra veicoli in marcia;Incrocio;Una carreggiata a doppio senso;Asciutto;Asfaltata;Orizzontale;Sereno;Scarso;Buona;Ore Diurne;5;0;0;3;12.56857;41.93312;-1;2;Autovettura privata;In marcia / fermata / arresto;Passeggero;F;Rimandato;0;NON DECEDUTO;Non accertato;
3623169;5;02/01/2018 12:20;Strada Urbana;VIA BARTOLO LONGO;all'intersezione con;VIA CARDINAL LA FONTAINE;VIA CARDINAL LA FONTAINE;;;Scontro frontale/laterale SX fra veicoli in marcia;Incrocio;Una carreggiata a doppio senso;Asciutto;Asfaltata;Orizzontale;Sereno;Scarso;Buona;Ore Diurne;5;0;0;3;12.56857;41.93312;-1;2;Autovettura privata;In marcia / fermata / arresto;Passeggero;M;Rimandato;0;NON DECEDUTO;;
3623169;5;02/01/2018 12:20;Strada Urbana;VIA BARTOLO LONGO;all'intersezione con;VIA CARDINAL LA FONTAINE;VIA CARDINAL LA FONTAINE;;;Scontro frontale/laterale SX fra veicoli in marcia;Incrocio;Una carreggiata a doppio senso;Asciutto;Asfaltata;Orizzontale;Sereno;Scarso;Buona;Ore Diurne;5;0;0;3;12.56857;41.93312;-1;2;Autovettura privata;In marcia / fermata / arresto;Passeggero;F;Illeso;0;;;
3623169;5;02/01/2018 12:20;Strada Urbana;VIA BARTOLO LONGO;all'intersezione con;VIA CARDINAL LA FONTAINE;VIA CARDINAL LA FONTAINE;;;Scontro frontale/laterale SX fra veicoli in marcia;Incrocio;Una carreggiata a doppio senso;Asciutto;Asfaltata;Orizzontale;Sereno;Scarso;Buona;Ore Diurne;5;0;0;3;12.56857;41.93312;-1;2;Autovettura privata;In marcia / fermata / arresto;Passeggero;F;Rimandato;0;NON DECEDUTO;;
3623190;5;02/01/2018 13:10;Strada Urbana;NUOVA CIRCONVALLAZIONE INTERNA;da specificare;;;;rampa di uscita via dei Monti Tiburtini;Veicolo in marcia contro ostacolo fisso;Galleria illuminata;Una carreggiata a senso unico di marcia;Asciutto;Asfaltata;Orizzontale;Sereno;Normale;Buona;Ore Diurne;1;0;0;0;12.52751;41.92244;-1;1;Autovettura privata;In marcia / fermata / arresto;Conducente;F;Rimandato;0;NON DECEDUTO;Non accertato;
3623197;17;02/01/2018 16:50;Strada Urbana;VIA LUIGI RIZZO;in prossimità;;del civico n.;70;;Veicolo in marcia contro veicolo fermo;Rettilineo;Una carreggiata a senso unico di marcia;Asciutto;Asfaltata;Verticale ed orizzontale;Sereno;Scarso;Sufficiente;Sufficiente;0;0;0;2;12.4441;41.90786;-1;1;Autovettura privata;In marcia / fermata / arresto;Conducente;M;Illeso;0;;;
3623197;17;02/01/2018 16:50;Strada Urbana;VIA LUIGI RIZZO;in prossimità;;del civico n.;70;;Veicolo in marcia contro veicolo fermo;Rettilineo;Una carreggiata a senso unico di marcia;Asciutto;Asfaltata;Verticale ed orizzontale;Sereno;Scarso;Sufficiente;Sufficiente;0;0;0;2;12.4441;41.90786;-1;2;Autocarro inferiore 35 q.;In marcia / fermata / arresto;Conducente;M;Illeso;0;;;
3623215;13;02/01/2018 11:30;Strada Urbana;PIAZZA GREGORIO RONCA;all'intersezione con;VIA GALLI DELLA MANTICA;VIA GALLI DELLA MANTICA;;;Investimento di pedone;Incrocio;Una carreggiata a doppio senso;Bagnato (umidità in atto);Asfaltata;Orizzontale;Sereno;Normale;Sufficiente;Ore Diurne;1;0;0;1;12.28665;41.73342;-1;;;;Pedone;M;Rimandato;0;NON DECEDUTO;;
3623215;13;02/01/2018 11:30;Strada Urbana;PIAZZA GREGORIO RONCA;all'intersezione con;VIA GALLI DELLA MANTICA;VIA GALLI DELLA MANTICA;;;Investimento di pedone;Incrocio;Una carreggiata a doppio senso;Bagnato (umidità in atto);Asfaltata;Orizzontale;Sereno;Normale;Sufficiente;Ore Diurne;1;0;0;1;12.28665;41.73342;-1;1;Autovettura privata;In marcia / fermata / arresto;Conducente;F;Illeso;0;;Non accertato;Inesploso
3623232;13;02/01/2018 15:15;Strada Urbana;VIA DI SAPONARA;in corrispondenza;;del civico n.;709;;Scontro frontale/laterale SX fra veicoli in marcia;Rettilineo;Una carreggiata a doppio senso;Asciutto;Asfaltata;Assente;Sereno;Normale;Buona;Ore Diurne;0;0;0;3;12.32766;41.76742;-1;1;Autovettura privata;In marcia / fermata / arresto;Conducente;F;Illeso;0;;;
3623232;13;02/01/2018 15:15;Strada Urbana;VIA DI SAPONARA;in corrispondenza;;del civico n.;709;;Scontro frontale/laterale SX fra veicoli in marcia;Rettilineo;Una carreggiata a doppio senso;Asciutto;Asfaltata;Assente;Sereno;Normale;Buona;Ore Diurne;0;0;0;3;12.32766;41.76742;-1;1;Autovettura privata;In marcia / fermata / arresto;Passeggero;F;Illeso;0;;;
3623232;13;02/01/2018 15:15;Strada Urbana;VIA DI SAPONARA;in corrispondenza;;del civico n.;709;;Scontro frontale/laterale SX fra veicoli in marcia;Rettilineo;Una carreggiata a doppio senso;Asciutto;Asfaltata;Assente;Sereno;Normale;Buona;Ore Diurne;0;0;0;3;12.32766;41.76742;-1;2;Autocarro inferiore 35 q.;In marcia / fermata / arresto;Conducente;M;Illeso;0;;;
3623315;12;02/01/2018 19:45;Strada Urbana;VIA ROMOLO GIGLIOZZI;da specificare;;;;altezza sottopasso via Aldo Banzi;Veicolo in marcia contro ostacolo accidentale;Sottopasso non illuminato;Una carreggiata a doppio senso;Bagnato (umidità in atto);Asfaltata;Orizzontale;Sereno;Scarso;Buona;Inesistente;0;0;0;4;12.43447;41.77784;-1;1;Autovettura privata;In marcia / fermata / arresto;Conducente;M;Illeso;0;;Utilizzato;Inesploso
3623315;12;02/01/2018 19:45;Strada Urbana;VIA ROMOLO GIGLIOZZI;da specificare;;;;altezza sottopasso via Aldo Banzi;Veicolo in marcia contro ostacolo accidentale;Sottopasso non illuminato;Una carreggiata a doppio senso;Bagnato (umidità in atto);Asfaltata;Orizzontale;Sereno;Scarso;Buona;Inesistente;0;0;0;4;12.43447;41.77784;-1;1;Autovettura privata;In marcia / fermata / arresto;Passeggero;F;Illeso;0;;Utilizzato;Inesploso
3623315;12;02/01/2018 19:45;Strada Urbana;VIA ROMOLO GIGLIOZZI;da specificare;;;;altezza sottopasso via Aldo Banzi;Veicolo in marcia contro ostacolo accidentale;Sottopasso non illuminato;Una carreggiata a doppio senso;Bagnato (umidità in atto);Asfaltata;Orizzontale;Sereno;Scarso;Buona;Inesistente;0;0;0;4;12.43447;41.77784;-1;1;Autovettura privata;In marcia / fermata / arresto;Passeggero;M;Illeso;0;;Utilizzato;Inesploso
3623315;12;02/01/2018 19:45;Strada Urbana;VIA ROMOLO GIGLIOZZI;da specificare;;;;altezza sottopasso via Aldo Banzi;Veicolo in marcia contro ostacolo accidentale;Sottopasso non illuminato;Una carreggiata a doppio senso;Bagnato (umidità in atto);Asfaltata;Orizzontale;Sereno;Scarso;Buona;Inesistente;0;0;0;4;12.43447;41.77784;-1;1;Autovettura privata;In marcia / fermata / arresto;Passeggero;F;Illeso;0;;Utilizzato;Inesploso
3623543;9;02/01/2018 19:00;Strada Urbana;VIA TUSCOLANA;all'intersezione con;VIA AOSTA;VIA AOSTA;;;Scontro frontale/laterale SX fra veicoli in marcia;Intersezione stradale segnalata;Una carreggiata a senso unico di marcia;Asciutto;Asfaltata;Verticale ed orizzontale;Sereno;Normale;Buona;Sufficiente;1;0;0;2;12.51449;41.88289;-1;1;Autovettura privata;In marcia / fermata / arresto;Conducente;M;Illeso;0;;Non accertato;Inesploso
3623543;9;02/01/2018 19:00;Strada Urbana;VIA TUSCOLANA;all'intersezione con;VIA AOSTA;VIA AOSTA;;;Scontro frontale/laterale SX fra veicoli in marcia;Intersezione stradale segnalata;Una carreggiata a senso unico di marcia;Asciutto;Asfaltata;Verticale ed orizzontale;Sereno;Normale;Buona;Sufficiente;1;0;0;2;12.51449;41.88289;-1;1;Autovettura privata;In marcia / fermata / arresto;Passeggero;F;Illeso;0;;Non accertato;Inesploso
3623543;9;02/01/2018 19:00;Strada Urbana;VIA TUSCOLANA;all'intersezione con;VIA AOSTA;VIA AOSTA;;;Scontro frontale/laterale SX fra veicoli in marcia;Intersezione stradale segnalata;Una carreggiata a senso unico di marcia;Asciutto;Asfaltata;Verticale ed orizzontale;Sereno;Normale;Buona;Sufficiente;1;0;0;2;12.51449;41.88289;-1;2;Motociclo a solo;In marcia / fermata / arresto;Conducente;M;Rimandato;0;NON DECEDUTO;Non accertato;
3623544;13;02/01/2018 18:15;Strada Urbana;VIA TANCREDI CHIARALUCE;da specificare;;;;in prossimità via del Ponte di Tor Boacciana;Veicolo in marcia contro ostacolo accidentale;Rettilineo;Una carreggiata a doppio senso;Asciutto;Con buche;Assente;Sereno;Normale;Sufficiente;Insufficiente;0;0;0;4;12.27017;41.74707;-1;1;Autovettura privata;In marcia / fermata / arresto;Conducente;F;Illeso;0;;Non accertato;Inesploso
3623544;13;02/01/2018 18:15;Strada Urbana;VIA TANCREDI CHIARALUCE;da specificare;;;;in prossimità via del Ponte di Tor Boacciana;Veicolo in marcia contro ostacolo accidentale;Rettilineo;Una carreggiata a doppio senso;Asciutto;Con buche;Assente;Sereno;Normale;Sufficiente;Insufficiente;0;0;0;4;12.27017;41.74707;-1;1;Autovettura privata;In marcia / fermata / arresto;Passeggero;M;Illeso;0;;Non accertato;Inesploso
3623544;13;02/01/2018 18:15;Strada Urbana;VIA TANCREDI CHIARALUCE;da specificare;;;;in prossimità via del Ponte di Tor Boacciana;Veicolo in marcia contro ostacolo accidentale;Rettilineo;Una carreggiata a doppio senso;Asciutto;Con buche;Assente;Sereno;Normale;Sufficiente;Insufficiente;0;0;0;4;12.27017;41.74707;-1;1;Autovettura privata;In marcia / fermata / arresto;Passeggero;F;Illeso;0;;Non accertato;Inesploso
3623544;13;02/01/2018 18:15;Strada Urbana;VIA TANCREDI CHIARALUCE;da specificare;;;;in prossimità via del Ponte di Tor Boacciana;Veicolo in marcia contro ostacolo accidentale;Rettilineo;Una carreggiata a doppio senso;Asciutto;Con buche;Assente;Sereno;Normale;Sufficiente;Insufficiente;0;0;0;4;12.27017;41.74707;-1;1;Autovettura privata;In marcia / fermata / arresto;Passeggero;M;Illeso;0;;Non accertato;Inesploso
3623545;9;02/01/2018 18:45;Strada Urbana;PIAZZALE APPIO;all'intersezione semaforizzata con;VIA MAGNAGRECIA;VIA MAGNAGRECIA;;;Scontro laterale fra veicoli in marcia;Intersezione semaforizzata;Più di due carreggiate;Asciutto;Asfaltata;Verticale ed orizzontale;Sereno;Normale;Buona;Sufficiente;0;0;0;2;12.50956;41.88542;-1;1;Autovettura privata;In marcia / fermata / arresto;Conducente;M;Illeso;0;;Non accertato;Inesploso
3623545;9;02/01/2018 18:45;Strada Urbana;PIAZZALE APPIO;all'intersezione semaforizzata con;VIA MAGNAGRECIA;VIA MAGNAGRECIA;;;Scontro laterale fra veicoli in marcia;Intersezione semaforizzata;Più di due carreggiate;Asciutto;Asfaltata;Verticale ed orizzontale;Sereno;Normale;Buona;Sufficiente;0;0;0;2;12.50956;41.88542;-1;2;Autovettura privata;In marcia / fermata / arresto;Conducente;M;Illeso;0;;Non accertato;Inesploso
3623553;1;01/01/2018 20:40;Strada Urbana;VIALE CASTRO PRETORIO;in corrispondenza;;del civico n.;FC 114 B;;Veicolo in marcia contro ostacolo accidentale;Rettilineo;Due carreggiate;Bagnato (pioggia);Con buche;Verticale ed orizzontale;Nuvoloso;Scarso;Buona;Sufficiente;0;0;0;2;12.50501;41.90638;-1;1;Autovettura privata;In marcia / fermata / arresto;Conducente;F;Illeso;0;;;
3623553;1;01/01/2018 20:40;Strada Urbana;VIALE CASTRO PRETORIO;in corrispondenza;;del civico n.;FC 114 B;;Veicolo in marcia contro ostacolo accidentale;Rettilineo;Due carreggiate;Bagnato (pioggia);Con buche;Verticale ed orizzontale;Nuvoloso;Scarso;Buona;Sufficiente;0;0;0;2;12.50501;41.90638;-1;1;Autovettura privata;In marcia / fermata / arresto;Passeggero;M;Illeso;0;;;
3623559;13;02/01/2018 17:30;Strada Urbana;VIA TANCREDI CHIARALUCE;da specificare;;;;in prossimità via del Ponte di Tor Boacciana;Veicolo in marcia contro ostacolo accidentale;Rettilineo;Una carreggiata a doppio senso;Asciutto;Con buche;Assente;Sereno;Normale;Sufficiente;Insufficiente;0;0;0;2;12.27017;41.74707;-1;1;Autovettura privata;In marcia / fermata / arresto;Conducente;M;Illeso;0;;Non accertato;Inesploso
3623559;13;02/01/2018 17:30;Strada Urbana;VIA TANCREDI CHIARALUCE;da specificare;;;;in prossimità via del Ponte di Tor Boacciana;Veicolo in marcia contro ostacolo accidentale;Rettilineo;Una carreggiata a doppio senso;Asciutto;Con buche;Assente;Sereno;Normale;Sufficiente;Insufficiente;0;0;0;2;12.27017;41.74707;-1;1;Autovettura privata;In marcia / fermata / arresto;Passeggero;F;Illeso;0;;Non accertato;Inesploso
3623561;15;02/01/2018 14:00;Strada Urbana;VIA PORTUENSE;in corrispondenza;;del civico n.;741/c;;Scontro laterale fra veicoli in marcia;Rettilineo;Una carreggiata a doppio senso;Asciutto;Asfaltata;Verticale ed orizzontale;Sereno;Normale;Buona;Ore Diurne;0;0;0;6;12.42902;41.85025;-1;1;Autovettura privata;In marcia / fermata / arresto;Conducente;M;Illeso;0;;Utilizzato;Inesploso
3623561;15;02/01/2018 14:00;Strada Urbana;VIA PORTUENSE;in corrispondenza;;del civico n.;741/c;;Scontro laterale fra veicoli in marcia;Rettilineo;Una carreggiata a doppio senso;Asciutto;Asfaltata;Verticale ed orizzontale;Sereno;Normale;Buona;Ore Diurne;0;0;0;6;12.42902;41.85025;-1;1;Autovettura privata;In marcia / fermata / arresto;Passeggero;F;Illeso;0;;Utilizzato;Inesploso
3623561;15;02/01/2018 14:00;Strada Urbana;VIA PORTUENSE;in corrispondenza;;del civico n.;741/c;;Scontro laterale fra veicoli in marcia;Rettilineo;Una carreggiata a doppio senso;Asciutto;Asfaltata;Verticale ed orizzontale;Sereno;Normale;Buona;Ore Diurne;0;0;0;6;12.42902;41.85025;-1;1;Autovettura privata;In marcia / fermata / arresto;Passeggero;F;Illeso;0;;Utilizzato;Inesploso
3623561;15;02/01/2018 14:00;Strada Urbana;VIA PORTUENSE;in corrispondenza;;del civico n.;741/c;;Scontro laterale fra veicoli in marcia;Rettilineo;Una carreggiata a doppio senso;Asciutto;Asfaltata;Verticale ed orizzontale;Sereno;Normale;Buona;Ore Diurne;0;0;0;6;12.42902;41.85025;-1;1;Autovettura privata;In marcia / fermata / arresto;Passeggero;M;Illeso;0;;Utilizzato;Inesploso
3623561;15;02/01/2018 14:00;Strada Urbana;VIA PORTUENSE;in corrispondenza;;del civico n.;741/c;;Scontro laterale fra veicoli in marcia;Rettilineo;Una carreggiata a doppio senso;Asciutto;Asfaltata;Verticale ed orizzontale;Sereno;Normale;Buona;Ore Diurne;0;0;0;6;12.42902;41.85025;-1;2;Autovettura privata;In marcia / fermata / arresto;Conducente;M;Illeso;0;;Utilizzato;Inesploso
3623561;15;02/01/2018 14:00;Strada Urbana;VIA PORTUENSE;in corrispondenza;;del civico n.;741/c;;Scontro laterale fra veicoli in marcia;Rettilineo;Una carreggiata a doppio senso;Asciutto;Asfaltata;Verticale ed orizzontale;Sereno;Normale;Buona;Ore Diurne;0;0;0;6;12.42902;41.85025;-1;2;Autovettura privata;In marcia / fermata / arresto;Passeggero;F;Illeso;0;;Utilizzato;Inesploso
3623562;8;02/01/2018 15:05;Strada Urbana;VIA MUSELLARO;in corrispondenza;;del civico n.;32;;Veicolo in marcia contro veicolo in sosta;Rettilineo;Una carreggiata a doppio senso;Asciutto;Asfaltata;Verticale ed orizzontale;Sereno;Normale;Buona;Ore Diurne;0;0;0;2;12.71241;41.90922;-1;2;Veicolo speciale;In marcia / fermata / arresto;Conducente;M;Illeso;0;;Non accertato;Inesploso
3623562;8;02/01/2018 15:05;Strada Urbana;VIA MUSELLARO;in corrispondenza;;del civico n.;32;;Veicolo in marcia contro veicolo in sosta;Rettilineo;Una carreggiata a doppio senso;Asciutto;Asfaltata;Verticale ed orizzontale;Sereno;Normale;Buona;Ore Diurne;0;0;0;2;12.71241;41.90922;-1;2;Veicolo speciale;In marcia / fermata / arresto;Passeggero;F;Illeso;0;;Non accertato;Inesploso
3623564;18;02/01/2018 19:00;Strada Urbana;VIA BALDO DEGLI UBALDI;in corrispondenza;;del civico n.;76;;Tamponamento Multiplo;Rettilineo;Due carreggiate;Asciutto;Asfaltata;Verticale ed orizzontale;Sereno;Normale;Sufficiente;Sufficiente;2;0;0;2;12.43243;41.89859;-1;1;Autovettura privata;In marcia / fermata / arresto;Conducente;M;Illeso;0;;Non accertato;Inesploso
3623564;18;02/01/2018 19:00;Strada Urbana;VIA BALDO DEGLI UBALDI;in corrispondenza;;del civico n.;76;;Tamponamento Multiplo;Rettilineo;Due carreggiate;Asciutto;Asfaltata;Verticale ed orizzontale;Sereno;Normale;Sufficiente;Sufficiente;2;0;0;2;12.43243;41.89859;-1;2;Autovettura privata;In marcia / fermata / arresto;Conducente;M;Rifiuta cure immediate;0;NON DECEDUTO;Non accertato;Inesploso
3623564;18;02/01/2018 19:00;Strada Urbana;VIA BALDO DEGLI UBALDI;in corrispondenza;;del civico n.;76;;Tamponamento Multiplo;Rettilineo;Due carreggiate;Asciutto;Asfaltata;Verticale ed orizzontale;Sereno;Normale;Sufficiente;Sufficiente;2;0;0;2;12.43243;41.89859;-1;2;Autovettura privata;In marcia / fermata / arresto;Passeggero;F;Illeso;0;;Non accertato;Inesploso
3623564;18;02/01/2018 19:00;Strada Urbana;VIA BALDO DEGLI UBALDI;in corrispondenza;;del civico n.;76;;Tamponamento Multiplo;Rettilineo;Due carreggiate;Asciutto;Asfaltata;Verticale ed orizzontale;Sereno;Normale;Sufficiente;Sufficiente;2;0;0;2;12.43243;41.89859;-1;3;Autovettura privata;In marcia / fermata / arresto;Conducente;M;Rifiuta cure immediate;0;NON DECEDUTO;Non accertato;Inesploso
3623568;8;02/01/2018 15:50;Strada Urbana;VIA VIAGRANDE;in corrispondenza;;del civico n.;15;;Tamponamento;Rettilineo;Una carreggiata a doppio senso;Asciutto;Asfaltata;Assente;Sereno;Scarso;Buona;Ore Diurne;0;0;0;2;12.68162;41.8616;-1;1;Autovettura privata;In marcia / fermata / arresto;Conducente;M;Illeso;0;;Non accertato;Inesploso
3623568;8;02/01/2018 15:50;Strada Urbana;VIA VIAGRANDE;in corrispondenza;;del civico n.;15;;Tamponamento;Rettilineo;Una carreggiata a doppio senso;Asciutto;Asfaltata;Assente;Sereno;Scarso;Buona;Ore Diurne;0;0;0;2;12.68162;41.8616;-1;2;Autovettura privata;In marcia / fermata / arresto;Conducente;M;Illeso;0;;Non accertato;Inesploso
3623570;8;02/01/2018 17:50;Provinciale entro l'abitato;VIA PRENESTINA;in prossimità;;del civico n.;1524;;Tamponamento Multiplo;Rettilineo;Una carreggiata a doppio senso;Asciutto;Asfaltata;Orizzontale;Sereno;Intenso;Sufficiente;Sufficiente;1;0;0;4;12.66542;41.8908;-1;1;Autovettura privata;In marcia / fermata / arresto;Conducente;M;Rimandato;0;NON DECEDUTO;Non accertato;Inesploso
3623570;8;02/01/2018 17:50;Provinciale entro l'abitato;VIA PRENESTINA;in prossimità;;del civico n.;1524;;Tamponamento Multiplo;Rettilineo;Una carreggiata a doppio senso;Asciutto;Asfaltata;Orizzontale;Sereno;Intenso;Sufficiente;Sufficiente;1;0;0;4;12.66542;41.8908;-1;2;Autovettura privata;In marcia / fermata / arresto;Conducente;M;Illeso;0;;;
3623570;8;02/01/2018 17:50;Provinciale entro l'abitato;VIA PRENESTINA;in prossimità;;del civico n.;1524;;Tamponamento Multiplo;Rettilineo;Una carreggiata a doppio senso;Asciutto;Asfaltata;Orizzontale;Sereno;Intenso;Sufficiente;Sufficiente;1;0;0;4;12.66542;41.8908;-1;3;Autovettura privata;In marcia / fermata / arresto;Conducente;M;Illeso;0;;;
3623570;8;02/01/2018 17:50;Provinciale entro l'abitato;VIA PRENESTINA;in prossimità;;del civico n.;1524;;Tamponamento Multiplo;Rettilineo;Una carreggiata a doppio senso;Asciutto;Asfaltata;Orizzontale;Sereno;Intenso;Sufficiente;Sufficiente;1;0;0;4;12.66542;41.8908;-1;3;Autovettura privata;In marcia / fermata / arresto;Passeggero;M;Illeso;0;;Non accertato;Inesploso
3623570;8;02/01/2018 17:50;Provinciale entro l'abitato;VIA PRENESTINA;in prossimità;;del civico n.;1524;;Tamponamento Multiplo;Rettilineo;Una carreggiata a doppio senso;Asciutto;Asfaltata;Orizzontale;Sereno;Intenso;Sufficiente;Sufficiente;1;0;0;4;12.66542;41.8908;-1;3;Autovettura privata;In marcia / fermata / arresto;Passeggero;F;Illeso;0;;Non accertato;Inesploso
3623571;9;02/01/2018 19:55;Strada Urbana;VIA DELLE CAVE;in corrispondenza;;del civico n.;30;;Tamponamento;Rettilineo;Più di due carreggiate;Asciutto;Asfaltata;Verticale ed orizzontale;Sereno;Normale;Buona;Sufficiente;0;0;0;2;12.52844;41.87141;-1;1;Autovettura privata;In marcia / fermata / arresto;Conducente;M;Illeso;0;;;
3623571;9;02/01/2018 19:55;Strada Urbana;VIA DELLE CAVE;in corrispondenza;;del civico n.;30;;Tamponamento;Rettilineo;Più di due carreggiate;Asciutto;Asfaltata;Verticale ed orizzontale;Sereno;Normale;Buona;Sufficiente;0;0;0;2;12.52844;41.87141;-1;2;Autovettura privata;In marcia / fermata / arresto;Conducente;F;Illeso;0;;Non accertato;Inesploso
3623572;5;02/01/2018 15:30;Strada Urbana;VIA SALVIATI;in prossimità;;del civico n.;72;;Investimento di pedone;Rettilineo;Una carreggiata a doppio senso;Asciutto;Asfaltata;Assente;Sereno;Normale;Buona;Ore Diurne;1;0;0;1;12.58251;41.90634;-1;;;;Pedone;F;Rimandato;0;NON DECEDUTO;;
3623572;5;02/01/2018 15:30;Strada Urbana;VIA SALVIATI;in prossimità;;del civico n.;72;;Investimento di pedone;Rettilineo;Una carreggiata a doppio senso;Asciutto;Asfaltata;Assente;Sereno;Normale;Buona;Ore Diurne;1;0;0;1;12.58251;41.90634;-1;1;Autovettura pubblica;In marcia / fermata / arresto;Conducente;M;Illeso;0;;Non accertato;Inesploso
3623575;8;02/01/2018 18:00;Strada Urbana;VIA SAN BIAGIO PLATANI;in corrispondenza;;del palo luce n.;29;;Scontro frontale/laterale SX fra veicoli in marcia;Rettilineo;Una carreggiata a doppio senso;Asciutto;Asfaltata;Verticale ed orizzontale;Sereno;Normale;Sufficiente;Sufficiente;1;0;0;1;12.64592;41.87369;-1;1;Motociclo a solo;In marcia / fermata / arresto;Conducente;M;Rimandato;0;NON DECEDUTO;Non accertato;
3623575;8;02/01/2018 18:00;Strada Urbana;VIA SAN BIAGIO PLATANI;in corrispondenza;;del palo luce n.;29;;Scontro frontale/laterale SX fra veicoli in marcia;Rettilineo;Una carreggiata a doppio senso;Asciutto;Asfaltata;Verticale ed orizzontale;Sereno;Normale;Sufficiente;Sufficiente;1;0;0;1;12.64592;41.87369;-1;2;Autovettura privata;In marcia / fermata / arresto;Conducente;M;Illeso;0;;Non accertato;Inesploso