Protocollo;Gruppo;DataOraIncidente;Localizzazione1;STRADA1;Localizzazione2;STRADA2;Strada02;Chilometrica;DaSpecificare;NaturaIncidente;particolaritastrade;TipoStrada;FondoStradale;Pavimentazione;Segnaletica;CondizioneAtmosferica;Traffico;Visibilita;Illuminazione;NUM_FERITI;NUM_RISERVATA;NUM_MORTI;NUM_ILLESI;Longitudine;Latitudine;Confermato;Progressivo;TipoVeicolo;StatoVeicolo;TipoPersona;Sesso;Tipolesione;Deceduto;DecedutoDopo;CinturaCascoUtilizzato;Airbag
3626305;4;04/01/2018 17:30;Statale;VIA SALARIA;da specificare;;;;50 mt prima fronte via Grottazzolina;Scontro laterale fra veicoli in marcia;Rettilineo;Due carreggiate;Asciutto;Asfaltata;Orizzontale;Sereno;Normale;Sufficiente;Insufficiente;0;0;0;4;12.51783;41.98705;-1;2;Autovettura privata;In marcia / fermata / arresto;Passeggero;M;Illeso;0;;;
3626305;4;04/01/2018 17:30;Statale;VIA SALARIA;da specificare;;;;50 mt prima fronte via Grottazzolina;Scontro laterale fra veicoli in marcia;Rettilineo;Due carreggiate;Asciutto;Asfaltata;Orizzontale;Sereno;Normale;Sufficiente;Insufficiente;0;0;0;4;12.51783;41.98705;-1;3;Autovettura privata;In marcia / fermata / arresto;Conducente;M;Illeso;0;;;
3626362;8;04/01/2018 09:30;Strada Urbana;VIA ANTON DOMENICO GABBIANI;in corrispondenza;;del civico n.;70;;Veicolo in marcia contro veicolo fermo;Rettilineo;Una carreggiata a doppio senso;Asciutto;Asfaltata;Orizzontale;Sereno;Scarso;Buona;Ore Diurne;0;0;0;2;12.62848;41.87115;-1;1;Autovettura privata;In marcia / fermata / arresto;Conducente;M;Illeso;0;;Non accertato;Inesploso
3626362;8;04/01/2018 09:30;Strada Urbana;VIA ANTON DOMENICO GABBIANI;in corrispondenza;;del civico n.;70;;Veicolo in marcia contro veicolo fermo;Rettilineo;Una carreggiata a doppio senso;Asciutto;Asfaltata;Orizzontale;Sereno;Scarso;Buona;Ore Diurne;0;0;0;2;12.62848;41.87115;-1;2;Autovettura privata;In marcia / fermata / arresto;Conducente;M;Illeso;0;;Non accertato;Inesploso
3626371;8;04/01/2018 10:55;Strada Urbana;VIA DEL FOSSO DI S. MAURA;all'intersezione con;VIA DI TORRE SPACCATA;VIA DI TORRE SPACCATA;;;Scontro laterale fra veicoli in marcia;Intersezione stradale segnalata;Una carreggiata a doppio senso;Asciutto;Asfaltata;Verticale ed orizzontale;Sereno;Normale;Buona;Ore Diurne;0;0;0;3;12.58555;41.86016;-1;1;Autovettura privata;In marcia / fermata / arresto;Conducente;M;Illeso;0;;Non accertato;Inesploso
3626371;8;04/01/2018 10:55;Strada Urbana;VIA DEL FOSSO DI S. MAURA;all'intersezione con;VIA DI TORRE SPACCATA;VIA DI TORRE SPACCATA;;;Scontro laterale fra veicoli in marcia;Intersezione stradale segnalata;Una carreggiata a doppio senso;Asciutto;Asfaltata;Verticale ed orizzontale;Sereno;Normale;Buona;Ore Diurne;0;0;0;3;12.58555;41.86016;-1;1;Autovettura privata;In marcia / fermata / arresto;Passeggero;M;Illeso;0;;Non accertato;Inesploso
3626371;8;04/01/2018 10:55;Strada Urbana;VIA DEL FOSSO DI S. MAURA;all'intersezione con;VIA DI TORRE SPACCATA;VIA DI TORRE SPACCATA;;;Scontro laterale fra veicoli in marcia;Intersezione stradale segnalata;Una carreggiata a doppio senso;Asciutto;Asfaltata;Verticale ed orizzontale;Sereno;Normale;Buona;Ore Diurne;0;0;0;3;12.58555;41.86016;-1;2;Autovettura privata;In marcia / fermata / arresto;Conducente;M;Illeso;0;;Non accertato;Inesploso
3626373;6;05/01/2018 08:10;Strada Urbana;VIA DINO PENAZZATO;in prossimità;;del civico n.;76;;Scontro laterale fra veicoli in marcia;Rettilineo;Una carreggiata a doppio senso;Asciutto;Asfaltata;Orizzontale;Sereno;Normale;Buona;Ore Diurne;0;0;0;2;12.56579;41.89832;-1;1;Autocarro inferiore 35 q.;In marcia / fermata / arresto;Conducente;M;Illeso;0;;Non accertato;Inesploso
3626373;6;05/01/2018 08:10;Strada Urbana;VIA DINO PENAZZATO;in prossimità;;del civico n.;76;;Scontro laterale fra veicoli in marcia;Rettilineo;Una carreggiata a doppio senso;Asciutto;Asfaltata;Orizzontale;Sereno;Normale;Buona;Ore Diurne;0;0;0;2;12.56579;41.89832;-1;2;Autovettura privata;In marcia / fermata / arresto;Conducente;M;Illeso;0;;Non accertato;Inesploso
3626384;8;04/01/2018 11:00;;VIA PRENESTINA;in prossimità;;della chilometrica;15.5;;Tamponamento;;;;;;;;;;1;0;0;1;12.61059;41.89346;0;1;Autovettura privata;In marcia / fermata / arresto;Conducente;F;Rimandato;0;NON DECEDUTO;Non accertato;Inesploso
3626384;8;04/01/2018 11:00;;VIA PRENESTINA;in prossimità;;della chilometrica;15.5;;Tamponamento;;;;;;;;;;1;0;0;1;12.61059;41.89346;0;2;Autovettura privata;In marcia / fermata / arresto;Conducente;M;Illeso;0;;Non accertato;Inesploso
3626387;8;04/01/2018 14:30;Strada Urbana;VIA CALTAGIRONE;da specificare;;;;prossimità via U. GIOVANOZZI;Veicolo in marcia contro veicoli in sosta;Rettilineo;Due carreggiate;Asciutto;Asfaltata;Assente;Sereno;Scarso;Buona;Ore Diurne;0;0;0;2;12.65498;41.90911;-1;1;Autovettura pubblica;In marcia / fermata / arresto;Conducente;M;Illeso;0;;Non accertato;Inesploso
3626387;8;04/01/2018 14:30;Strada Urbana;VIA CALTAGIRONE;da specificare;;;;prossimità via U. GIOVANOZZI;Veicolo in marcia contro veicoli in sosta;Rettilineo;Due carreggiate;Asciutto;Asfaltata;Assente;Sereno;Scarso;Buona;Ore Diurne;0;0;0;2;12.65498;41.90911;-1;2;Autocarro inferiore 35 q.;In marcia / fermata / arresto;Conducente;M;Illeso;0;;Non accertato;Inesploso
3626390;8;04/01/2018 16:30;Strada Urbana;VIA GIOVANNI SILVESTRI;da specificare;;;;area di parcheggio adiacente al civico 31;Veicolo in marcia contro veicolo in sosta;Rettilineo;Una carreggiata a doppio senso;Asciutto;Sterrata;Assente;Sereno;Normale;Buona;Ore Diurne;0;0;0;1;12.61582;41.84834;-1;1;Autovettura privata;In marcia / fermata / arresto;Conducente;F;Illeso;0;;Non accertato;Inesploso
3626394;8;04/01/2018 19:30;Strada Urbana;VIA MISILMERI;all'intersezione con;VIA PORTO EMPEDOCLE;VIA PORTO EMPEDOCLE;;;Scontro frontale/laterale DX fra veicoli in marcia;Intersezione stradale segnalata;Una carreggiata a senso unico di marcia;Bagnato (pioggia);Asfaltata;Verticale ed orizzontale;Nuvoloso;Normale;Sufficiente;Sufficiente;1;0;0;0;12.67271;41.8614;-1;1;Autovettura privata;In marcia / fermata / arresto;Conducente;M;Rifiuta cure immediate;0;NON DECEDUTO;Non accertato;
3626440;7;04/01/2018 20:00;Strada Urbana;VIALE DUILIO CAMBELLOTTI;all'intersezione con;VIA VICO VIGANO';VIA VICO VIGANO';;;Veicolo in marcia contro ostacolo fisso;Incrocio;Due carreggiate;Asciutto;Asfaltata;Verticale ed orizzontale;Sereno;Normale;Buona;Sufficiente;1;0;0;0;12.62963;41.86736;-1;1;Autovettura privata;In marcia / fermata / arresto;Conducente;M;Rimandato;0;NON DECEDUTO;Non accertato;Inesploso
3626449;20;05/01/2018 09:30;Strada Urbana;VIA FLAMINIA;in prossimità;;del civico n.;1178\a;;Veicolo in marcia contro veicolo fermo;Rettilineo;Una carreggiata a doppio senso;Bagnato (umidità in atto);Asfaltata;Orizzontale;Sereno;Normale;Buona;Ore Diurne;0;0;0;3;12.49602;41.99527;-1;1;Autovettura privata;In marcia / fermata / arresto;Conducente;M;Illeso;0;;Non accertato;Inesploso
3626449;20;05/01/2018 09:30;Strada Urbana;VIA FLAMINIA;in prossimità;;del civico n.;1178\a;;Veicolo in marcia contro veicolo fermo;Rettilineo;Una carreggiata a doppio senso;Bagnato (umidità in atto);Asfaltata;Orizzontale;Sereno;Normale;Buona;Ore Diurne;0;0;0;3;12.49602;41.99527;-1;1;Autovettura privata;In marcia / fermata / arresto;Passeggero;F;Illeso;0;;Non accertato;Inesploso
3626449;20;05/01/2018 09:30;Strada Urbana;VIA FLAMINIA;in prossimità;;del civico n.;1178\a;;Veicolo in marcia contro veicolo fermo;Rettilineo;Una carreggiata a doppio senso;Bagnato (umidità in atto);Asfaltata;Orizzontale;Sereno;Normale;Buona;Ore Diurne;0;0;0;3;12.49602;41.99527;-1;2;Autovettura privata;In marcia / fermata / arresto;Conducente;M;Illeso;0;;Non accertato;Inesploso
3626498;7;04/01/2018 06:40;Strada Urbana;VIA DI TOR TRE TESTE;all'intersezione con;VIALE DELLA BELLA VILLA;VIALE DELLA BELLA VILLA;;;Veicolo in marcia contro ostacolo accidentale;Intersezione stradale segnalata;Una carreggiata a doppio senso;Asciutto;Asfaltata;Orizzontale;Sereno;Normale;Buona;Ore Diurne;0;0;0;2;12.58648;41.87355;-1;1;Autovettura di polizia;In marcia / fermata / arresto;Conducente;M;Illeso;0;;;
3626498;7;04/01/2018 06:40;Strada Urbana;VIA DI TOR TRE TESTE;all'intersezione con;VIALE DELLA BELLA VILLA;VIALE DELLA BELLA VILLA;;;Veicolo in marcia contro ostacolo accidentale;Intersezione stradale segnalata;Una carreggiata a doppio senso;Asciutto;Asfaltata;Orizzontale;Sereno;Normale;Buona;Ore Diurne;0;0;0;2;12.58648;41.87355;-1;1;Autovettura di polizia;In marcia / fermata / arresto;Passeggero;M;Illeso;0;;;
3626573;2;04/01/2018 19:40;Strada Urbana;VIALE DEL MURO TORTO;in corrispondenza;;del palo luce n.;35;;Scontro laterale fra veicoli in marcia;Rettilineo;Due carreggiate;Asciutto;Asfaltata;Verticale ed orizzontale;Sereno;Normale;Buona;Sufficiente;1;0;0;1;12.48164;41.9108;-1;1;Motociclo a solo;In marcia / fermata / arresto;Conducente;F;Rimandato;0;NON DECEDUTO;Non accertato;
3626573;2;04/01/2018 19:40;Strada Urbana;VIALE DEL MURO TORTO;in corrispondenza;;del palo luce n.;35;;Scontro laterale fra veicoli in marcia;Rettilineo;Due carreggiate;Asciutto;Asfaltata;Verticale ed orizzontale;Sereno;Normale;Buona;Sufficiente;1;0;0;1;12.48164;41.9108;-1;2;Motociclo a solo;In marcia / fermata / arresto;Conducente;M;Illeso;0;;Non accertato;
3626590;13;05/01/2018 11:30;Strada Urbana;VIA DI MACCHIA SAPONARA;all'intersezione con;VIA AMEDEO BOCCHI;VIA AMEDEO BOCCHI;;;Scontro laterale fra veicoli in marcia;Incrocio;Una carreggiata a doppio senso;Asciutto;Asfaltata;Assente;Sereno;Scarso;Buona;Ore Diurne;0;0;0;2;12.35762;41.76749;-1;1;Autovettura privata;In marcia / fermata / arresto;Conducente;M;Illeso;0;;Non accertato;Inesploso
3626590;13;05/01/2018 11:30;Strada Urbana;VIA DI MACCHIA SAPONARA;all'intersezione con;VIA AMEDEO BOCCHI;VIA AMEDEO BOCCHI;;;Scontro laterale fra veicoli in marcia;Incrocio;Una carreggiata a doppio senso;Asciutto;Asfaltata;Assente;Sereno;Scarso;Buona;Ore Diurne;0;0;0;2;12.35762;41.76749;-1;2;Autovettura privata;In marcia / fermata / arresto;Conducente;F;Illeso;0;;Non accertato;Inesploso
3626611;13;04/01/2018 11:30;Strada Urbana;LUNGOMARE LUTAZIO CATULO;in prossimità;;del civico n.;6;;Tamponamento;Rettilineo;Due carreggiate;Asciutto;Asfaltata;Verticale ed orizzontale;Sereno;Normale;Buona;Ore Diurne;0;0;0;2;12.31014;41.71663;-1;1;Autovettura privata;In marcia / fermata / arresto;Conducente;F;Illeso;0;;Non accertato;
3626611;13;04/01/2018 11:30;Strada Urbana;LUNGOMARE LUTAZIO CATULO;in prossimità;;del civico n.;6;;Tamponamento;Rettilineo;Due carreggiate;Asciutto;Asfaltata;Verticale ed orizzontale;Sereno;Normale;Buona;Ore Diurne;0;0;0;2;12.31014;41.71663;-1;2;Autovettura privata;In marcia / fermata / arresto;Conducente;M;Illeso;0;;Non accertato;
3626657;4;05/01/2018 08:05;Strada Urbana;VIADOTTO GIUSEPPE SARAGAT;da specificare;;;;Rampa, (direzione via Fucini)- (Via Altagnana);Investimento di pedone;Rettilineo;Due carreggiate;Bagnato (umidità in atto);Con buche;Verticale;Nuvoloso;Scarso;Buona;Ore Diurne;0;1;0;1;12.51542;41.9785;-1;;;;Pedone;M;Prognosi riservata;0;NON DECEDUTO;;
3626657;4;05/01/2018 08:05;Strada Urbana;VIADOTTO GIUSEPPE SARAGAT;da specificare;;;;Rampa, (direzione via Fucini)- (Via Altagnana);Investimento di pedone;Rettilineo;Due carreggiate;Bagnato (umidità in atto);Con buche;Verticale;Nuvoloso;Scarso;Buona;Ore Diurne;0;1;0;1;12.51542;41.9785;-1;1;Autovettura privata;In marcia / fermata / arresto;Conducente;M;Illeso;0;;Non accertato;
3626753;2;04/01/2018 11:00;Strada Urbana;VIA GIOVANNI ALDEGA;da specificare;;;;altezza VIA PAISIELLO;Scontro laterale fra veicoli in marcia;Rettilineo;Due carreggiate;Asciutto;Asfaltata;Verticale ed orizzontale;Sereno;Scarso;Buona;Ore Diurne;0;0;0;3;12.49413;41.91677;-1;1;Autovettura privata;In marcia / fermata / arresto;Conducente;M;Illeso;0;;Non accertato;Inesploso
3626753;2;04/01/2018 11:00;Strada Urbana;VIA GIOVANNI ALDEGA;da specificare;;;;altezza VIA PAISIELLO;Scontro laterale fra veicoli in marcia;Rettilineo;Due carreggiate;Asciutto;Asfaltata;Verticale ed orizzontale;Sereno;Scarso;Buona;Ore Diurne;0;0;0;3;12.49413;41.91677;-1;1;Autovettura privata;In marcia / fermata / arresto;Passeggero;F;Illeso;0;;Non accertato;Inesploso
3626753;2;04/01/2018 11:00;Strada Urbana;VIA GIOVANNI ALDEGA;da specificare;;;;altezza VIA PAISIELLO;Scontro laterale fra veicoli in marcia;Rettilineo;Due carreggiate;Asciutto;Asfaltata;Verticale ed orizzontale;Sereno;Scarso;Buona;Ore Diurne;0;0;0;3;12.49413;41.91677;-1;2;Autovettura privata;In marcia / fermata / arresto;Conducente;M;Illeso;0;;Non accertato;Inesploso
3626780;20;05/01/2018 13:00;Strada Urbana;VIA MONTEROSI;da specificare;;;;prossimità via Valdagno;Veicolo in marcia contro veicolo in sosta;Rettilineo;Una carreggiata a doppio senso;Asciutto;Asfaltata;Verticale ed orizzontale;Sereno;Scarso;Buona;Ore Diurne;0;0;0;1;12.47575;41.95034;-1;1;Autovettura privata;In marcia / fermata / arresto;Conducente;F;Illeso;0;;;
3626823;10;05/01/2018 13:50;Strada Urbana;VIA ANAGNINA;da specificare;;;;dir. fuori Roma a metri 10 dal ponte GRA;Scontro laterale fra veicoli in marcia;Rettilineo;Una carreggiata a senso unico di marcia;Asciutto;Asfaltata;Verticale ed orizzontale;Sereno;Normale;Sufficiente;Ore Diurne;1;0;0;1;12.5899;41.83823;-1;1;Autovettura privata;In marcia / fermata / arresto;Conducente;M;Rimandato;0;NON DECEDUTO;;
3626823;10;05/01/2018 13:50;Strada Urbana;VIA ANAGNINA;da specificare;;;;dir. fuori Roma a metri 10 dal ponte GRA;Scontro laterale fra veicoli in marcia;Rettilineo;Una carreggiata a senso unico di marcia;Asciutto;Asfaltata;Verticale ed orizzontale;Sereno;Normale;Sufficiente;Ore Diurne;1;0;0;1;12.5899;41.83823;-1;2;Autovettura privata;In marcia / fermata / arresto;Conducente;M;Illeso;0;;Non accertato;Inesploso
3626857;17;04/01/2018 17:25;Strada Urbana;VIA DI BOCCEA;in prossimità;;del civico n.;627;;Tamponamento;Rettilineo;Una carreggiata a doppio senso;Asciutto;Asfaltata;Verticale ed orizzontale;Sereno;Normale;Buona;Sufficiente;0;0;0;3;12.37633;41.92017;-1;1;Autovettura privata;In marcia / fermata / arresto;Conducente;M;Illeso;0;;;
3626857;17;04/01/2018 17:25;Strada Urbana;VIA DI BOCCEA;in prossimità;;del civico n.;627;;Tamponamento;Rettilineo;Una carreggiata a doppio senso;Asciutto;Asfaltata;Verticale ed orizzontale;Sereno;Normale;Buona;Sufficiente;0;0;0;3;12.37633;41.92017;-1;1;Autovettura privata;In marcia / fermata / arresto;Passeggero;M;Illeso;0;;;
3626857;17;04/01/2018 17:25;Strada Urbana;VIA DI BOCCEA;in prossimità;;del civico n.;627;;Tamponamento;Rettilineo;Una carreggiata a doppio senso;Asciutto;Asfaltata;Verticale ed orizzontale;Sereno;Normale;Buona;Sufficiente;0;0;0;3;12.37633;41.92017;-1;2;Autovettura privata;In marcia / fermata / arresto;Conducente;M;Illeso;0;;;
3626916;17;04/01/2018 19:45;Strada Urbana;VIA DI CASALOTTI;in prossimità;;del civico n.;149/A;;Tamponamento Multiplo;Rettilineo;Una carreggiata a doppio senso;Asciutto;Asfaltata;Orizzontale;Sereno;Normale;Buona;Sufficiente;1;0;0;3;12.36901;41.91577;-1;1;Autovettura privata;In marcia / fermata / arresto;Conducente;F;Illeso;0;;;
3626916;17;04/01/2018 19:45;Strada Urbana;VIA DI CASALOTTI;in prossimità;;del civico n.;149/A;;Tamponamento Multiplo;Rettilineo;Una carreggiata a doppio senso;Asciutto;Asfaltata;Orizzontale;Sereno;Normale;Buona;Sufficiente;1;0;0;3;12.36901;41.91577;-1;1;Autovettura privata;In marcia / fermata / arresto;Passeggero;M;Illeso;0;;;
3626916;17;04/01/2018 19:45;Strada Urbana;VIA DI CASALOTTI;in prossimità;;del civico n.;149/A;;Tamponamento Multiplo;Rettilineo;Una carreggiata a doppio senso;Asciutto;Asfaltata;Orizzontale;Sereno;Normale;Buona;Sufficiente;1;0;0;3;12.36901;41.91577;-1;2;Autovettura privata;In marcia / fermata / arresto;Conducente;M;Rimandato;0;NON DECEDUTO;;
3626916;17;04/01/2018 19:45;Strada Urbana;VIA DI CASALOTTI;in prossimità;;del civico n.;149/A;;Tamponamento Multiplo;Rettilineo;Una carreggiata a doppio senso;Asciutto;Asfaltata;Orizzontale;Sereno;Normale;Buona;Sufficiente;1;0;0;3;12.36901;41.91577;-1;3;Autovettura privata;In marcia / fermata / arresto;Conducente;F;Illeso;0;;;
3626926;12;05/01/2018 13:05;Strada Urbana;VIA DI MEZZOCAMMINO;in corrispondenza;;del civico n.;258;;Tamponamento;Rettilineo;Una carreggiata a doppio senso;Asciutto;Asfaltata;Verticale ed orizzontale;Sereno;Normale;Buona;Ore Diurne;0;0;0;2;12.43352;41.78636;-1;1;Autovettura privata;In marcia / fermata / arresto;Conducente;F;Illeso;0;;Utilizzato;Inesploso
3626926;12;05/01/2018 13:05;Strada Urbana;VIA DI MEZZOCAMMINO;in corrispondenza;;del civico n.;258;;Tamponamento;Rettilineo;Una carreggiata a doppio senso;Asciutto;Asfaltata;Verticale ed orizzontale;Sereno;Normale;Buona;Ore Diurne;0;0;0;2;12.43352;41.78636;-1;2;Autovettura privata;In marcia / fermata / arresto;Conducente;M;Illeso;0;;Utilizzato;Inesploso
3627013;20;05/01/2018 16:40;Strada Urbana;VIA TRIONFALE;in prossimità;;del civico n.;14079;;Tamponamento;Rettilineo;Una carreggiata a senso unico di marcia;Asciutto;Asfaltata;Verticale ed orizzontale;Sereno;Normale;Buona;Ore Diurne;0;0;0;2;12.40699;41.98409;-1;1;Autovettura privata;In marcia / fermata / arresto;Conducente;M;Illeso;0;;Non accertato;
3627013;20;05/01/2018 16:40;Strada Urbana;VIA TRIONFALE;in prossimità;;del civico n.;14079;;Tamponamento;Rettilineo;Una carreggiata a senso unico di marcia;Asciutto;Asfaltata;Verticale ed orizzontale;Sereno;Normale;Buona;Ore Diurne;0;0;0;2;12.40699;41.98409;-1;2;Autovettura privata;In marcia / fermata / arresto;Conducente;M;Illeso;0;;;
3627016;17;04/01/2018 23:10;Strada Urbana;VIA GERMANICO;all'intersezione con;VIA FABIO MASSIMO;VIA FABIO MASSIMO;;;Scontro frontale/laterale DX fra veicoli in marcia;Intersezione stradale segnalata;Due carreggiate;Asciutto;Asfaltata;Verticale ed orizzontale;Sereno;Scarso;Sufficiente;Sufficiente;0;0;0;5;12.46026;41.90834;0;1;Autovettura privata;In marcia / fermata / arresto;Conducente;F;Illeso;0;;;
3627016;17;04/01/2018 23:10;Strada Urbana;VIA GERMANICO;all'intersezione con;VIA FABIO MASSIMO;VIA FABIO MASSIMO;;;Scontro frontale/laterale DX fra veicoli in marcia;Intersezione stradale segnalata;Due carreggiate;Asciutto;Asfaltata;Verticale ed orizzontale;Sereno;Scarso;Sufficiente;Sufficiente;0;0;0;5;12.46026;41.90834;0;1;Autovettura privata;In marcia / fermata / arresto;Passeggero;F;Illeso;0;;;
3627016;17;04/01/2018 23:10;Strada Urbana;VIA GERMANICO;all'intersezione con;VIA FABIO MASSIMO;VIA FABIO MASSIMO;;;Scontro frontale/laterale DX fra veicoli in marcia;Intersezione stradale segnalata;Due carreggiate;Asciutto;Asfaltata;Verticale ed orizzontale;Sereno;Scarso;Sufficiente;Sufficiente;0;0;0;5;12.46026;41.90834;0;2;Autovettura privata;In marcia / fermata / arresto;Conducente;M;Illeso;0;;;
3627016;17;04/01/2018 23:10;Strada Urbana;VIA GERMANICO;all'intersezione con;VIA FABIO MASSIMO;VIA FABIO MASSIMO;;;Scontro frontale/laterale DX fra veicoli in marcia;Intersezione stradale segnalata;Due carreggiate;Asciutto;Asfaltata;Verticale ed orizzontale;Sereno;Scarso;Sufficiente;Sufficiente;0;0;0;5;12.46026;41.90834;0;2;Autovettura privata;In marcia / fermata / arresto;Passeggero;M;Illeso;0;;;
3627016;17;04/01/2018 23:10;Strada Urbana;VIA GERMANICO;all'intersezione con;VIA FABIO MASSIMO;VIA FABIO MASSIMO;;;Scontro frontale/laterale DX fra veicoli in marcia;Intersezione stradale segnalata;Due carreggiate;Asciutto;Asfaltata;Verticale ed orizzontale;Sereno;Scarso;Sufficiente;Sufficiente;0;0;0;5;12.46026;41.90834;0;2;Autovettura privata;In marcia / fermata / arresto;Passeggero;M;Illeso;0;;;
3627019;2;05/01/2018 13:45;Strada Urbana;VIA DEL FORO ITALICO;da specificare;;;;dir. via di Tor di Quinto alt. ponte fiume Tevere;Veicolo in marcia contro ostacolo accidentale;Rettilineo;Due carreggiate;Asciutto;Asfaltata;Orizzontale;Sereno;Scarso;Buona;Ore Diurne;0;0;0;2;12.48375;41.93991;-1;1;Autovettura privata;In marcia / fermata / arresto;Conducente;F;Illeso;0;;Non accertato;Inesploso
3627019;2;05/01/2018 13:45;Strada Urbana;VIA DEL FORO ITALICO;da specificare;;;;dir. via di Tor di Quinto alt. ponte fiume Tevere;Veicolo in marcia contro ostacolo accidentale;Rettilineo;Due carreggiate;Asciutto;Asfaltata;Orizzontale;Sereno;Scarso;Buona;Ore Diurne;0;0;0;2;12.48375;41.93991;-1;1;Autovettura privata;In marcia / fermata / arresto;Passeggero;F;Illeso;0;;Non accertato;Inesploso
3627038;3;05/01/2018 09:00;Strada Urbana;VIALE DELL'UNIVERSITA';in prossimità;;del civico n.;18;;Scontro laterale fra veicoli in marcia;Rettilineo;Due carreggiate;Asciutto;Asfaltata;Verticale ed orizzontale;Sereno;Scarso;Buona;Ore Diurne;1;0;0;1;12.50997;41.90369;-1;1;Motociclo a solo;In marcia / fermata / arresto;Conducente;M;Rifiuta cure immediate;0;NON DECEDUTO;Non accertato;
3627038;3;05/01/2018 09:00;Strada Urbana;VIALE DELL'UNIVERSITA';in prossimità;;del civico n.;18;;Scontro laterale fra veicoli in marcia;Rettilineo;Due carreggiate;Asciutto;Asfaltata;Verticale ed orizzontale;Sereno;Scarso;Buona;Ore Diurne;1;0;0;1;12.50997;41.90369;-1;2;Autovettura privata;In marcia / fermata / arresto;Conducente;M;Illeso;0;;Non accertato;Inesploso
3627057;1;05/01/2018 12:30;Strada Urbana;VIA CERNAIA;in prossimità;;del civico n.;9;;Veicolo in marcia contro veicolo in sosta;Rettilineo;Una carreggiata a senso unico di marcia;Asciutto;Asfaltata;Verticale ed orizzontale;Sereno;Normale;Buona;Ore Diurne;1;0;0;0;12.49716;41.90438;-1;1;Motociclo a solo;In marcia / fermata / arresto;Conducente;M;Rimandato;0;NON DECEDUTO;Utilizzato;
3627073;17;05/01/2018 13:00;Strada Urbana;VIA FRANCESCO CARACCIOLO;in corrispondenza;;del civico n.;24;;Veicolo in marcia contro ostacolo accidentale;Rettilineo;Una carreggiata a senso unico di marcia;Asciutto;Asfaltata;Verticale ed orizzontale;Sereno;Scarso;Buona;Ore Diurne;0;0;0;5;12.45203;41.90869;-1;1;Autovettura privata;In marcia / fermata / arresto;Conducente;F;Illeso;0;;;
3627073;17;05/01/2018 13:00;Strada Urbana;VIA FRANCESCO CARACCIOLO;in corrispondenza;;del civico n.;24;;Veicolo in marcia contro ostacolo accidentale;Rettilineo;Una carreggiata a senso unico di marcia;Asciutto;Asfaltata;Verticale ed orizzontale;Sereno;Scarso;Buona;Ore Diurne;0;0;0;5;12.45203;41.90869;-1;1;Autovettura privata;In marcia / fermata / arresto;Passeggero;F;Illeso;0;;;
3627073;17;05/01/2018 13:00;Strada Urbana;VIA FRANCESCO CARACCIOLO;in corrispondenza;;del civico n.;24;;Veicolo in marcia contro ostacolo accidentale;Rettilineo;Una carreggiata a senso unico di marcia;Asciutto;Asfaltata;Verticale ed orizzontale;Sereno;Scarso;Buona;Ore Diurne;0;0;0;5;12.45203;41.90869;-1;2;Autovettura privata;In marcia / fermata / arresto;Conducente;F;Illeso;0;;;
3627073;17;05/01/2018 13:00;Strada Urbana;VIA FRANCESCO CARACCIOLO;in corrispondenza;;del civico n.;24;;Veicolo in marcia contro ostacolo accidentale;Rettilineo;Una carreggiata a senso unico di marcia;Asciutto;Asfaltata;Verticale ed orizzontale;Sereno;Scarso;Buona;Ore Diurne;0;0;0;5;12.45203;41.90869;-1;2;Autovettura privata;In marcia / fermata / arresto;Passeggero;F;Illeso;0;;;
3627073;17;05/01/2018 13:00;Strada Urbana;VIA FRANCESCO CARACCIOLO;in corrispondenza;;del civico n.;24;;Veicolo in marcia contro ostacolo accidentale;Rettilineo;Una carreggiata a senso unico di marcia;Asciutto;Asfaltata;Verticale ed orizzontale;Sereno;Scarso;Buona;Ore Diurne;0;0;0;5;12.45203;41.90869;-1;2;Autovettura privata;In marcia / fermata / arresto;Passeggero;F;Illeso;0;;;
3627078;1;03/01/2018 16:15;Strada Urbana;VIA LEOPARDI;in prossimità;;del civico n.;24;;Veicolo in marcia contro veicolo in sosta;Rettilineo;Una carreggiata a senso unico di marcia;Asciutto;Asfaltata;Verticale ed orizzontale;Sereno;Scarso;Buona;Ore Diurne;0;0;0;1;12.50177;41.89426;-1;1;Autocarro inferiore 35 q.;In marcia / fermata / arresto;Conducente;M;Illeso;0;;Non accertato;
3627101;12;05/01/2018 16:30;Strada Urbana;VIALE DELL'OCEANO PACIFICO;da specificare;;;;altezza fronte civico 24;Scontro frontale/laterale DX fra veicoli in marcia;Rettilineo;Una carreggiata a doppio senso;Asciutto;Asfaltata;Verticale ed orizzontale;Sereno;Intenso;Buona;Ore Diurne;1;0;0;2;12.4592;41.82197;-1;1;Autovettura privata;In marcia / fermata / arresto;Conducente;M;Illeso;0;;Utilizzato;Inesploso
3627101;12;05/01/2018 16:30;Strada Urbana;VIALE DELL'OCEANO PACIFICO;da specificare;;;;altezza fronte civico 24;Scontro frontale/laterale DX fra veicoli in marcia;Rettilineo;Una carreggiata a doppio senso;Asciutto;Asfaltata;Verticale ed orizzontale;Sereno;Intenso;Buona;Ore Diurne;1;0;0;2;12.4592;41.82197;-1;1;Autovettura privata;In marcia / fermata / arresto;Passeggero;M;Illeso;0;;Non accertato;Inesploso