Protocollo;Gruppo;DataOraIncidente;Localizzazione1;STRADA1;Localizzazione2;STRADA2;Strada02;Chilometrica;DaSpecificare;NaturaIncidente;particolaritastrade;TipoStrada;FondoStradale;Pavimentazione;Segnaletica;CondizioneAtmosferica;Traffico;Visibilita;Illuminazione;NUM_FERITI;NUM_RISERVATA;NUM_MORTI;NUM_ILLESI;Longitudine;Latitudine;Confermato;Progressivo;TipoVeicolo;StatoVeicolo;TipoPersona;Sesso;Tipolesione;Deceduto;DecedutoDopo;CinturaCascoUtilizzato;Airbag
3628453;1;06/01/2018 13:50;Strada Urbana;VIA DI S. MARIA IN VIA;in prossimità;;del civico n.;2;;Investimento di pedone;Rettilineo;Una carreggiata a senso unico di marcia;Asciutto;In cubetti di porfido;Verticale ed orizzontale;Sereno;Normale;Buona;Ore Diurne;1;0;0;2;12.48138;41.9015;-1;;;;Pedone;M;Illeso;0;;;
3628453;1;06/01/2018 13:50;Strada Urbana;VIA DI S. MARIA IN VIA;in prossimità;;del civico n.;2;;Investimento di pedone;Rettilineo;Una carreggiata a senso unico di marcia;Asciutto;In cubetti di porfido;Verticale ed orizzontale;Sereno;Normale;Buona;Ore Diurne;1;0;0;2;12.48138;41.9015;-1;;;;Pedone;F;Rimandato;0;NON DECEDUTO;;
3628453;1;06/01/2018 13:50;Strada Urbana;VIA DI S. MARIA IN VIA;in prossimità;;del civico n.;2;;Investimento di pedone;Rettilineo;Una carreggiata a senso unico di marcia;Asciutto;In cubetti di porfido;Verticale ed orizzontale;Sereno;Normale;Buona;Ore Diurne;1;0;0;2;12.48138;41.9015;-1;1;Autovettura privata;In marcia / fermata / arresto;Conducente;M;Illeso;0;;Non accertato;Inesploso
3628591;6;07/01/2018 01:35;Strada Urbana;Tangenziale Est;da specificare;;;;svincolo Tiburtina Camesena;Tamponamento;Rettilineo;Una carreggiata a senso unico di marcia;Asciutto;Asfaltata;Verticale ed orizzontale;Sereno;Scarso;Buona;Sufficiente;0;0;0;3;12.53385;41.9083;-1;1;Autovettura privata;In marcia / fermata / arresto;Conducente;F;Illeso;0;;;
3628591;6;07/01/2018 01:35;Strada Urbana;Tangenziale Est;da specificare;;;;svincolo Tiburtina Camesena;Tamponamento;Rettilineo;Una carreggiata a senso unico di marcia;Asciutto;Asfaltata;Verticale ed orizzontale;Sereno;Scarso;Buona;Sufficiente;0;0;0;3;12.53385;41.9083;-1;2;Autovettura privata;In marcia / fermata / arresto;Conducente;M;Illeso;0;;;
3628591;6;07/01/2018 01:35;Strada Urbana;Tangenziale Est;da specificare;;;;svincolo Tiburtina Camesena;Tamponamento;Rettilineo;Una carreggiata a senso unico di marcia;Asciutto;Asfaltata;Verticale ed orizzontale;Sereno;Scarso;Buona;Sufficiente;0;0;0;3;12.53385;41.9083;-1;2;Autovettura privata;In marcia / fermata / arresto;Passeggero;F;Illeso;0;;;
3628595;6;07/01/2018 12:40;Strada Urbana;VIA CHERSO;in prossimità;;del civico n.;104;;Scontro laterale fra veicoli in marcia;Rettilineo;Una carreggiata a doppio senso;Asciutto;Asfaltata;Verticale ed orizzontale;Nuvoloso;Normale;Buona;Ore Diurne;0;0;0;4;12.56001;41.89599;-1;1;Autovettura privata;In marcia / fermata / arresto;Conducente;F;Illeso;0;;;
3628595;6;07/01/2018 12:40;Strada Urbana;VIA CHERSO;in prossimità;;del civico n.;104;;Scontro laterale fra veicoli in marcia;Rettilineo;Una carreggiata a doppio senso;Asciutto;Asfaltata;Verticale ed orizzontale;Nuvoloso;Normale;Buona;Ore Diurne;0;0;0;4;12.56001;41.89599;-1;2;Autovettura privata;In marcia / fermata / arresto;Conducente;F;Illeso;0;;;
3628595;6;07/01/2018 12:40;Strada Urbana;VIA CHERSO;in prossimità;;del civico n.;104;;Scontro laterale fra veicoli in marcia;Rettilineo;Una carreggiata a doppio senso;Asciutto;Asfaltata;Verticale ed orizzontale;Nuvoloso;Normale;Buona;Ore Diurne;0;0;0;4;12.56001;41.89599;-1;2;Autovettura privata;In marcia / fermata / arresto;Passeggero;M;Illeso;0;;;
3628595;6;07/01/2018 12:40;Strada Urbana;VIA CHERSO;in prossimità;;del civico n.;104;;Scontro laterale fra veicoli in marcia;Rettilineo;Una carreggiata a doppio senso;Asciutto;Asfaltata;Verticale ed orizzontale;Nuvoloso;Normale;Buona;Ore Diurne;0;0;0;4;12.56001;41.89599;-1;2;Autovettura privata;In marcia / fermata / arresto;Passeggero;M;Illeso;0;;;
3628741;12;05/01/2018 18:20;Strada Urbana;VIA DI MEZZOCAMMINO;all'intersezione semaforizzata con;VIALE DEGLI EROI DI RODI;VIALE DEGLI EROI DI RODI;;;Scontro frontale fra veicoli in marcia;Intersezione semaforizzata;Una carreggiata a doppio senso;Asciutto;Asfaltata;Verticale ed orizzontale;Sereno;Normale;Buona;Sufficiente;0;0;0;2;12.43488;41.78785;-1;1;Autovettura privata;In marcia / fermata / arresto;Conducente;M;Illeso;0;;Utilizzato;Inesploso
3628741;12;05/01/2018 18:20;Strada Urbana;VIA DI MEZZOCAMMINO;all'intersezione semaforizzata con;VIALE DEGLI EROI DI RODI;VIALE DEGLI EROI DI RODI;;;Scontro frontale fra veicoli in marcia;Intersezione semaforizzata;Una carreggiata a doppio senso;Asciutto;Asfaltata;Verticale ed orizzontale;Sereno;Normale;Buona;Sufficiente;0;0;0;2;12.43488;41.78785;-1;2;Autovettura privata;In marcia / fermata / arresto;Conducente;M;Illeso;0;;Utilizzato;Inesploso
3628798;6;07/01/2018 17:50;Strada Urbana;VIALE DELL'ACQUEDOTTO ALESSANDRINO;all'intersezione con;VIA DI TOR PIGNATTARA;VIA DI TOR PIGNATTARA;;;Scontro frontale/laterale DX fra veicoli in marcia;Incrocio;Una carreggiata a senso unico di marcia;Asciutto;Asfaltata;Verticale;Nuvoloso;Normale;Sufficiente;Sufficiente;0;0;0;2;12.54148;41.87559;-1;1;Autovettura privata;In marcia / fermata / arresto;Conducente;M;Illeso;0;;;
3628798;6;07/01/2018 17:50;Strada Urbana;VIALE DELL'ACQUEDOTTO ALESSANDRINO;all'intersezione con;VIA DI TOR PIGNATTARA;VIA DI TOR PIGNATTARA;;;Scontro frontale/laterale DX fra veicoli in marcia;Incrocio;Una carreggiata a senso unico di marcia;Asciutto;Asfaltata;Verticale;Nuvoloso;Normale;Sufficiente;Sufficiente;0;0;0;2;12.54148;41.87559;-1;2;Autovettura privata;In marcia / fermata / arresto;Conducente;F;Illeso;0;;;
3628845;9;06/01/2018 09:15;Strada Urbana;VIA MONZA;da specificare;;;;fronte civico 9;Scontro laterale fra veicoli in marcia;Rettilineo;Una carreggiata a doppio senso;Asciutto;Asfaltata;Verticale ed orizzontale;Sereno;Normale;Buona;Ore Diurne;0;0;0;2;12.51532;41.88546;-1;1;Autovettura privata;In marcia / fermata / arresto;Conducente;M;Illeso;0;;Non accertato;Inesploso
3628845;9;06/01/2018 09:15;Strada Urbana;VIA MONZA;da specificare;;;;fronte civico 9;Scontro laterale fra veicoli in marcia;Rettilineo;Una carreggiata a doppio senso;Asciutto;Asfaltata;Verticale ed orizzontale;Sereno;Normale;Buona;Ore Diurne;0;0;0;2;12.51532;41.88546;-1;2;Autovettura privata;In marcia / fermata / arresto;Conducente;M;Illeso;0;;Non accertato;Inesploso
3628851;9;06/01/2018 14:00;Strada Urbana;VIA TARANTO;all'intersezione semaforizzata con;VIA ORVIETO;VIA ORVIETO;;;Scontro frontale/laterale DX fra veicoli in marcia;Intersezione semaforizzata;Una carreggiata a doppio senso;Asciutto;Asfaltata;Verticale ed orizzontale;Sereno;Normale;Buona;Ore Diurne;2;0;0;1;12.51721;41.88401;-1;1;Autovettura privata;In marcia / fermata / arresto;Conducente;M;Illeso;0;;Non accertato;Inesploso
3628851;9;06/01/2018 14:00;Strada Urbana;VIA TARANTO;all'intersezione semaforizzata con;VIA ORVIETO;VIA ORVIETO;;;Scontro frontale/laterale DX fra veicoli in marcia;Intersezione semaforizzata;Una carreggiata a doppio senso;Asciutto;Asfaltata;Verticale ed orizzontale;Sereno;Normale;Buona;Ore Diurne;2;0;0;1;12.51721;41.88401;-1;1;Autovettura privata;In marcia / fermata / arresto;Passeggero;F;Rimandato;0;NON DECEDUTO;Non accertato;Inesploso
3628851;9;06/01/2018 14:00;Strada Urbana;VIA TARANTO;all'intersezione semaforizzata con;VIA ORVIETO;VIA ORVIETO;;;Scontro frontale/laterale DX fra veicoli in marcia;Intersezione semaforizzata;Una carreggiata a doppio senso;Asciutto;Asfaltata;Verticale ed orizzontale;Sereno;Normale;Buona;Ore Diurne;2;0;0;1;12.51721;41.88401;-1;2;Autovettura privata;In marcia / fermata / arresto;Conducente;M;Rimandato;0;NON DECEDUTO;Non accertato;Inesploso
3628856;9;07/01/2018 02:00;Strada Urbana;VIA PRENESTINA;in corrispondenza;;del civico n.;366;;Veicolo in marcia contro veicolo in sosta;Rettilineo;Due carreggiate;Asciutto;Asfaltata;Orizzontale;Sereno;Scarso;Buona;Sufficiente;0;0;0;1;12.55585;41.89399;-1;1;Autovettura privata;In marcia / fermata / arresto;Conducente;F;Illeso;0;;Non accertato;Esploso
3628948;18;05/01/2018 20:00;Strada Urbana;VIA CORNELIA;in corrispondenza;;del civico n.;136;;Scontro frontale/laterale SX fra veicoli in marcia;Rettilineo;Una carreggiata a doppio senso;Asciutto;Asfaltata;Orizzontale;Sereno;Scarso;Buona;Sufficiente;1;0;0;1;12.39096;41.90338;-1;1;Autovettura privata;In marcia / fermata / arresto;Conducente;F;Illeso;0;;Non accertato;Inesploso
3628948;18;05/01/2018 20:00;Strada Urbana;VIA CORNELIA;in corrispondenza;;del civico n.;136;;Scontro frontale/laterale SX fra veicoli in marcia;Rettilineo;Una carreggiata a doppio senso;Asciutto;Asfaltata;Orizzontale;Sereno;Scarso;Buona;Sufficiente;1;0;0;1;12.39096;41.90338;-1;2;Motociclo a solo;In marcia / fermata / arresto;Conducente;M;Rifiuta cure immediate;0;NON DECEDUTO;Non accertato;
3628950;18;05/01/2018 10:55;Strada Urbana;VIA AURELIA;da specificare;;;;CAVALCAVIA ACQUAFREDDA DIR. AURELIA CENTRO;Scontro frontale fra veicoli in marcia;Curva senza visuale libera;Una carreggiata a doppio senso;Asciutto;Asfaltata;Verticale ed orizzontale;Sereno;Normale;Buona;Ore Diurne;0;0;0;2;12.38873;41.88752;-1;1;Autovettura privata;In marcia / fermata / arresto;Conducente;M;Illeso;0;;;
3628950;18;05/01/2018 10:55;Strada Urbana;VIA AURELIA;da specificare;;;;CAVALCAVIA ACQUAFREDDA DIR. AURELIA CENTRO;Scontro frontale fra veicoli in marcia;Curva senza visuale libera;Una carreggiata a doppio senso;Asciutto;Asfaltata;Verticale ed orizzontale;Sereno;Normale;Buona;Ore Diurne;0;0;0;2;12.38873;41.88752;-1;2;Autovettura privata;In marcia / fermata / arresto;Conducente;M;Illeso;0;;;
3628952;18;05/01/2018 10:35;Strada Urbana;VIA GREGORIO VII;in prossimità;;del civico n.;190;;Scontro laterale fra veicoli in marcia;Rettilineo;Più di due carreggiate;Asciutto;Asfaltata;Verticale ed orizzontale;Sereno;Normale;Buona;Ore Diurne;0;0;0;3;12.44346;41.89624;-1;1;Autocarro inferiore 35 q.;In marcia / fermata / arresto;Conducente;M;Illeso;0;;;
3628952;18;05/01/2018 10:35;Strada Urbana;VIA GREGORIO VII;in prossimità;;del civico n.;190;;Scontro laterale fra veicoli in marcia;Rettilineo;Più di due carreggiate;Asciutto;Asfaltata;Verticale ed orizzontale;Sereno;Normale;Buona;Ore Diurne;0;0;0;3;12.44346;41.89624;-1;2;Autovettura privata;In marcia / fermata / arresto;Conducente;M;Illeso;0;;;
3628952;18;05/01/2018 10:35;Strada Urbana;VIA GREGORIO VII;in prossimità;;del civico n.;190;;Scontro laterale fra veicoli in marcia;Rettilineo;Più di due carreggiate;Asciutto;Asfaltata;Verticale ed orizzontale;Sereno;Normale;Buona;Ore Diurne;0;0;0;3;12.44346;41.89624;-1;2;Autovettura privata;In marcia / fermata / arresto;Passeggero;F;Illeso;0;;;
3629087;18;05/01/2018 09:40;Strada Urbana;VIA ANTONIO PANE;da specificare;;;;FRONTE CIVICO 192;Veicolo in marcia contro veicolo in sosta;Rettilineo;Una carreggiata a senso unico di marcia;Asciutto;Asfaltata;Verticale ed orizzontale;Sereno;Scarso;Buona;Ore Diurne;0;0;0;1;12.38749;41.89973;-1;1;Autobus di linea;In marcia / fermata / arresto;Conducente;M;Illeso;0;;;
3629103;10;07/01/2018 13:05;Strada Urbana;VIA DI CASAL MORENA;in prossimità;;del civico n.;19/A;;Tamponamento Multiplo;Curva senza visuale libera;Una carreggiata a doppio senso;Asciutto;Asfaltata;Verticale ed orizzontale;Sereno;Normale;Buona;Ore Diurne;4;0;0;7;12.61841;41.83061;-1;1;Autovettura privata;In marcia / fermata / arresto;Conducente;F;Illeso;0;;Non accertato;Inesploso
3629103;10;07/01/2018 13:05;Strada Urbana;VIA DI CASAL MORENA;in prossimità;;del civico n.;19/A;;Tamponamento Multiplo;Curva senza visuale libera;Una carreggiata a doppio senso;Asciutto;Asfaltata;Verticale ed orizzontale;Sereno;Normale;Buona;Ore Diurne;4;0;0;7;12.61841;41.83061;-1;1;Autovettura privata;In marcia / fermata / arresto;Passeggero;M;Illeso;0;;Non accertato;Inesploso
3629103;10;07/01/2018 13:05;Strada Urbana;VIA DI CASAL MORENA;in prossimità;;del civico n.;19/A;;Tamponamento Multiplo;Curva senza visuale libera;Una carreggiata a doppio senso;Asciutto;Asfaltata;Verticale ed orizzontale;Sereno;Normale;Buona;Ore Diurne;4;0;0;7;12.61841;41.83061;-1;2;Autovettura privata;In marcia / fermata / arresto;Conducente;M;Illeso;0;;Non accertato;Inesploso
3629103;10;07/01/2018 13:05;Strada Urbana;VIA DI CASAL MORENA;in prossimità;;del civico n.;19/A;;Tamponamento Multiplo;Curva senza visuale libera;Una carreggiata a doppio senso;Asciutto;Asfaltata;Verticale ed orizzontale;Sereno;Normale;Buona;Ore Diurne;4;0;0;7;12.61841;41.83061;-1;2;Autovettura privata;In marcia / fermata / arresto;Passeggero;F;Rimandato;0;NON DECEDUTO;Non accertato;Inesploso
3629103;10;07/01/2018 13:05;Strada Urbana;VIA DI CASAL MORENA;in prossimità;;del civico n.;19/A;;Tamponamento Multiplo;Curva senza visuale libera;Una carreggiata a doppio senso;Asciutto;Asfaltata;Verticale ed orizzontale;Sereno;Normale;Buona;Ore Diurne;4;0;0;7;12.61841;41.83061;-1;2;Autovettura privata;In marcia / fermata / arresto;Passeggero;M;Illeso;0;;Non accertato;Inesploso
3629103;10;07/01/2018 13:05;Strada Urbana;VIA DI CASAL MORENA;in prossimità;;del civico n.;19/A;;Tamponamento Multiplo;Curva senza visuale libera;Una carreggiata a doppio senso;Asciutto;Asfaltata;Verticale ed orizzontale;Sereno;Normale;Buona;Ore Diurne;4;0;0;7;12.61841;41.83061;-1;2;Autovettura privata;In marcia / fermata / arresto;Passeggero;F;Illeso;0;;Non accertato;Inesploso
3629103;10;07/01/2018 13:05;Strada Urbana;VIA DI CASAL MORENA;in prossimità;;del civico n.;19/A;;Tamponamento Multiplo;Curva senza visuale libera;Una carreggiata a doppio senso;Asciutto;Asfaltata;Verticale ed orizzontale;Sereno;Normale;Buona;Ore Diurne;4;0;0;7;12.61841;41.83061;-1;3;Autovettura privata;In marcia / fermata / arresto;Conducente;M;Illeso;0;;Non accertato;Inesploso
3629103;10;07/01/2018 13:05;Strada Urbana;VIA DI CASAL MORENA;in prossimità;;del civico n.;19/A;;Tamponamento Multiplo;Curva senza visuale libera;Una carreggiata a doppio senso;Asciutto;Asfaltata;Verticale ed orizzontale;Sereno;Normale;Buona;Ore Diurne;4;0;0;7;12.61841;41.83061;-1;3;Autovettura privata;In marcia / fermata / arresto;Passeggero;F;Rimandato;0;NON DECEDUTO;Non accertato;Inesploso
3629103;10;07/01/2018 13:05;Strada Urbana;VIA DI CASAL MORENA;in prossimità;;del civico n.;19/A;;Tamponamento Multiplo;Curva senza visuale libera;Una carreggiata a doppio senso;Asciutto;Asfaltata;Verticale ed orizzontale;Sereno;Normale;Buona;Ore Diurne;4;0;0;7;12.61841;41.83061;-1;3;Autovettura privata;In marcia / fermata / arresto;Passeggero;M;Rimandato;0;NON DECEDUTO;Non accertato;Inesploso
3629103;10;07/01/2018 13:05;Strada Urbana;VIA DI CASAL MORENA;in prossimità;;del civico n.;19/A;;Tamponamento Multiplo;Curva senza visuale libera;Una carreggiata a doppio senso;Asciutto;Asfaltata;Verticale ed orizzontale;Sereno;Normale;Buona;Ore Diurne;4;0;0;7;12.61841;41.83061;-1;3;Autovettura privata;In marcia / fermata / arresto;Passeggero;M;Illeso;0;;Non accertato;Inesploso
3629103;10;07/01/2018 13:05;Strada Urbana;VIA DI CASAL MORENA;in prossimità;;del civico n.;19/A;;Tamponamento Multiplo;Curva senza visuale libera;Una carreggiata a doppio senso;Asciutto;Asfaltata;Verticale ed orizzontale;Sereno;Normale;Buona;Ore Diurne;4;0;0;7;12.61841;41.83061;-1;4;Autovettura privata;In marcia / fermata / arresto;Conducente;F;Rimandato;0;NON DECEDUTO;Non accertato;Inesploso
3629123;18;06/01/2018 07:00;Statale;VIA AURELIA;in prossimità;;della chilometrica;20.2;;Veicolo in marcia contro veicolo fermo;Rettilineo;Due carreggiate;Bagnato (brina);Asfaltata;Orizzontale;Sereno;Scarso;Buona;Sufficiente;0;0;0;7;12.38873;41.88752;-1;1;Autovettura privata;In marcia / fermata / arresto;Conducente;M;Illeso;0;;;
3629123;18;06/01/2018 07:00;Statale;VIA AURELIA;in prossimità;;della chilometrica;20.2;;Veicolo in marcia contro veicolo fermo;Rettilineo;Due carreggiate;Bagnato (brina);Asfaltata;Orizzontale;Sereno;Scarso;Buona;Sufficiente;0;0;0;7;12.38873;41.88752;-1;2;Autovettura privata;In marcia / fermata / arresto;Conducente;M;Illeso;0;;;
3629123;18;06/01/2018 07:00;Statale;VIA AURELIA;in prossimità;;della chilometrica;20.2;;Veicolo in marcia contro veicolo fermo;Rettilineo;Due carreggiate;Bagnato (brina);Asfaltata;Orizzontale;Sereno;Scarso;Buona;Sufficiente;0;0;0;7;12.38873;41.88752;-1;2;Autovettura privata;In marcia / fermata / arresto;Passeggero;M;Illeso;0;;;
3629123;18;06/01/2018 07:00;Statale;VIA AURELIA;in prossimità;;della chilometrica;20.2;;Veicolo in marcia contro veicolo fermo;Rettilineo;Due carreggiate;Bagnato (brina);Asfaltata;Orizzontale;Sereno;Scarso;Buona;Sufficiente;0;0;0;7;12.38873;41.88752;-1;2;Autovettura privata;In marcia / fermata / arresto;Passeggero;M;Illeso;0;;;
3629123;18;06/01/2018 07:00;Statale;VIA AURELIA;in prossimità;;della chilometrica;20.2;;Veicolo in marcia contro veicolo fermo;Rettilineo;Due carreggiate;Bagnato (brina);Asfaltata;Orizzontale;Sereno;Scarso;Buona;Sufficiente;0;0;0;7;12.38873;41.88752;-1;2;Autovettura privata;In marcia / fermata / arresto;Passeggero;M;Illeso;0;;;
3629123;18;06/01/2018 07:00;Statale;VIA AURELIA;in prossimità;;della chilometrica;20.2;;Veicolo in marcia contro veicolo fermo;Rettilineo;Due carreggiate;Bagnato (brina);Asfaltata;Orizzontale;Sereno;Scarso;Buona;Sufficiente;0;0;0;7;12.38873;41.88752;-1;2;Autovettura privata;In marcia / fermata / arresto;Passeggero;M;Illeso;0;;;
3629123;18;06/01/2018 07:00;Statale;VIA AURELIA;in prossimità;;della chilometrica;20.2;;Veicolo in marcia contro veicolo fermo;Rettilineo;Due carreggiate;Bagnato (brina);Asfaltata;Orizzontale;Sereno;Scarso;Buona;Sufficiente;0;0;0;7;12.38873;41.88752;-1;2;Autovettura privata;In marcia / fermata / arresto;Passeggero;M;Illeso;0;;;
3629124;11;07/01/2018 11:35;Strada Urbana;VIA APPIA PIGNATELLI;da specificare;;;;fronte civico 198;Veicolo in marcia contro ostacolo accidentale;Rettilineo;Una carreggiata a doppio senso;Asciutto;Asfaltata;Verticale ed orizzontale;Sereno;Normale;Buona;Ore Diurne;0;0;0;3;12.52829;41.85116;-1;1;Autovettura privata;In marcia / fermata / arresto;Conducente;F;Illeso;0;;;
3629124;11;07/01/2018 11:35;Strada Urbana;VIA APPIA PIGNATELLI;da specificare;;;;fronte civico 198;Veicolo in marcia contro ostacolo accidentale;Rettilineo;Una carreggiata a doppio senso;Asciutto;Asfaltata;Verticale ed orizzontale;Sereno;Normale;Buona;Ore Diurne;0;0;0;3;12.52829;41.85116;-1;1;Autovettura privata;In marcia / fermata / arresto;Passeggero;M;Illeso;0;;;
3629124;11;07/01/2018 11:35;Strada Urbana;VIA APPIA PIGNATELLI;da specificare;;;;fronte civico 198;Veicolo in marcia contro ostacolo accidentale;Rettilineo;Una carreggiata a doppio senso;Asciutto;Asfaltata;Verticale ed orizzontale;Sereno;Normale;Buona;Ore Diurne;0;0;0;3;12.52829;41.85116;-1;1;Autovettura privata;In marcia / fermata / arresto;Passeggero;F;Illeso;0;;;
3629125;11;07/01/2018 13:20;Strada Urbana;VIA DI TOR CARBONE;da specificare;;;;"altezza fermata BUS ""Ardeatina""";Tamponamento;Rettilineo;Una carreggiata a senso unico di marcia;Asciutto;Asfaltata;Orizzontale;Sereno;Normale;Buona;Ore Diurne;1;0;0;1;12.51848;41.82718;-1;1;Autovettura privata;In marcia / fermata / arresto;Conducente;F;Illeso;0;;Non accertato;
3629125;11;07/01/2018 13:20;Strada Urbana;VIA DI TOR CARBONE;da specificare;;;;"altezza fermata BUS ""Ardeatina""";Tamponamento;Rettilineo;Una carreggiata a senso unico di marcia;Asciutto;Asfaltata;Orizzontale;Sereno;Normale;Buona;Ore Diurne;1;0;0;1;12.51848;41.82718;-1;2;Motociclo a solo;In marcia / fermata / arresto;Conducente;M;Rimandato;0;NON DECEDUTO;;
3629128;15;07/01/2018 11:50;Strada Urbana;VIA PORTUENSE;in corrispondenza;;del civico n.;1419;;Veicolo in marcia contro ostacolo accidentale;Rettilineo;Una carreggiata a doppio senso;Asciutto;Asfaltata;Verticale ed orizzontale;Sereno;Scarso;Buona;Ore Diurne;0;0;0;2;12.34588;41.81795;-1;1;Autovettura privata;In marcia / fermata / arresto;Conducente;M;Illeso;0;;Non accertato;Inesploso
3629128;15;07/01/2018 11:50;Strada Urbana;VIA PORTUENSE;in corrispondenza;;del civico n.;1419;;Veicolo in marcia contro ostacolo accidentale;Rettilineo;Una carreggiata a doppio senso;Asciutto;Asfaltata;Verticale ed orizzontale;Sereno;Scarso;Buona;Ore Diurne;0;0;0;2;12.34588;41.81795;-1;1;Autovettura privata;In marcia / fermata / arresto;Passeggero;M;Illeso;0;;Non accertato;Inesploso
3629132;20;07/01/2018 19:40;Strada Urbana;VIA FRASSINETO;da specificare;;;;prossimità Via delle Galline Bianche;Scontro frontale/laterale DX fra veicoli in marcia;Rettilineo;Una carreggiata a doppio senso;Asciutto;Asfaltata;Verticale ed orizzontale;Sereno;Normale;Sufficiente;Sufficiente;0;0;0;2;12.49407;41.99876;-1;1;Autovettura privata;In marcia / fermata / arresto;Conducente;M;Illeso;0;;Non accertato;
3629132;20;07/01/2018 19:40;Strada Urbana;VIA FRASSINETO;da specificare;;;;prossimità Via delle Galline Bianche;Scontro frontale/laterale DX fra veicoli in marcia;Rettilineo;Una carreggiata a doppio senso;Asciutto;Asfaltata;Verticale ed orizzontale;Sereno;Normale;Sufficiente;Sufficiente;0;0;0;2;12.49407;41.99876;-1;2;Autovettura privata;In marcia / fermata / arresto;Conducente;M;Illeso;0;;Non accertato;
3629135;18;06/01/2018 14:20;Strada Urbana;VIA DI BOCCEA;in prossimità;;del civico n.;530;;Scontro laterale fra veicoli in marcia;Rotatoria;Una carreggiata a senso unico di marcia;Asciutto;Asfaltata;Verticale ed orizzontale;Sereno;Normale;Buona;Ore Diurne;0;0;0;4;12.38003;41.91661;-1;1;Motociclo a solo;In marcia / fermata / arresto;Conducente;M;Illeso;0;;Non accertato;
3629135;18;06/01/2018 14:20;Strada Urbana;VIA DI BOCCEA;in prossimità;;del civico n.;530;;Scontro laterale fra veicoli in marcia;Rotatoria;Una carreggiata a senso unico di marcia;Asciutto;Asfaltata;Verticale ed orizzontale;Sereno;Normale;Buona;Ore Diurne;0;0;0;4;12.38003;41.91661;-1;2;Autovettura privata;In marcia / fermata / arresto;Conducente;F;Illeso;0;;Non accertato;Inesploso
3629135;18;06/01/2018 14:20;Strada Urbana;VIA DI BOCCEA;in prossimità;;del civico n.;530;;Scontro laterale fra veicoli in marcia;Rotatoria;Una carreggiata a senso unico di marcia;Asciutto;Asfaltata;Verticale ed orizzontale;Sereno;Normale;Buona;Ore Diurne;0;0;0;4;12.38003;41.91661;-1;2;Autovettura privata;In marcia / fermata / arresto;Passeggero;F;Illeso;0;;Non accertato;Inesploso
3629135;18;06/01/2018 14:20;Strada Urbana;VIA DI BOCCEA;in prossimità;;del civico n.;530;;Scontro laterale fra veicoli in marcia;Rotatoria;Una carreggiata a senso unico di marcia;Asciutto;Asfaltata;Verticale ed orizzontale;Sereno;Normale;Buona;Ore Diurne;0;0;0;4;12.38003;41.91661;-1;2;Autovettura privata;In marcia / fermata / arresto;Passeggero;F;Illeso;0;;Non accertato;Inesploso
3629137;13;05/01/2018 17:30;;VIA ALESSANDRO STRADELLA;all'intersezione con;VIA CESARE PASCUCCI;VIA CESARE PASCUCCI;;;Scontro frontale/laterale DX fra veicoli in marcia;;;;;;;;;;0;0;0;2;;;0;1;Autovettura privata;In marcia / fermata / arresto;Conducente;F;Illeso;0;;Non accertato;Inesploso
3629137;13;05/01/2018 17:30;;VIA ALESSANDRO STRADELLA;all'intersezione con;VIA CESARE PASCUCCI;VIA CESARE PASCUCCI;;;Scontro frontale/laterale DX fra veicoli in marcia;;;;;;;;;;0;0;0;2;;;0;2;Quadriciclo leggero;In marcia / fermata / arresto;Conducente;F;Illeso;0;;Non accertato;Inesploso
3629138;11;05/01/2018 13:15;Strada Urbana;VIA ALESSIO BALDOVINETTI;in corrispondenza;;del civico n.;104;;Scontro laterale fra veicoli in marcia;Rettilineo;Una carreggiata a doppio senso;Asciutto;Asfaltata;Orizzontale;Sereno;Normale;Buona;Ore Diurne;1;0;0;3;12.49433;41.83137;-1;1;Autovettura privata;In marcia / fermata / arresto;Conducente;F;Illeso;0;;;
3629138;11;05/01/2018 13:15;Strada Urbana;VIA ALESSIO BALDOVINETTI;in corrispondenza;;del civico n.;104;;Scontro laterale fra veicoli in marcia;Rettilineo;Una carreggiata a doppio senso;Asciutto;Asfaltata;Orizzontale;Sereno;Normale;Buona;Ore Diurne;1;0;0;3;12.49433;41.83137;-1;1;Autovettura privata;In marcia / fermata / arresto;Passeggero;F;Illeso;0;;;
3629138;11;05/01/2018 13:15;Strada Urbana;VIA ALESSIO BALDOVINETTI;in corrispondenza;;del civico n.;104;;Scontro laterale fra veicoli in marcia;Rettilineo;Una carreggiata a doppio senso;Asciutto;Asfaltata;Orizzontale;Sereno;Normale;Buona;Ore Diurne;1;0;0;3;12.49433;41.83137;-1;1;Autovettura privata;In marcia / fermata / arresto;Passeggero;F;Illeso;0;;;
3629138;11;05/01/2018 13:15;Strada Urbana;VIA ALESSIO BALDOVINETTI;in corrispondenza;;del civico n.;104;;Scontro laterale fra veicoli in marcia;Rettilineo;Una carreggiata a doppio senso;Asciutto;Asfaltata;Orizzontale;Sereno;Normale;Buona;Ore Diurne;1;0;0;3;12.49433;41.83137;-1;2;Motociclo a solo;In marcia / fermata / arresto;Conducente;M;Rifiuta cure immediate;0;NON DECEDUTO;;