Protocollo;Gruppo;DataOraIncidente;Localizzazione1;STRADA1;Localizzazione2;STRADA2;Strada02;Chilometrica;DaSpecificare;NaturaIncidente;particolaritastrade;TipoStrada;FondoStradale;Pavimentazione;Segnaletica;CondizioneAtmosferica;Traffico;Visibilita;Illuminazione;NUM_FERITI;NUM_RISERVATA;NUM_MORTI;NUM_ILLESI;Longitudine;Latitudine;Confermato;Progressivo;TipoVeicolo;StatoVeicolo;TipoPersona;Sesso;Tipolesione;Deceduto;DecedutoDopo;CinturaCascoUtilizzato;Airbag
3629378;18;07/01/2018 03:30;Strada Urbana;CIRCONVALLAZIONE CORNELIA;in prossimità;;del civico n.;93;;Scontro laterale fra veicoli in marcia;Rettilineo;Una carreggiata a doppio senso;Asciutto;Asfaltata;Verticale ed orizzontale;Sereno;Scarso;Buona;Sufficiente;0;0;0;2;12.42552;41.9015;-1;2;Autovettura privata;In marcia / fermata / arresto;Conducente;M;Illeso;0;;;
3629392;4;07/01/2018 19:00;Strada Urbana;VIA UGO OJETTI;in prossimità;;del civico n.;63;;Veicolo in marcia contro veicolo fermo;Rettilineo;Una carreggiata a senso unico di marcia;Asciutto;Asfaltata;Verticale ed orizzontale;Sereno;Intenso;Buona;Sufficiente;0;0;0;3;12.54987;41.94432;-1;1;Autovettura privata;In marcia / fermata / arresto;Conducente;M;Illeso;0;;Non accertato;Inesploso
3629392;4;07/01/2018 19:00;Strada Urbana;VIA UGO OJETTI;in prossimità;;del civico n.;63;;Veicolo in marcia contro veicolo fermo;Rettilineo;Una carreggiata a senso unico di marcia;Asciutto;Asfaltata;Verticale ed orizzontale;Sereno;Intenso;Buona;Sufficiente;0;0;0;3;12.54987;41.94432;-1;1;Autovettura privata;In marcia / fermata / arresto;Passeggero;M;Illeso;0;;;
3629392;4;07/01/2018 19:00;Strada Urbana;VIA UGO OJETTI;in prossimità;;del civico n.;63;;Veicolo in marcia contro veicolo fermo;Rettilineo;Una carreggiata a senso unico di marcia;Asciutto;Asfaltata;Verticale ed orizzontale;Sereno;Intenso;Buona;Sufficiente;0;0;0;3;12.54987;41.94432;-1;2;Autovettura privata;In marcia / fermata / arresto;Conducente;F;Illeso;0;;Non accertato;
3629395;7;05/01/2018 17:00;Strada Urbana;VIALE PALMIRO TOGLIATTI;in prossimità;;del civico n.;605;;Scontro laterale fra veicoli in marcia;Rettilineo;Due carreggiate;Asciutto;Asfaltata;Orizzontale;Sereno;Normale;Buona;Ore Diurne;0;0;0;2;12.57205;41.8778;-1;1;Autocarro inferiore 35 q.;In marcia / fermata / arresto;Conducente;M;Illeso;0;;;
3629395;7;05/01/2018 17:00;Strada Urbana;VIALE PALMIRO TOGLIATTI;in prossimità;;del civico n.;605;;Scontro laterale fra veicoli in marcia;Rettilineo;Due carreggiate;Asciutto;Asfaltata;Orizzontale;Sereno;Normale;Buona;Ore Diurne;0;0;0;2;12.57205;41.8778;-1;2;Autovettura privata;Allontanatosi;Conducente;M;Illeso;0;;;
3629397;13;07/01/2018 11:20;Strada Urbana;VIALE DEI ROMAGNOLI;da specificare;;;; tra Via del Villaggio di S. Francesco e civ.1951;Veicolo in marcia contro ostacolo accidentale;Rettilineo;Una carreggiata a doppio senso;Asciutto;Asfaltata;Verticale ed orizzontale;Nuvoloso;Normale;Buona;Ore Diurne;0;0;0;2;12.35526;41.78164;-1;1;Autovettura privata;In marcia / fermata / arresto;Conducente;M;Illeso;0;;Non accertato;Inesploso
3629397;13;07/01/2018 11:20;Strada Urbana;VIALE DEI ROMAGNOLI;da specificare;;;; tra Via del Villaggio di S. Francesco e civ.1951;Veicolo in marcia contro ostacolo accidentale;Rettilineo;Una carreggiata a doppio senso;Asciutto;Asfaltata;Verticale ed orizzontale;Nuvoloso;Normale;Buona;Ore Diurne;0;0;0;2;12.35526;41.78164;-1;1;Autovettura privata;In marcia / fermata / arresto;Passeggero;F;Illeso;0;;Non accertato;Inesploso
3629407;18;08/01/2018 08:55;Strada Urbana;VIA PIO IX;all'intersezione con;VIA MARTINO V;VIA MARTINO V;;;Scontro frontale/laterale SX fra veicoli in marcia;Intersezione stradale segnalata;Una carreggiata a senso unico di marcia;Asciutto;Asfaltata;Verticale ed orizzontale;Sereno;Normale;Buona;Ore Diurne;2;0;0;0;12.42264;41.905;-1;1;Autovettura privata;In marcia / fermata / arresto;Conducente;F;Rifiuta cure immediate;0;NON DECEDUTO;Non accertato;Inesploso
3629407;18;08/01/2018 08:55;Strada Urbana;VIA PIO IX;all'intersezione con;VIA MARTINO V;VIA MARTINO V;;;Scontro frontale/laterale SX fra veicoli in marcia;Intersezione stradale segnalata;Una carreggiata a senso unico di marcia;Asciutto;Asfaltata;Verticale ed orizzontale;Sereno;Normale;Buona;Ore Diurne;2;0;0;0;12.42264;41.905;-1;2;Autovettura privata;In marcia / fermata / arresto;Conducente;M;Rifiuta cure immediate;0;NON DECEDUTO;Non accertato;Inesploso
3629438;7;08/01/2018 07:40;Strada Urbana;VIA COLLATINA;in prossimità;;del palo luce n.;57;;Tamponamento Multiplo;Rettilineo;Una carreggiata a doppio senso;Asciutto;Asfaltata;Orizzontale;Sereno;Normale;Buona;Ore Diurne;2;0;0;1;12.66611;41.92234;-1;1;Autovettura privata;In marcia / fermata / arresto;Conducente;M;Illeso;0;;;
3629438;7;08/01/2018 07:40;Strada Urbana;VIA COLLATINA;in prossimità;;del palo luce n.;57;;Tamponamento Multiplo;Rettilineo;Una carreggiata a doppio senso;Asciutto;Asfaltata;Orizzontale;Sereno;Normale;Buona;Ore Diurne;2;0;0;1;12.66611;41.92234;-1;2;Autovettura privata;In marcia / fermata / arresto;Conducente;M;Rimandato;0;NON DECEDUTO;;
3629438;7;08/01/2018 07:40;Strada Urbana;VIA COLLATINA;in prossimità;;del palo luce n.;57;;Tamponamento Multiplo;Rettilineo;Una carreggiata a doppio senso;Asciutto;Asfaltata;Orizzontale;Sereno;Normale;Buona;Ore Diurne;2;0;0;1;12.66611;41.92234;-1;3;Autovettura privata;In marcia / fermata / arresto;Conducente;M;Rimandato;0;NON DECEDUTO;;
3629449;7;06/01/2018 06:50;Strada Urbana;PIAZZA CESARE DE CUPIS;in prossimità;;del civico n.;12;;Scontro laterale fra veicoli in marcia;Rotatoria;Una carreggiata a doppio senso;Asciutto;Asfaltata;Verticale ed orizzontale;Sereno;Normale;Buona;Ore Diurne;0;0;0;2;12.58994;41.90426;-1;1;Autovettura privata;In marcia / fermata / arresto;Conducente;M;Illeso;0;;;
3629449;7;06/01/2018 06:50;Strada Urbana;PIAZZA CESARE DE CUPIS;in prossimità;;del civico n.;12;;Scontro laterale fra veicoli in marcia;Rotatoria;Una carreggiata a doppio senso;Asciutto;Asfaltata;Verticale ed orizzontale;Sereno;Normale;Buona;Ore Diurne;0;0;0;2;12.58994;41.90426;-1;2;Autovettura privata;In marcia / fermata / arresto;Conducente;F;Illeso;0;;;
3629468;13;06/01/2018 11:20;Strada Urbana;VIA DOMENICO DA PONZO;in prossimità;;del civico n.;123;;Veicolo in marcia contro veicolo in sosta;Rettilineo;Una carreggiata a senso unico di marcia;Asciutto;Asfaltata;Assente;Sereno;Normale;Buona;Ore Diurne;0;0;0;1;12.33458;41.78135;-1;2;Autocarro inferiore 35 q.;In marcia / fermata / arresto;Conducente;M;Illeso;0;;Non accertato;Inesploso
3629490;2;07/01/2018 18:40;Strada Urbana;VIA MAKALLE';in prossimità;;del civico n.;9;;Scontro laterale fra veicoli in marcia;Rettilineo;Una carreggiata a doppio senso;Asciutto;Asfaltata;Verticale ed orizzontale;Sereno;Normale;Buona;Sufficiente;0;0;0;3;12.52155;41.92734;-1;1;Autovettura privata;In marcia / fermata / arresto;Conducente;F;Illeso;0;;;
3629490;2;07/01/2018 18:40;Strada Urbana;VIA MAKALLE';in prossimità;;del civico n.;9;;Scontro laterale fra veicoli in marcia;Rettilineo;Una carreggiata a doppio senso;Asciutto;Asfaltata;Verticale ed orizzontale;Sereno;Normale;Buona;Sufficiente;0;0;0;3;12.52155;41.92734;-1;1;Autovettura privata;In marcia / fermata / arresto;Passeggero;M;Illeso;0;;;
3629490;2;07/01/2018 18:40;Strada Urbana;VIA MAKALLE';in prossimità;;del civico n.;9;;Scontro laterale fra veicoli in marcia;Rettilineo;Una carreggiata a doppio senso;Asciutto;Asfaltata;Verticale ed orizzontale;Sereno;Normale;Buona;Sufficiente;0;0;0;3;12.52155;41.92734;-1;2;Autovettura privata;In marcia / fermata / arresto;Conducente;M;Illeso;0;;;
3629529;7;06/01/2018 20:30;Strada Urbana;VIA GIOVANNI RUCELLAI;in prossimità;;del civico n.;82;;Scontro frontale/laterale DX fra veicoli in marcia;Rettilineo;Una carreggiata a doppio senso;Asciutto;Asfaltata;Assente;Sereno;Scarso;Sufficiente;Sufficiente;0;0;0;3;12.59482;41.89731;-1;1;Autovettura privata;In marcia / fermata / arresto;Conducente;M;Illeso;0;;;
3629529;7;06/01/2018 20:30;Strada Urbana;VIA GIOVANNI RUCELLAI;in prossimità;;del civico n.;82;;Scontro frontale/laterale DX fra veicoli in marcia;Rettilineo;Una carreggiata a doppio senso;Asciutto;Asfaltata;Assente;Sereno;Scarso;Sufficiente;Sufficiente;0;0;0;3;12.59482;41.89731;-1;2;Autovettura privata;In marcia / fermata / arresto;Conducente;M;Illeso;0;;;
3629529;7;06/01/2018 20:30;Strada Urbana;VIA GIOVANNI RUCELLAI;in prossimità;;del civico n.;82;;Scontro frontale/laterale DX fra veicoli in marcia;Rettilineo;Una carreggiata a doppio senso;Asciutto;Asfaltata;Assente;Sereno;Scarso;Sufficiente;Sufficiente;0;0;0;3;12.59482;41.89731;-1;2;Autovettura privata;In marcia / fermata / arresto;Passeggero;F;Illeso;0;;Non accertato;Inesploso
3629531;13;06/01/2018 12:55;Strada Urbana;VIA MONSIGNOR ARDUINO TERZI;in prossimità;;del civico n.;163;;Scontro frontale/laterale SX fra veicoli in marcia;Rettilineo;Una carreggiata a doppio senso;Asciutto;Asfaltata;Verticale;Sereno;Scarso;Buona;Ore Diurne;2;0;0;0;12.3506;41.76434;-1;1;Autovettura privata;In marcia / fermata / arresto;Conducente;F;Rimandato;0;NON DECEDUTO;Non accertato;Inesploso
3629531;13;06/01/2018 12:55;Strada Urbana;VIA MONSIGNOR ARDUINO TERZI;in prossimità;;del civico n.;163;;Scontro frontale/laterale SX fra veicoli in marcia;Rettilineo;Una carreggiata a doppio senso;Asciutto;Asfaltata;Verticale;Sereno;Scarso;Buona;Ore Diurne;2;0;0;0;12.3506;41.76434;-1;2;Autovettura privata;In marcia / fermata / arresto;Conducente;F;Rimandato;0;NON DECEDUTO;Non accertato;Inesploso
3629537;6;08/01/2018 09:40;Strada Urbana;VIA LUCHINO DAL VERME;in prossimità;;del civico n.;78;;Scontro frontale/laterale SX fra veicoli in marcia;Rettilineo;Una carreggiata a senso unico di marcia;Asciutto;Asfaltata;Verticale ed orizzontale;Sereno;Normale;Sufficiente;Ore Diurne;1;0;0;1;12.53953;41.88869;-1;1;Autovettura privata;In marcia / fermata / arresto;Conducente;M;Illeso;0;;Non accertato;Inesploso
3629537;6;08/01/2018 09:40;Strada Urbana;VIA LUCHINO DAL VERME;in prossimità;;del civico n.;78;;Scontro frontale/laterale SX fra veicoli in marcia;Rettilineo;Una carreggiata a senso unico di marcia;Asciutto;Asfaltata;Verticale ed orizzontale;Sereno;Normale;Sufficiente;Ore Diurne;1;0;0;1;12.53953;41.88869;-1;2;Motociclo a solo;In marcia / fermata / arresto;Conducente;M;Rimandato;0;NON DECEDUTO;Non accertato;
3629551;4;05/01/2018 10:00;Strada Urbana;VIA DELLA CECCHINA;da specificare;;;;prossimità via della Bufalotta;Veicolo in marcia contro veicolo in sosta;Rettilineo;Una carreggiata a doppio senso;Asciutto;Asfaltata;Verticale;Sereno;Normale;Buona;Ore Diurne;0;0;0;1;12.54095;41.94882;-1;2;Autovettura privata;In marcia / fermata / arresto;Conducente;M;Illeso;0;;;
3629553;2;07/01/2018 19:17;Strada Urbana;PIAZZA GENTILE DA FABRIANO;all'intersezione con;LUNGOTEVERE FLAMINIO;LUNGOTEVERE FLAMINIO;;;Scontro laterale fra veicoli in marcia;Intersezione stradale segnalata;Due carreggiate;Asciutto;Asfaltata;Verticale ed orizzontale;Sereno;Scarso;Buona;Sufficiente;0;0;0;4;12.4616;41.9265;-1;1;Autovettura privata;In marcia / fermata / arresto;Conducente;M;Illeso;0;;;
3629553;2;07/01/2018 19:17;Strada Urbana;PIAZZA GENTILE DA FABRIANO;all'intersezione con;LUNGOTEVERE FLAMINIO;LUNGOTEVERE FLAMINIO;;;Scontro laterale fra veicoli in marcia;Intersezione stradale segnalata;Due carreggiate;Asciutto;Asfaltata;Verticale ed orizzontale;Sereno;Scarso;Buona;Sufficiente;0;0;0;4;12.4616;41.9265;-1;1;Autovettura privata;In marcia / fermata / arresto;Passeggero;F;Illeso;0;;;
3629553;2;07/01/2018 19:17;Strada Urbana;PIAZZA GENTILE DA FABRIANO;all'intersezione con;LUNGOTEVERE FLAMINIO;LUNGOTEVERE FLAMINIO;;;Scontro laterale fra veicoli in marcia;Intersezione stradale segnalata;Due carreggiate;Asciutto;Asfaltata;Verticale ed orizzontale;Sereno;Scarso;Buona;Sufficiente;0;0;0;4;12.4616;41.9265;-1;2;Autovettura di polizia;In marcia / fermata / arresto;Conducente;M;Illeso;0;;;
3629553;2;07/01/2018 19:17;Strada Urbana;PIAZZA GENTILE DA FABRIANO;all'intersezione con;LUNGOTEVERE FLAMINIO;LUNGOTEVERE FLAMINIO;;;Scontro laterale fra veicoli in marcia;Intersezione stradale segnalata;Due carreggiate;Asciutto;Asfaltata;Verticale ed orizzontale;Sereno;Scarso;Buona;Sufficiente;0;0;0;4;12.4616;41.9265;-1;2;Autovettura di polizia;In marcia / fermata / arresto;Passeggero;M;Illeso;0;;;
3629561;13;05/01/2018 22:40;Strada Urbana;PIAZZA GIOVANNI SEGANTINI;all'intersezione con;VIA LUDOVICO BREA;VIA LUDOVICO BREA;;;Scontro laterale fra veicoli in marcia;Rotatoria;Una carreggiata a senso unico di marcia;Asciutto;Asfaltata;Verticale ed orizzontale;Sereno;Scarso;Buona;Sufficiente;0;0;0;3;12.35522;41.77769;-1;1;Autovettura privata;In marcia / fermata / arresto;Conducente;F;Illeso;0;;Non accertato;Inesploso
3629561;13;05/01/2018 22:40;Strada Urbana;PIAZZA GIOVANNI SEGANTINI;all'intersezione con;VIA LUDOVICO BREA;VIA LUDOVICO BREA;;;Scontro laterale fra veicoli in marcia;Rotatoria;Una carreggiata a senso unico di marcia;Asciutto;Asfaltata;Verticale ed orizzontale;Sereno;Scarso;Buona;Sufficiente;0;0;0;3;12.35522;41.77769;-1;1;Autovettura privata;In marcia / fermata / arresto;Passeggero;M;Illeso;0;;Non accertato;Inesploso
3629561;13;05/01/2018 22:40;Strada Urbana;PIAZZA GIOVANNI SEGANTINI;all'intersezione con;VIA LUDOVICO BREA;VIA LUDOVICO BREA;;;Scontro laterale fra veicoli in marcia;Rotatoria;Una carreggiata a senso unico di marcia;Asciutto;Asfaltata;Verticale ed orizzontale;Sereno;Scarso;Buona;Sufficiente;0;0;0;3;12.35522;41.77769;-1;2;Autobus urbano;In marcia / fermata / arresto;Conducente;M;Illeso;0;;Non accertato;Inesploso
3629563;10;08/01/2018 09:15;Strada Urbana;VIA APPIA PIGNATELLI;in prossimità;;del civico n.;413;;Scontro frontale/laterale DX fra veicoli in marcia;Rettilineo;Una carreggiata a doppio senso;Asciutto;Asfaltata;Orizzontale;Sereno;Intenso;Buona;Ore Diurne;1;0;0;2;12.54902;41.83768;-1;1;Autovettura privata;In marcia / fermata / arresto;Conducente;F;Illeso;0;;Non accertato;Inesploso
3629563;10;08/01/2018 09:15;Strada Urbana;VIA APPIA PIGNATELLI;in prossimità;;del civico n.;413;;Scontro frontale/laterale DX fra veicoli in marcia;Rettilineo;Una carreggiata a doppio senso;Asciutto;Asfaltata;Orizzontale;Sereno;Intenso;Buona;Ore Diurne;1;0;0;2;12.54902;41.83768;-1;2;Motociclo con passeggero;In marcia / fermata / arresto;Conducente;M;Rimandato;0;NON DECEDUTO;Non accertato;
3629563;10;08/01/2018 09:15;Strada Urbana;VIA APPIA PIGNATELLI;in prossimità;;del civico n.;413;;Scontro frontale/laterale DX fra veicoli in marcia;Rettilineo;Una carreggiata a doppio senso;Asciutto;Asfaltata;Orizzontale;Sereno;Intenso;Buona;Ore Diurne;1;0;0;2;12.54902;41.83768;-1;2;Motociclo con passeggero;In marcia / fermata / arresto;Passeggero;F;Illeso;0;;Non accertato;
3629581;17;05/01/2018 15:30;Strada Urbana;LUNGOTEVERE DEI MELLINI;in corrispondenza;;del civico n.;40;;Tamponamento;Rettilineo;Due carreggiate;Asciutto;Asfaltata;Verticale ed orizzontale;Sereno;Normale;Buona;Ore Diurne;0;0;0;2;12.47272;41.90766;-1;1;Autovettura privata;In marcia / fermata / arresto;Conducente;F;Illeso;0;;Utilizzato;Inesploso
3629581;17;05/01/2018 15:30;Strada Urbana;LUNGOTEVERE DEI MELLINI;in corrispondenza;;del civico n.;40;;Tamponamento;Rettilineo;Due carreggiate;Asciutto;Asfaltata;Verticale ed orizzontale;Sereno;Normale;Buona;Ore Diurne;0;0;0;2;12.47272;41.90766;-1;2;Autovettura privata;In marcia / fermata / arresto;Conducente;F;Illeso;0;;Non accertato;Inesploso
3629584;7;07/01/2018 05:55;Strada Urbana;VIA PRENESTINA BIS;da specificare;;;;rotatoria altezza via Prenestina;Fuoriuscita dalla sede stradale;Rotatoria;Una carreggiata a senso unico di marcia;Asciutto;Asfaltata;Verticale ed orizzontale;Sereno;Scarso;Buona;Sufficiente;0;0;0;3;12.60763;41.89373;-1;1;Autovettura privata;In marcia / fermata / arresto;Conducente;M;Illeso;0;;Non accertato;Inesploso
3629584;7;07/01/2018 05:55;Strada Urbana;VIA PRENESTINA BIS;da specificare;;;;rotatoria altezza via Prenestina;Fuoriuscita dalla sede stradale;Rotatoria;Una carreggiata a senso unico di marcia;Asciutto;Asfaltata;Verticale ed orizzontale;Sereno;Scarso;Buona;Sufficiente;0;0;0;3;12.60763;41.89373;-1;1;Autovettura privata;In marcia / fermata / arresto;Passeggero;M;Illeso;0;;Non accertato;Inesploso
3629584;7;07/01/2018 05:55;Strada Urbana;VIA PRENESTINA BIS;da specificare;;;;rotatoria altezza via Prenestina;Fuoriuscita dalla sede stradale;Rotatoria;Una carreggiata a senso unico di marcia;Asciutto;Asfaltata;Verticale ed orizzontale;Sereno;Scarso;Buona;Sufficiente;0;0;0;3;12.60763;41.89373;-1;1;Autovettura privata;In marcia / fermata / arresto;Passeggero;M;Illeso;0;;Non accertato;Inesploso
3629587;2;08/01/2018 03:00;Strada Urbana;CIRCONVALLAZIONE TIBURTINA;da specificare;;;;pros. Monti Tiburtini/Pietralata dir. S. Giovanni;Veicolo in marcia contro ostacolo fisso;Galleria illuminata;Una carreggiata a senso unico di marcia;Asciutto;Asfaltata;Verticale ed orizzontale;Sereno;Scarso;Buona;Sufficiente;0;0;0;2;12.52639;41.92184;-1;1;Autovettura privata;In marcia / fermata / arresto;Conducente;M;Illeso;0;;;
3629587;2;08/01/2018 03:00;Strada Urbana;CIRCONVALLAZIONE TIBURTINA;da specificare;;;;pros. Monti Tiburtini/Pietralata dir. S. Giovanni;Veicolo in marcia contro ostacolo fisso;Galleria illuminata;Una carreggiata a senso unico di marcia;Asciutto;Asfaltata;Verticale ed orizzontale;Sereno;Scarso;Buona;Sufficiente;0;0;0;2;12.52639;41.92184;-1;1;Autovettura privata;In marcia / fermata / arresto;Passeggero;M;Illeso;0;;;
3629588;10;08/01/2018 10:30;Strada Urbana;VIA TUSCOLANA;all'intersezione semaforizzata con;VIA VALERIO PUBLICOLA;VIA VALERIO PUBLICOLA;;;Tamponamento;Intersezione semaforizzata;Due carreggiate;Asciutto;Asfaltata;Verticale ed orizzontale;Sereno;Normale;Sufficiente;Ore Diurne;1;0;0;1;12.55893;41.85863;-1;1;Autovettura privata;In marcia / fermata / arresto;Conducente;M;Illeso;0;;Non accertato;Inesploso
3629588;10;08/01/2018 10:30;Strada Urbana;VIA TUSCOLANA;all'intersezione semaforizzata con;VIA VALERIO PUBLICOLA;VIA VALERIO PUBLICOLA;;;Tamponamento;Intersezione semaforizzata;Due carreggiate;Asciutto;Asfaltata;Verticale ed orizzontale;Sereno;Normale;Sufficiente;Ore Diurne;1;0;0;1;12.55893;41.85863;-1;2;Autovettura privata;In marcia / fermata / arresto;Conducente;M;Rifiuta cure immediate;0;NON DECEDUTO;Non accertato;Inesploso
3629592;17;05/01/2018 19:37;Strada Urbana;VIA COLA DI RIENZO;in corrispondenza;;del civico n.;16;;Investimento di pedone;Rettilineo;Una carreggiata a doppio senso;Bagnato (umidità in atto);Acciotolata;Verticale ed orizzontale;Sereno;Normale;Buona;Sufficiente;0;0;0;3;12.47008;41.90898;0;;;;Pedone;F;Illeso;0;;;
3629592;17;05/01/2018 19:37;Strada Urbana;VIA COLA DI RIENZO;in corrispondenza;;del civico n.;16;;Investimento di pedone;Rettilineo;Una carreggiata a doppio senso;Bagnato (umidità in atto);Acciotolata;Verticale ed orizzontale;Sereno;Normale;Buona;Sufficiente;0;0;0;3;12.47008;41.90898;0;;;;Pedone;M;Illeso;0;;;
3629592;17;05/01/2018 19:37;Strada Urbana;VIA COLA DI RIENZO;in corrispondenza;;del civico n.;16;;Investimento di pedone;Rettilineo;Una carreggiata a doppio senso;Bagnato (umidità in atto);Acciotolata;Verticale ed orizzontale;Sereno;Normale;Buona;Sufficiente;0;0;0;3;12.47008;41.90898;0;1;Motociclo a solo;In marcia / fermata / arresto;Conducente;M;Illeso;0;;;
3629612;16;05/01/2018 23:50;;VIA DEL CASALE LUMBROSO;in prossimità;;del civico n.;75;;Veicolo in marcia contro ostacolo fisso;;;;;;;;;;0;0;0;4;12.36355;41.87806;0;1;Autovettura privata;In marcia / fermata / arresto;Conducente;M;Illeso;0;;;
3629612;16;05/01/2018 23:50;;VIA DEL CASALE LUMBROSO;in prossimità;;del civico n.;75;;Veicolo in marcia contro ostacolo fisso;;;;;;;;;;0;0;0;4;12.36355;41.87806;0;1;Autovettura privata;In marcia / fermata / arresto;Passeggero;M;Illeso;0;;;
3629643;8;07/01/2018 22:15;Strada Urbana;VIALE PIETRO ANDERLONI;da specificare;;;;fermata Atac 76728;Tamponamento;Rettilineo;Una carreggiata a senso unico di marcia;Asciutto;Asfaltata;Verticale ed orizzontale;Nuvoloso;Scarso;Buona;Sufficiente;1;1;0;1;12.62891;41.87454;-1;1;Autobus urbano;In marcia / fermata / arresto;Conducente;M;Illeso;0;;Non accertato;Inesploso
3629643;8;07/01/2018 22:15;Strada Urbana;VIALE PIETRO ANDERLONI;da specificare;;;;fermata Atac 76728;Tamponamento;Rettilineo;Una carreggiata a senso unico di marcia;Asciutto;Asfaltata;Verticale ed orizzontale;Nuvoloso;Scarso;Buona;Sufficiente;1;1;0;1;12.62891;41.87454;-1;2;Autovettura privata;In marcia / fermata / arresto;Conducente;M;Ricoverato;0;NON DECEDUTO;Non utilizzato;Esploso
3629643;8;07/01/2018 22:15;Strada Urbana;VIALE PIETRO ANDERLONI;da specificare;;;;fermata Atac 76728;Tamponamento;Rettilineo;Una carreggiata a senso unico di marcia;Asciutto;Asfaltata;Verticale ed orizzontale;Nuvoloso;Scarso;Buona;Sufficiente;1;1;0;1;12.62891;41.87454;-1;2;Autovettura privata;In marcia / fermata / arresto;Passeggero;F;Prognosi riservata;0;NON DECEDUTO;Non accertato;Inesploso
3629649;16;07/01/2018 05:00;Strada Urbana;PIAZZA BIAGIO PACE;in corrispondenza;;del civico n.;26;;Veicolo in marcia contro veicolo in sosta;Rettilineo;Una carreggiata a doppio senso;Asciutto;Asfaltata;Verticale ed orizzontale;Sereno;Normale;Sufficiente;Sufficiente;0;0;0;1;12.43099;41.87688;-1;1;Autovettura privata;In marcia / fermata / arresto;Conducente;M;Illeso;0;;Non accertato;Inesploso
3629690;16;07/01/2018 18:00;;VIA PIO FOA';all'intersezione semaforizzata con;VIA VITELLIA;VIA VITELLIA;;;Veicolo in marcia contro ostacolo fisso;;;;;;;;;;0;0;0;1;;;0;1;Autovettura privata;In marcia / fermata / arresto;Conducente;M;Illeso;0;;;
3629700;12;08/01/2018 10:45;Strada Urbana;VIALE DEI CADUTI PER LA RESISTENZA;all'intersezione con;VIA DEGLI EROI DI COO;VIA DEGLI EROI DI COO;;;Scontro laterale fra veicoli in marcia;Incrocio;Una carreggiata a senso unico di marcia;Asciutto;Asfaltata;Verticale ed orizzontale;Nuvoloso;Normale;Buona;Ore Diurne;0;0;0;2;12.4412;41.78384;-1;1;Autovettura privata;In marcia / fermata / arresto;Conducente;F;Illeso;0;;Utilizzato;Inesploso
3629700;12;08/01/2018 10:45;Strada Urbana;VIALE DEI CADUTI PER LA RESISTENZA;all'intersezione con;VIA DEGLI EROI DI COO;VIA DEGLI EROI DI COO;;;Scontro laterale fra veicoli in marcia;Incrocio;Una carreggiata a senso unico di marcia;Asciutto;Asfaltata;Verticale ed orizzontale;Nuvoloso;Normale;Buona;Ore Diurne;0;0;0;2;12.4412;41.78384;-1;2;Autocarro inferiore 35 q.;In marcia / fermata / arresto;Conducente;M;Illeso;0;;Utilizzato;Inesploso
3629707;16;07/01/2018 14:35;Strada Urbana;VIA VITELLIA;in corrispondenza;;del civico n.;35/B;;Tamponamento;Rettilineo;Una carreggiata a senso unico di marcia;Asciutto;Asfaltata;Assente;Sereno;Scarso;Buona;Ore Diurne;0;0;0;2;12.44951;41.88014;-1;1;Motociclo a solo;In marcia / fermata / arresto;Conducente;M;Illeso;0;;Non accertato;
3629707;16;07/01/2018 14:35;Strada Urbana;VIA VITELLIA;in corrispondenza;;del civico n.;35/B;;Tamponamento;Rettilineo;Una carreggiata a senso unico di marcia;Asciutto;Asfaltata;Assente;Sereno;Scarso;Buona;Ore Diurne;0;0;0;2;12.44951;41.88014;-1;2;Motociclo a solo;In marcia / fermata / arresto;Conducente;M;Illeso;0;;Non accertato;
3629709;13;08/01/2018 11:00;Strada Urbana;VIA MAR DEI SARGASSI;all'intersezione con;VIA MAR DEI CORALLI;VIA MAR DEI CORALLI;;;Tamponamento;Incrocio;Una carreggiata a doppio senso;Asciutto;Asfaltata;Verticale;Nuvoloso;Normale;Buona;Ore Diurne;0;0;0;2;12.30115;41.72768;-1;1;Autovettura privata;In marcia / fermata / arresto;Conducente;M;Illeso;0;;Non accertato;Inesploso
3629709;13;08/01/2018 11:00;Strada Urbana;VIA MAR DEI SARGASSI;all'intersezione con;VIA MAR DEI CORALLI;VIA MAR DEI CORALLI;;;Tamponamento;Incrocio;Una carreggiata a doppio senso;Asciutto;Asfaltata;Verticale;Nuvoloso;Normale;Buona;Ore Diurne;0;0;0;2;12.30115;41.72768;-1;2;Autovettura privata;In marcia / fermata / arresto;Conducente;M;Illeso;0;;;
3629751;1;07/01/2018 20:45;Strada Urbana;VIA DELLA STAMPERIA;in prossimità;;del civico n.;64/68a;;Veicolo in marcia contro veicoli in sosta;Rettilineo;Una carreggiata a doppio senso;Asciutto;In cubetti di porfido;Verticale ed orizzontale;Sereno;Scarso;Buona;Sufficiente;0;0;0;1;12.48383;41.90217;-1;1;Autovettura pubblica;In marcia / fermata / arresto;Conducente;M;Illeso;0;;;
3629761;1;08/01/2018 09:10;Strada Urbana;VIA CESARE BATTISTI;in corrispondenza;;del civico n.;121;;Investimento di pedone;Rettilineo;Una carreggiata a doppio senso;Asciutto;In cubetti di porfido;Verticale ed orizzontale;Nuvoloso;Normale;Buona;Ore Diurne;0;0;0;2;12.48295;41.8967;-1;;;;Pedone;F;Illeso;0;;;