Protocollo;Gruppo;DataOraIncidente;Localizzazione1;STRADA1;Localizzazione2;STRADA2;Strada02;Chilometrica;DaSpecificare;NaturaIncidente;particolaritastrade;TipoStrada;FondoStradale;Pavimentazione;Segnaletica;CondizioneAtmosferica;Traffico;Visibilita;Illuminazione;NUM_FERITI;NUM_RISERVATA;NUM_MORTI;NUM_ILLESI;Longitudine;Latitudine;Confermato;Progressivo;TipoVeicolo;StatoVeicolo;TipoPersona;Sesso;Tipolesione;Deceduto;DecedutoDopo;CinturaCascoUtilizzato;Airbag
3630567;8;09/01/2018 00:10;Strada Urbana;VIA ERNESTO BREDA;all'intersezione con;VIA AMBROGIO NECCHI;VIA AMBROGIO NECCHI;;;Scontro frontale/laterale DX fra veicoli in marcia;Intersezione stradale segnalata;Una carreggiata a doppio senso;Asciutto;Asfaltata;Verticale ed orizzontale;Nuvoloso;Scarso;Sufficiente;Sufficiente;0;0;0;9;12.64326;41.86086;-1;1;Autovettura privata;In marcia / fermata / arresto;Passeggero;M;Illeso;0;;Non accertato;Inesploso
3630567;8;09/01/2018 00:10;Strada Urbana;VIA ERNESTO BREDA;all'intersezione con;VIA AMBROGIO NECCHI;VIA AMBROGIO NECCHI;;;Scontro frontale/laterale DX fra veicoli in marcia;Intersezione stradale segnalata;Una carreggiata a doppio senso;Asciutto;Asfaltata;Verticale ed orizzontale;Nuvoloso;Scarso;Sufficiente;Sufficiente;0;0;0;9;12.64326;41.86086;-1;1;Autovettura privata;In marcia / fermata / arresto;Passeggero;M;Illeso;0;;Non accertato;Inesploso
3630567;8;09/01/2018 00:10;Strada Urbana;VIA ERNESTO BREDA;all'intersezione con;VIA AMBROGIO NECCHI;VIA AMBROGIO NECCHI;;;Scontro frontale/laterale DX fra veicoli in marcia;Intersezione stradale segnalata;Una carreggiata a doppio senso;Asciutto;Asfaltata;Verticale ed orizzontale;Nuvoloso;Scarso;Sufficiente;Sufficiente;0;0;0;9;12.64326;41.86086;-1;2;Autovettura privata;In marcia / fermata / arresto;Conducente;M;Illeso;0;;Non accertato;Inesploso
3630567;8;09/01/2018 00:10;Strada Urbana;VIA ERNESTO BREDA;all'intersezione con;VIA AMBROGIO NECCHI;VIA AMBROGIO NECCHI;;;Scontro frontale/laterale DX fra veicoli in marcia;Intersezione stradale segnalata;Una carreggiata a doppio senso;Asciutto;Asfaltata;Verticale ed orizzontale;Nuvoloso;Scarso;Sufficiente;Sufficiente;0;0;0;9;12.64326;41.86086;-1;2;Autovettura privata;In marcia / fermata / arresto;Passeggero;M;Illeso;0;;Non accertato;Inesploso
3630567;8;09/01/2018 00:10;Strada Urbana;VIA ERNESTO BREDA;all'intersezione con;VIA AMBROGIO NECCHI;VIA AMBROGIO NECCHI;;;Scontro frontale/laterale DX fra veicoli in marcia;Intersezione stradale segnalata;Una carreggiata a doppio senso;Asciutto;Asfaltata;Verticale ed orizzontale;Nuvoloso;Scarso;Sufficiente;Sufficiente;0;0;0;9;12.64326;41.86086;-1;2;Autovettura privata;In marcia / fermata / arresto;Passeggero;M;Illeso;0;;Non accertato;Inesploso
3630567;8;09/01/2018 00:10;Strada Urbana;VIA ERNESTO BREDA;all'intersezione con;VIA AMBROGIO NECCHI;VIA AMBROGIO NECCHI;;;Scontro frontale/laterale DX fra veicoli in marcia;Intersezione stradale segnalata;Una carreggiata a doppio senso;Asciutto;Asfaltata;Verticale ed orizzontale;Nuvoloso;Scarso;Sufficiente;Sufficiente;0;0;0;9;12.64326;41.86086;-1;2;Autovettura privata;In marcia / fermata / arresto;Passeggero;F;Illeso;0;;Non accertato;Inesploso
3630573;11;08/01/2018 09:15;Strada Urbana;VIA LAURENTINA;in corrispondenza;;del civico n.;460;;Scontro laterale fra veicoli in marcia;Rettilineo;Due carreggiate;Asciutto;Asfaltata;Assente;Nuvoloso;Normale;Buona;Ore Diurne;0;0;0;2;12.48046;41.83184;-1;1;Autovettura privata;In marcia / fermata / arresto;Conducente;M;Illeso;0;;;
3630573;11;08/01/2018 09:15;Strada Urbana;VIA LAURENTINA;in corrispondenza;;del civico n.;460;;Scontro laterale fra veicoli in marcia;Rettilineo;Due carreggiate;Asciutto;Asfaltata;Assente;Nuvoloso;Normale;Buona;Ore Diurne;0;0;0;2;12.48046;41.83184;-1;2;Autovettura privata;In marcia / fermata / arresto;Conducente;F;Illeso;0;;;
3630575;10;08/01/2018 21:05;Strada Urbana;VIA TUSCOLANA;in corrispondenza;;del palo luce n.;775;;Veicolo in marcia contro ostacolo fisso;Rettilineo;Due carreggiate;Asciutto;Asfaltata;Verticale ed orizzontale;Sereno;Normale;Buona;Sufficiente;0;0;0;1;12.57675;41.84791;-1;1;Autovettura privata;In marcia / fermata / arresto;Conducente;F;Illeso;0;;Non accertato;Esploso
3630579;11;08/01/2018 09:45;Strada Urbana;VIALE DI TOR MARANCIA;in prossimità;;del civico n.;82;;Tamponamento;Rettilineo;Due carreggiate;Asciutto;Asfaltata;Verticale ed orizzontale;Sereno;Normale;Buona;Ore Diurne;1;0;0;1;12.49785;41.85261;-1;1;Motociclo a solo;In marcia / fermata / arresto;Conducente;M;Rimandato;0;NON DECEDUTO;Non accertato;
3630579;11;08/01/2018 09:45;Strada Urbana;VIALE DI TOR MARANCIA;in prossimità;;del civico n.;82;;Tamponamento;Rettilineo;Due carreggiate;Asciutto;Asfaltata;Verticale ed orizzontale;Sereno;Normale;Buona;Ore Diurne;1;0;0;1;12.49785;41.85261;-1;2;Autovettura privata;In marcia / fermata / arresto;Conducente;M;Illeso;0;;Non accertato;Inesploso
3630588;1;08/01/2018 15:40;Strada Urbana;VIALE MARCO POLO;in prossimità;;del palo luce n.;60;;Veicolo in marcia contro ostacolo fisso;Rettilineo;Una carreggiata a senso unico di marcia;Asciutto;Asfaltata;Verticale ed orizzontale;Sereno;Normale;Buona;Ore Diurne;1;0;0;1;12.48916;41.8729;-1;1;Autovettura privata;In marcia / fermata / arresto;Conducente;M;Rimandato;0;NON DECEDUTO;;
3630588;1;08/01/2018 15:40;Strada Urbana;VIALE MARCO POLO;in prossimità;;del palo luce n.;60;;Veicolo in marcia contro ostacolo fisso;Rettilineo;Una carreggiata a senso unico di marcia;Asciutto;Asfaltata;Verticale ed orizzontale;Sereno;Normale;Buona;Ore Diurne;1;0;0;1;12.48916;41.8729;-1;2;Autovettura privata;In marcia / fermata / arresto;Conducente;F;Illeso;0;;;
3630594;13;08/01/2018 19:30;Strada Urbana;VIALE DEI ROMAGNOLI;in prossimità;;del civico n.;748;;Veicolo in marcia contro ostacolo fisso;Rettilineo;Una carreggiata a doppio senso;Asciutto;Asfaltata;Orizzontale;Sereno;Normale;Buona;Sufficiente;0;0;0;2;12.30122;41.75988;-1;1;Autovettura privata;In marcia / fermata / arresto;Conducente;M;Illeso;0;;Non accertato;Inesploso
3630594;13;08/01/2018 19:30;Strada Urbana;VIALE DEI ROMAGNOLI;in prossimità;;del civico n.;748;;Veicolo in marcia contro ostacolo fisso;Rettilineo;Una carreggiata a doppio senso;Asciutto;Asfaltata;Orizzontale;Sereno;Normale;Buona;Sufficiente;0;0;0;2;12.30122;41.75988;-1;1;Autovettura privata;In marcia / fermata / arresto;Passeggero;F;Illeso;0;;Non accertato;Inesploso
3630599;9;09/01/2018 02:20;Strada Urbana;VIA TUSCOLANA;all'intersezione semaforizzata con;VIA DI PORTA FURBA;VIA DI PORTA FURBA;;;Scontro frontale/laterale DX fra veicoli in marcia;Intersezione semaforizzata;Due carreggiate;Asciutto;Asfaltata;Verticale ed orizzontale;Sereno;Scarso;Buona;Sufficiente;2;0;0;2;12.53813;41.86913;-1;1;Autovettura privata;In marcia / fermata / arresto;Conducente;M;Rimandato;0;NON DECEDUTO;Non accertato;Inesploso
3630599;9;09/01/2018 02:20;Strada Urbana;VIA TUSCOLANA;all'intersezione semaforizzata con;VIA DI PORTA FURBA;VIA DI PORTA FURBA;;;Scontro frontale/laterale DX fra veicoli in marcia;Intersezione semaforizzata;Due carreggiate;Asciutto;Asfaltata;Verticale ed orizzontale;Sereno;Scarso;Buona;Sufficiente;2;0;0;2;12.53813;41.86913;-1;2;Autovettura privata;In marcia / fermata / arresto;Conducente;M;Illeso;0;;Non accertato;Inesploso
3630599;9;09/01/2018 02:20;Strada Urbana;VIA TUSCOLANA;all'intersezione semaforizzata con;VIA DI PORTA FURBA;VIA DI PORTA FURBA;;;Scontro frontale/laterale DX fra veicoli in marcia;Intersezione semaforizzata;Due carreggiate;Asciutto;Asfaltata;Verticale ed orizzontale;Sereno;Scarso;Buona;Sufficiente;2;0;0;2;12.53813;41.86913;-1;2;Autovettura privata;In marcia / fermata / arresto;Passeggero;M;Rimandato;0;NON DECEDUTO;Non accertato;Inesploso
3630599;9;09/01/2018 02:20;Strada Urbana;VIA TUSCOLANA;all'intersezione semaforizzata con;VIA DI PORTA FURBA;VIA DI PORTA FURBA;;;Scontro frontale/laterale DX fra veicoli in marcia;Intersezione semaforizzata;Due carreggiate;Asciutto;Asfaltata;Verticale ed orizzontale;Sereno;Scarso;Buona;Sufficiente;2;0;0;2;12.53813;41.86913;-1;2;Autovettura privata;In marcia / fermata / arresto;Passeggero;M;Illeso;0;;Non accertato;Inesploso
3630600;18;08/01/2018 15:30;Strada Urbana;VIA AURELIA;all'intersezione con;VIA DI PORTA PERTUSA;VIA DI PORTA PERTUSA;;;Scontro frontale/laterale SX fra veicoli in marcia;Intersezione stradale segnalata;Una carreggiata a doppio senso;Asciutto;Asfaltata;Verticale ed orizzontale;Nuvoloso;Normale;Buona;Ore Diurne;0;0;0;2;12.44539;41.90119;-1;1;Autovettura pubblica;In marcia / fermata / arresto;Conducente;M;Illeso;0;;Non accertato;Inesploso
3630600;18;08/01/2018 15:30;Strada Urbana;VIA AURELIA;all'intersezione con;VIA DI PORTA PERTUSA;VIA DI PORTA PERTUSA;;;Scontro frontale/laterale SX fra veicoli in marcia;Intersezione stradale segnalata;Una carreggiata a doppio senso;Asciutto;Asfaltata;Verticale ed orizzontale;Nuvoloso;Normale;Buona;Ore Diurne;0;0;0;2;12.44539;41.90119;-1;2;Motociclo a solo;In marcia / fermata / arresto;Conducente;M;Illeso;0;;Non accertato;
3630614;18;08/01/2018 16:50;Strada Urbana;VIA ENNIO BONIFAZI;in corrispondenza;;del civico n.;64;;Scontro laterale fra veicoli in marcia;Rettilineo;Una carreggiata a doppio senso;Asciutto;Asfaltata;Verticale ed orizzontale;Nuvoloso;Normale;Buona;Sufficiente;1;0;0;2;12.41682;41.90603;-1;1;Autovettura privata;In marcia / fermata / arresto;Conducente;F;Illeso;0;;Non accertato;Inesploso
3630614;18;08/01/2018 16:50;Strada Urbana;VIA ENNIO BONIFAZI;in corrispondenza;;del civico n.;64;;Scontro laterale fra veicoli in marcia;Rettilineo;Una carreggiata a doppio senso;Asciutto;Asfaltata;Verticale ed orizzontale;Nuvoloso;Normale;Buona;Sufficiente;1;0;0;2;12.41682;41.90603;-1;2;Motociclo a solo;In marcia / fermata / arresto;Conducente;M;Rimandato;0;NON DECEDUTO;;
3630614;18;08/01/2018 16:50;Strada Urbana;VIA ENNIO BONIFAZI;in corrispondenza;;del civico n.;64;;Scontro laterale fra veicoli in marcia;Rettilineo;Una carreggiata a doppio senso;Asciutto;Asfaltata;Verticale ed orizzontale;Nuvoloso;Normale;Buona;Sufficiente;1;0;0;2;12.41682;41.90603;-1;3;Autovettura pubblica;In marcia / fermata / arresto;Conducente;M;Illeso;0;;Non accertato;Inesploso
3630620;17;08/01/2018 13:30;Strada Urbana;PIAZZALE MARESCIALLO GIARDINO;all'intersezione con;VIA CAPOPRATI;VIA CAPOPRATI;;;Scontro laterale fra veicoli in marcia;Intersezione semaforizzata;Più di due carreggiate;Asciutto;Asfaltata;Assente;Sereno;Normale;Buona;Ore Diurne;0;0;0;1;12.45929;41.92357;-1;1;Autovettura privata;In marcia / fermata / arresto;Conducente;M;Illeso;0;;;
3630621;19;08/01/2018 09:15;Strada Urbana;PIAZZALE DELLE MEDAGLIE D'ORO;da specificare;;;;in prossimità alt. civ. 13 - incrocio Via Cadlolo ;Scontro frontale/laterale DX fra veicoli in marcia;Rettilineo;Una carreggiata a doppio senso;Asciutto;Asfaltata;Verticale ed orizzontale;Sereno;Normale;Buona;Ore Diurne;0;0;0;2;12.44719;41.92366;-1;1;Autovettura privata;In marcia / fermata / arresto;Conducente;M;Illeso;0;;;
3630621;19;08/01/2018 09:15;Strada Urbana;PIAZZALE DELLE MEDAGLIE D'ORO;da specificare;;;;in prossimità alt. civ. 13 - incrocio Via Cadlolo ;Scontro frontale/laterale DX fra veicoli in marcia;Rettilineo;Una carreggiata a doppio senso;Asciutto;Asfaltata;Verticale ed orizzontale;Sereno;Normale;Buona;Ore Diurne;0;0;0;2;12.44719;41.92366;-1;2;Autovettura privata;In marcia / fermata / arresto;Conducente;F;Illeso;0;;Non accertato;
3630625;17;08/01/2018 17:00;Strada Urbana;PIAZZALE MARESCIALLO GIARDINO;da specificare;;;;PROSEGUIMENTO DI VIALE ANGELICO;Tamponamento;Rettilineo;Una carreggiata a doppio senso;Asciutto;Asfaltata;Verticale ed orizzontale;Sereno;Normale;Buona;Sufficiente;0;0;0;2;12.45868;41.92405;-1;1;Autovettura privata;In marcia / fermata / arresto;Conducente;F;Illeso;0;;Non accertato;Inesploso
3630625;17;08/01/2018 17:00;Strada Urbana;PIAZZALE MARESCIALLO GIARDINO;da specificare;;;;PROSEGUIMENTO DI VIALE ANGELICO;Tamponamento;Rettilineo;Una carreggiata a doppio senso;Asciutto;Asfaltata;Verticale ed orizzontale;Sereno;Normale;Buona;Sufficiente;0;0;0;2;12.45868;41.92405;-1;2;Autovettura privata;In marcia / fermata / arresto;Conducente;F;Illeso;0;;;
3630628;9;08/01/2018 09:30;Strada Urbana;VIA SIRIA;in corrispondenza;;del civico n.;52;;Scontro laterale fra veicoli in marcia;Rettilineo;Una carreggiata a doppio senso;Asciutto;Asfaltata;Verticale ed orizzontale;Nuvoloso;Normale;Buona;Ore Diurne;0;0;0;3;12.51139;41.87466;-1;1;Autocarro inferiore 35 q.;In marcia / fermata / arresto;Conducente;M;Illeso;0;;Non accertato;Inesploso
3630628;9;08/01/2018 09:30;Strada Urbana;VIA SIRIA;in corrispondenza;;del civico n.;52;;Scontro laterale fra veicoli in marcia;Rettilineo;Una carreggiata a doppio senso;Asciutto;Asfaltata;Verticale ed orizzontale;Nuvoloso;Normale;Buona;Ore Diurne;0;0;0;3;12.51139;41.87466;-1;2;Autovettura privata;In marcia / fermata / arresto;Conducente;M;Illeso;0;;Non accertato;Inesploso
3630628;9;08/01/2018 09:30;Strada Urbana;VIA SIRIA;in corrispondenza;;del civico n.;52;;Scontro laterale fra veicoli in marcia;Rettilineo;Una carreggiata a doppio senso;Asciutto;Asfaltata;Verticale ed orizzontale;Nuvoloso;Normale;Buona;Ore Diurne;0;0;0;3;12.51139;41.87466;-1;2;Autovettura privata;In marcia / fermata / arresto;Passeggero;M;Illeso;0;;Non accertato;Inesploso
3630629;13;08/01/2018 19:40;Strada Urbana;VIA DI ACQUA ROSSA;da specificare;;;;via dei romagnoli alt. metà tra palo luce 285114/2;Veicolo in marcia contro ostacolo accidentale;Rettilineo;Una carreggiata a doppio senso;Asciutto;Asfaltata;Assente;Sereno;Scarso;Buona;Sufficiente;0;0;0;1;12.27533;41.74245;-1;1;Autovettura privata;In marcia / fermata / arresto;Conducente;M;Illeso;0;;;
3630631;7;08/01/2018 11:30;Strada Urbana;VIA DEI MELI;in corrispondenza;;del civico n.;32;;Scontro frontale/laterale SX fra veicoli in marcia;Rettilineo;Una carreggiata a doppio senso;Asciutto;Asfaltata;Orizzontale;Sereno;Normale;Buona;Ore Diurne;0;0;0;2;12.57679;41.88111;-1;1;Motociclo a solo;Allontanatosi;Conducente;M;Illeso;0;;Non accertato;
3630631;7;08/01/2018 11:30;Strada Urbana;VIA DEI MELI;in corrispondenza;;del civico n.;32;;Scontro frontale/laterale SX fra veicoli in marcia;Rettilineo;Una carreggiata a doppio senso;Asciutto;Asfaltata;Orizzontale;Sereno;Normale;Buona;Ore Diurne;0;0;0;2;12.57679;41.88111;-1;2;Autocarro inferiore 35 q.;In marcia / fermata / arresto;Conducente;M;Illeso;0;;Non accertato;Inesploso
3630632;7;08/01/2018 12:15;Strada Urbana;VIA TUSCOLANA;in prossimità;;del civico n.;1114;;Veicolo in marcia contro veicolo fermo;Rettilineo;Due carreggiate;Asciutto;Asfaltata;Verticale ed orizzontale;Sereno;Normale;Buona;Ore Diurne;0;0;0;3;12.55958;41.85804;-1;1;Autocarro inferiore 35 q.;In marcia / fermata / arresto;Conducente;M;Illeso;0;;;
3630632;7;08/01/2018 12:15;Strada Urbana;VIA TUSCOLANA;in prossimità;;del civico n.;1114;;Veicolo in marcia contro veicolo fermo;Rettilineo;Due carreggiate;Asciutto;Asfaltata;Verticale ed orizzontale;Sereno;Normale;Buona;Ore Diurne;0;0;0;3;12.55958;41.85804;-1;2;Autovettura privata;In marcia / fermata / arresto;Conducente;F;Illeso;0;;;
3630632;7;08/01/2018 12:15;Strada Urbana;VIA TUSCOLANA;in prossimità;;del civico n.;1114;;Veicolo in marcia contro veicolo fermo;Rettilineo;Due carreggiate;Asciutto;Asfaltata;Verticale ed orizzontale;Sereno;Normale;Buona;Ore Diurne;0;0;0;3;12.55958;41.85804;-1;2;Autovettura privata;In marcia / fermata / arresto;Passeggero;M;Illeso;0;;;
3630634;13;08/01/2018 22:45;Strada Urbana;VIA DEL FOSSO DI DRAGONCELLO;da specificare;;;;prox via di macchia palocco;Veicolo in marcia contro ostacolo accidentale;Rettilineo;Una carreggiata a doppio senso;Asciutto;Asfaltata;Assente;Sereno;Scarso;Buona;Sufficiente;0;0;0;2;12.32913;41.76104;-1;1;Autovettura privata;In marcia / fermata / arresto;Conducente;M;Illeso;0;;Non accertato;Inesploso
3630634;13;08/01/2018 22:45;Strada Urbana;VIA DEL FOSSO DI DRAGONCELLO;da specificare;;;;prox via di macchia palocco;Veicolo in marcia contro ostacolo accidentale;Rettilineo;Una carreggiata a doppio senso;Asciutto;Asfaltata;Assente;Sereno;Scarso;Buona;Sufficiente;0;0;0;2;12.32913;41.76104;-1;1;Autovettura privata;In marcia / fermata / arresto;Passeggero;F;Illeso;0;;Non accertato;Inesploso
3630635;7;08/01/2018 19:15;Strada Urbana;VIA DEGLI OLMI;da specificare;;;;ALTEZZA VIA DEI FIORI;Veicolo in marcia contro veicolo in sosta;Rettilineo;Una carreggiata a doppio senso;Asciutto;Asfaltata;Orizzontale;Sereno;Normale;Sufficiente;Sufficiente;0;0;0;3;12.57669;41.87887;-1;1;Autovettura privata;In marcia / fermata / arresto;Conducente;F;Illeso;0;;Non accertato;Inesploso
3630635;7;08/01/2018 19:15;Strada Urbana;VIA DEGLI OLMI;da specificare;;;;ALTEZZA VIA DEI FIORI;Veicolo in marcia contro veicolo in sosta;Rettilineo;Una carreggiata a doppio senso;Asciutto;Asfaltata;Orizzontale;Sereno;Normale;Sufficiente;Sufficiente;0;0;0;3;12.57669;41.87887;-1;1;Autovettura privata;In marcia / fermata / arresto;Passeggero;F;Illeso;0;;Non accertato;Inesploso
3630635;7;08/01/2018 19:15;Strada Urbana;VIA DEGLI OLMI;da specificare;;;;ALTEZZA VIA DEI FIORI;Veicolo in marcia contro veicolo in sosta;Rettilineo;Una carreggiata a doppio senso;Asciutto;Asfaltata;Orizzontale;Sereno;Normale;Sufficiente;Sufficiente;0;0;0;3;12.57669;41.87887;-1;2;Autovettura privata;Sosta;Passeggero;F;Illeso;0;;Non accertato;Inesploso
3630636;1;08/01/2018 18:50;Strada Urbana;PIAZZA DEL COLOSSEO;all'intersezione con;VIA NICOLA SALVI;VIA NICOLA SALVI;;;Scontro laterale fra veicoli in marcia;Intersezione semaforizzata;Una carreggiata a senso unico di marcia;Asciutto;Asfaltata;Verticale ed orizzontale;Sereno;Normale;Buona;Sufficiente;0;0;0;5;12.49439;41.8907;-1;1;Autovettura privata;In marcia / fermata / arresto;Conducente;M;Illeso;0;;Non accertato;Inesploso
3630636;1;08/01/2018 18:50;Strada Urbana;PIAZZA DEL COLOSSEO;all'intersezione con;VIA NICOLA SALVI;VIA NICOLA SALVI;;;Scontro laterale fra veicoli in marcia;Intersezione semaforizzata;Una carreggiata a senso unico di marcia;Asciutto;Asfaltata;Verticale ed orizzontale;Sereno;Normale;Buona;Sufficiente;0;0;0;5;12.49439;41.8907;-1;1;Autovettura privata;In marcia / fermata / arresto;Passeggero;F;Illeso;0;;Non accertato;Inesploso
3630636;1;08/01/2018 18:50;Strada Urbana;PIAZZA DEL COLOSSEO;all'intersezione con;VIA NICOLA SALVI;VIA NICOLA SALVI;;;Scontro laterale fra veicoli in marcia;Intersezione semaforizzata;Una carreggiata a senso unico di marcia;Asciutto;Asfaltata;Verticale ed orizzontale;Sereno;Normale;Buona;Sufficiente;0;0;0;5;12.49439;41.8907;-1;1;Autovettura privata;In marcia / fermata / arresto;Passeggero;M;Illeso;0;;Non accertato;Inesploso
3630636;1;08/01/2018 18:50;Strada Urbana;PIAZZA DEL COLOSSEO;all'intersezione con;VIA NICOLA SALVI;VIA NICOLA SALVI;;;Scontro laterale fra veicoli in marcia;Intersezione semaforizzata;Una carreggiata a senso unico di marcia;Asciutto;Asfaltata;Verticale ed orizzontale;Sereno;Normale;Buona;Sufficiente;0;0;0;5;12.49439;41.8907;-1;1;Autovettura privata;In marcia / fermata / arresto;Passeggero;M;Illeso;0;;Non accertato;
3630636;1;08/01/2018 18:50;Strada Urbana;PIAZZA DEL COLOSSEO;all'intersezione con;VIA NICOLA SALVI;VIA NICOLA SALVI;;;Scontro laterale fra veicoli in marcia;Intersezione semaforizzata;Una carreggiata a senso unico di marcia;Asciutto;Asfaltata;Verticale ed orizzontale;Sereno;Normale;Buona;Sufficiente;0;0;0;5;12.49439;41.8907;-1;2;Autovettura pubblica;In marcia / fermata / arresto;Conducente;M;Illeso;0;;Non accertato;Inesploso
3630637;17;08/01/2018 13:00;Strada Urbana;VIA VIRGINIO ORSINI;all'intersezione con;VIA DEGLI SCIPIONI;VIA DEGLI SCIPIONI;;;Scontro laterale fra veicoli in marcia;Intersezione stradale segnalata;Una carreggiata a doppio senso;Bagnato (pioggia);Strada pavimentata dissestata;Temporanea di cantiere;Nebbia;Scarso;Buona;Ore Diurne;0;0;0;2;12.46924;41.91093;-1;1;Autovettura privata;In marcia / fermata / arresto;Conducente;F;Illeso;0;;;
3630637;17;08/01/2018 13:00;Strada Urbana;VIA VIRGINIO ORSINI;all'intersezione con;VIA DEGLI SCIPIONI;VIA DEGLI SCIPIONI;;;Scontro laterale fra veicoli in marcia;Intersezione stradale segnalata;Una carreggiata a doppio senso;Bagnato (pioggia);Strada pavimentata dissestata;Temporanea di cantiere;Nebbia;Scarso;Buona;Ore Diurne;0;0;0;2;12.46924;41.91093;-1;2;Autovettura privata;In marcia / fermata / arresto;Conducente;M;Illeso;0;;;
3630638;7;08/01/2018 17:50;Strada Urbana;VIA DI TOR SAPIENZA;all'intersezione con;PIAZZA CESARE DE CUPIS;PIAZZA CESARE DE CUPIS;;;Scontro laterale fra veicoli in marcia;Rotatoria;Una carreggiata a senso unico di marcia;Asciutto;Asfaltata;Verticale ed orizzontale;Nuvoloso;Normale;Buona;Sufficiente;0;0;0;3;12.58985;41.90401;-1;1;Autovettura privata;In marcia / fermata / arresto;Conducente;M;Illeso;0;;Non accertato;Inesploso
3630638;7;08/01/2018 17:50;Strada Urbana;VIA DI TOR SAPIENZA;all'intersezione con;PIAZZA CESARE DE CUPIS;PIAZZA CESARE DE CUPIS;;;Scontro laterale fra veicoli in marcia;Rotatoria;Una carreggiata a senso unico di marcia;Asciutto;Asfaltata;Verticale ed orizzontale;Nuvoloso;Normale;Buona;Sufficiente;0;0;0;3;12.58985;41.90401;-1;2;Autovettura privata;In marcia / fermata / arresto;Conducente;F;Illeso;0;;Non accertato;Inesploso
3630638;7;08/01/2018 17:50;Strada Urbana;VIA DI TOR SAPIENZA;all'intersezione con;PIAZZA CESARE DE CUPIS;PIAZZA CESARE DE CUPIS;;;Scontro laterale fra veicoli in marcia;Rotatoria;Una carreggiata a senso unico di marcia;Asciutto;Asfaltata;Verticale ed orizzontale;Nuvoloso;Normale;Buona;Sufficiente;0;0;0;3;12.58985;41.90401;-1;2;Autovettura privata;In marcia / fermata / arresto;Passeggero;M;Illeso;0;;Non accertato;Inesploso
3630642;18;08/01/2018 14:45;Strada Urbana;VIA GREGORIO VII;da specificare;;;;PROSSIMITA' LARGO MICARA;Investimento di pedone;Rettilineo;Più di due carreggiate;Asciutto;Asfaltata;Verticale ed orizzontale;Nuvoloso;Normale;Buona;Ore Diurne;1;0;0;1;12.44075;41.89633;-1;;;;Pedone;F;Rimandato;0;NON DECEDUTO;;
3630642;18;08/01/2018 14:45;Strada Urbana;VIA GREGORIO VII;da specificare;;;;PROSSIMITA' LARGO MICARA;Investimento di pedone;Rettilineo;Più di due carreggiate;Asciutto;Asfaltata;Verticale ed orizzontale;Nuvoloso;Normale;Buona;Ore Diurne;1;0;0;1;12.44075;41.89633;-1;1;Autovettura privata;In marcia / fermata / arresto;Conducente;M;Illeso;0;;;
3630646;20;08/01/2018 07:50;Regionale entro l'abitato;VIA FLAMINIA;in prossimità;;del civico n.;1113;;Tamponamento;Curva a visuale libera;Due carreggiate;Asciutto;Asfaltata;Verticale ed orizzontale;Sereno;Intenso;Buona;Ore Diurne;0;0;0;2;12.49168;41.9837;-1;1;Autovettura privata;In marcia / fermata / arresto;Conducente;M;Illeso;0;;Non accertato;Inesploso
3630646;20;08/01/2018 07:50;Regionale entro l'abitato;VIA FLAMINIA;in prossimità;;del civico n.;1113;;Tamponamento;Curva a visuale libera;Due carreggiate;Asciutto;Asfaltata;Verticale ed orizzontale;Sereno;Intenso;Buona;Ore Diurne;0;0;0;2;12.49168;41.9837;-1;2;Autovettura privata;In marcia / fermata / arresto;Conducente;M;Illeso;0;;Non accertato;Inesploso
3630647;13;08/01/2018 18:00;;VIA TORCEGNO;da specificare;;;;in prossimità del lampione n°70;Veicolo in marcia contro ostacolo fisso;;;;;;;;;;0;0;0;1;12.3759;41.73234;0;1;Autovettura privata;In marcia / fermata / arresto;Conducente;M;Illeso;0;;Non accertato;Inesploso
3630652;19;08/01/2018 13:40;Strada Urbana;VIA TRIONFALE;in corrispondenza;;del civico n.;8610;;Scontro laterale fra veicoli in marcia;Curva a visuale libera;Una carreggiata a senso unico di marcia;Asciutto;Asfaltata;Orizzontale;Nuvoloso;Normale;Buona;Ore Diurne;0;0;0;3;12.42424;41.93954;-1;1;Autovettura privata;In marcia / fermata / arresto;Conducente;F;Illeso;0;;Non accertato;Inesploso
3630652;19;08/01/2018 13:40;Strada Urbana;VIA TRIONFALE;in corrispondenza;;del civico n.;8610;;Scontro laterale fra veicoli in marcia;Curva a visuale libera;Una carreggiata a senso unico di marcia;Asciutto;Asfaltata;Orizzontale;Nuvoloso;Normale;Buona;Ore Diurne;0;0;0;3;12.42424;41.93954;-1;1;Autovettura privata;In marcia / fermata / arresto;Passeggero;F;Illeso;0;;Non accertato;Inesploso
3630652;19;08/01/2018 13:40;Strada Urbana;VIA TRIONFALE;in corrispondenza;;del civico n.;8610;;Scontro laterale fra veicoli in marcia;Curva a visuale libera;Una carreggiata a senso unico di marcia;Asciutto;Asfaltata;Orizzontale;Nuvoloso;Normale;Buona;Ore Diurne;0;0;0;3;12.42424;41.93954;-1;2;Motociclo a solo;In marcia / fermata / arresto;Conducente;M;Illeso;0;;Non accertato;
3630669;20;08/01/2018 08:55;Regionale entro l'abitato;VIA CASSIA;in prossimità;;del civico n.;927g;;Scontro frontale/laterale DX fra veicoli in marcia;Rettilineo;Una carreggiata a doppio senso;Asciutto;Asfaltata;Verticale ed orizzontale;Sereno;Intenso;Buona;Ore Diurne;1;0;0;1;12.43328;41.97145;-1;1;Motociclo a solo;In marcia / fermata / arresto;Conducente;M;Rimandato;0;NON DECEDUTO;Non accertato;