Protocollo;Gruppo;DataOraIncidente;Localizzazione1;STRADA1;Localizzazione2;STRADA2;Strada02;Chilometrica;DaSpecificare;NaturaIncidente;particolaritastrade;TipoStrada;FondoStradale;Pavimentazione;Segnaletica;CondizioneAtmosferica;Traffico;Visibilita;Illuminazione;NUM_FERITI;NUM_RISERVATA;NUM_MORTI;NUM_ILLESI;Longitudine;Latitudine;Confermato;Progressivo;TipoVeicolo;StatoVeicolo;TipoPersona;Sesso;Tipolesione;Deceduto;DecedutoDopo;CinturaCascoUtilizzato;Airbag
3632210;3;06/01/2018 16:30;Strada Urbana;VIA TIBURTINA;da specificare;;;;50 mt ponte di Portonaccio dir. Fuori Roma;Infortunio per caduta del veicolo;Rettilineo;Più di due carreggiate;Asciutto;Asfaltata;Assente;Sereno;Scarso;Buona;Ore Diurne;1;0;0;3;12.53145;41.90827;-1;2;Autovettura privata;In marcia / fermata / arresto;Passeggero;F;Illeso;0;;Non accertato;Inesploso
3632225;19;09/01/2018 11:50;Strada Urbana;PIAZZA MADONNA DEL CENACOLO;in prossimità;;del civico n.;3;;Investimento di pedone;Rotatoria;Una carreggiata a senso unico di marcia;Bagnato (pioggia);Asfaltata;Assente;Pioggia in atto;Normale;Buona;Ore Diurne;1;0;0;1;12.43904;41.92475;-1;;;;Pedone;F;Rimandato;0;NON DECEDUTO;;
3632225;19;09/01/2018 11:50;Strada Urbana;PIAZZA MADONNA DEL CENACOLO;in prossimità;;del civico n.;3;;Investimento di pedone;Rotatoria;Una carreggiata a senso unico di marcia;Bagnato (pioggia);Asfaltata;Assente;Pioggia in atto;Normale;Buona;Ore Diurne;1;0;0;1;12.43904;41.92475;-1;1;Autovettura privata;In marcia / fermata / arresto;Conducente;F;Illeso;0;;Non accertato;Inesploso
3632227;5;09/01/2018 20:10;Strada Urbana;VIA FABRIANO;all'intersezione con;VIA FIUMINATA;VIA FIUMINATA;;;Scontro frontale/laterale SX fra veicoli in marcia;Intersezione stradale segnalata;Una carreggiata a doppio senso;Bagnato (pioggia);Asfaltata;Verticale ed orizzontale;Pioggia in atto;Normale;Sufficiente;Sufficiente;1;0;0;2;12.58442;41.94079;-1;1;Autovettura privata;In marcia / fermata / arresto;Conducente;M;Illeso;0;;Non accertato;
3632227;5;09/01/2018 20:10;Strada Urbana;VIA FABRIANO;all'intersezione con;VIA FIUMINATA;VIA FIUMINATA;;;Scontro frontale/laterale SX fra veicoli in marcia;Intersezione stradale segnalata;Una carreggiata a doppio senso;Bagnato (pioggia);Asfaltata;Verticale ed orizzontale;Pioggia in atto;Normale;Sufficiente;Sufficiente;1;0;0;2;12.58442;41.94079;-1;2;Autovettura privata;In marcia / fermata / arresto;Conducente;F;Illeso;0;;Non accertato;
3632227;5;09/01/2018 20:10;Strada Urbana;VIA FABRIANO;all'intersezione con;VIA FIUMINATA;VIA FIUMINATA;;;Scontro frontale/laterale SX fra veicoli in marcia;Intersezione stradale segnalata;Una carreggiata a doppio senso;Bagnato (pioggia);Asfaltata;Verticale ed orizzontale;Pioggia in atto;Normale;Sufficiente;Sufficiente;1;0;0;2;12.58442;41.94079;-1;3;Autovettura privata;In marcia / fermata / arresto;Conducente;M;Rimandato;0;NON DECEDUTO;Non accertato;
3632243;13;09/01/2018 15:40;Strada Urbana;VIA DI CASTEL FUSANO;all'intersezione con;VIA DEI PESCATORI;VIA DEI PESCATORI;;;Scontro laterale fra veicoli in marcia;Incrocio;Una carreggiata a senso unico di marcia;Asciutto;Asfaltata;Assente;Sereno;Intenso;Buona;Ore Diurne;0;0;0;3;12.31099;41.7478;-1;1;Autovettura privata;In marcia / fermata / arresto;Conducente;M;Illeso;0;;Non accertato;Inesploso
3632243;13;09/01/2018 15:40;Strada Urbana;VIA DI CASTEL FUSANO;all'intersezione con;VIA DEI PESCATORI;VIA DEI PESCATORI;;;Scontro laterale fra veicoli in marcia;Incrocio;Una carreggiata a senso unico di marcia;Asciutto;Asfaltata;Assente;Sereno;Intenso;Buona;Ore Diurne;0;0;0;3;12.31099;41.7478;-1;1;Autovettura privata;In marcia / fermata / arresto;Passeggero;F;Illeso;0;;Non accertato;Inesploso
3632243;13;09/01/2018 15:40;Strada Urbana;VIA DI CASTEL FUSANO;all'intersezione con;VIA DEI PESCATORI;VIA DEI PESCATORI;;;Scontro laterale fra veicoli in marcia;Incrocio;Una carreggiata a senso unico di marcia;Asciutto;Asfaltata;Assente;Sereno;Intenso;Buona;Ore Diurne;0;0;0;3;12.31099;41.7478;-1;2;Autovettura privata;In marcia / fermata / arresto;Conducente;F;Illeso;0;;Non accertato;Inesploso
3632252;13;09/01/2018 18:00;;VIA DIEGO SIMONETTI;in corrispondenza;;del civico n.;56;;Veicolo in marcia contro ostacolo fisso;;;;;;;;;;0;0;0;2;;;0;1;Autovettura privata;In marcia / fermata / arresto;Conducente;F;Illeso;0;;Non accertato;
3632252;13;09/01/2018 18:00;;VIA DIEGO SIMONETTI;in corrispondenza;;del civico n.;56;;Veicolo in marcia contro ostacolo fisso;;;;;;;;;;0;0;0;2;;;0;1;Autovettura privata;In marcia / fermata / arresto;Passeggero;M;Illeso;0;;;
3632260;16;09/01/2018 07:30;Strada Urbana;VIA DI BRAVETTA;in prossimità;;del civico n.;434;;Scontro laterale fra veicoli in marcia;Rettilineo;Una carreggiata a doppio senso;Asciutto;Asfaltata;Verticale ed orizzontale;Nuvoloso;Normale;Buona;Ore Diurne;1;0;0;1;12.42468;41.87547;-1;1;Autovettura privata;In marcia / fermata / arresto;Conducente;M;Illeso;0;;Non accertato;
3632260;16;09/01/2018 07:30;Strada Urbana;VIA DI BRAVETTA;in prossimità;;del civico n.;434;;Scontro laterale fra veicoli in marcia;Rettilineo;Una carreggiata a doppio senso;Asciutto;Asfaltata;Verticale ed orizzontale;Nuvoloso;Normale;Buona;Ore Diurne;1;0;0;1;12.42468;41.87547;-1;2;Motociclo a solo;In marcia / fermata / arresto;Conducente;M;Rimandato;0;NON DECEDUTO;Non accertato;
3632269;1;10/01/2018 02:20;Strada Urbana;VIA ARDEATINA;in corrispondenza;;del civico n.;277;;Veicolo in marcia contro ostacolo fisso;Curva senza visuale libera;Una carreggiata a doppio senso;Bagnato (umidità in atto);Asfaltata;Orizzontale;Sereno;Scarso;Buona;Sufficiente;1;0;0;0;12.51618;41.84489;-1;1;Autovettura privata;In marcia / fermata / arresto;Conducente;F;Rimandato;0;NON DECEDUTO;Utilizzato;Esploso
3632285;16;09/01/2018 18:00;Strada Urbana;PIAZZA OTTAVILLA;in corrispondenza;;del civico n.;14;;Investimento di pedone;Rettilineo;Una carreggiata a doppio senso;Bagnato (pioggia);Asfaltata;Verticale ed orizzontale;Pioggia in atto;Normale;Sufficiente;Sufficiente;0;0;1;1;12.45568;41.88389;-1;;;;Pedone;M;Deceduto durante prime cure;-1;;;
3632285;16;09/01/2018 18:00;Strada Urbana;PIAZZA OTTAVILLA;in corrispondenza;;del civico n.;14;;Investimento di pedone;Rettilineo;Una carreggiata a doppio senso;Bagnato (pioggia);Asfaltata;Verticale ed orizzontale;Pioggia in atto;Normale;Sufficiente;Sufficiente;0;0;1;1;12.45568;41.88389;-1;1;Motociclo a solo;In marcia / fermata / arresto;Conducente;M;Illeso;0;;;
3632287;17;09/01/2018 15:20;Strada Urbana;VIALE DELLE MILIZIE;all'intersezione semaforizzata con;PIAZZA DELLE CINQUE GIORNATE;PIAZZA DELLE CINQUE GIORNATE;;;Veicolo in marcia contro veicoli in sosta;Incrocio;Più di due carreggiate;Bagnato (pioggia);Asfaltata;Verticale ed orizzontale;Nuvoloso;Normale;Buona;Ore Diurne;2;0;0;0;12.46204;41.91204;-1;1;Autovettura privata;In marcia / fermata / arresto;Conducente;M;Rimandato;0;NON DECEDUTO;;
3632287;17;09/01/2018 15:20;Strada Urbana;VIALE DELLE MILIZIE;all'intersezione semaforizzata con;PIAZZA DELLE CINQUE GIORNATE;PIAZZA DELLE CINQUE GIORNATE;;;Veicolo in marcia contro veicoli in sosta;Incrocio;Più di due carreggiate;Bagnato (pioggia);Asfaltata;Verticale ed orizzontale;Nuvoloso;Normale;Buona;Ore Diurne;2;0;0;0;12.46204;41.91204;-1;2;Autovettura pubblica;In marcia / fermata / arresto;Conducente;M;Rimandato;0;NON DECEDUTO;;
3632292;17;09/01/2018;;VIALE DELLE MILIZIE;in prossimità;;del civico n.;3;;Veicolo in marcia contro veicolo in sosta;;;;;;;;;;0;0;0;2;12.46572;41.91289;0;1;Autovettura privata;Sosta;Conducente;M;Illeso;0;;;
3632292;17;09/01/2018;;VIALE DELLE MILIZIE;in prossimità;;del civico n.;3;;Veicolo in marcia contro veicolo in sosta;;;;;;;;;;0;0;0;2;12.46572;41.91289;0;2;Autovettura privata;In marcia / fermata / arresto;Conducente;F;Illeso;0;;;
3632293;17;09/01/2018 20:50;Strada Urbana;CIRCONVALLAZIONE TRIONFALE;in prossimità;;del civico n.;6;;Scontro laterale fra veicoli in marcia;Rettilineo;Due carreggiate;Bagnato (pioggia);Asfaltata;Verticale ed orizzontale;Pioggia in atto;Normale;Buona;Sufficiente;0;0;0;3;12.44939;41.91015;-1;1;Autovettura privata;In marcia / fermata / arresto;Conducente;M;Illeso;0;;;
3632293;17;09/01/2018 20:50;Strada Urbana;CIRCONVALLAZIONE TRIONFALE;in prossimità;;del civico n.;6;;Scontro laterale fra veicoli in marcia;Rettilineo;Due carreggiate;Bagnato (pioggia);Asfaltata;Verticale ed orizzontale;Pioggia in atto;Normale;Buona;Sufficiente;0;0;0;3;12.44939;41.91015;-1;2;Autovettura privata;In marcia / fermata / arresto;Conducente;M;Illeso;0;;;
3632293;17;09/01/2018 20:50;Strada Urbana;CIRCONVALLAZIONE TRIONFALE;in prossimità;;del civico n.;6;;Scontro laterale fra veicoli in marcia;Rettilineo;Due carreggiate;Bagnato (pioggia);Asfaltata;Verticale ed orizzontale;Pioggia in atto;Normale;Buona;Sufficiente;0;0;0;3;12.44939;41.91015;-1;2;Autovettura privata;In marcia / fermata / arresto;Passeggero;M;Illeso;0;;;
3632296;18;10/01/2018 08:20;Strada Urbana;VIA GREGORIO XI;da specificare;;;;prossimità Via Luca Passi;Tamponamento;Rettilineo;Due carreggiate;Bagnato (umidità in atto);Asfaltata;Verticale ed orizzontale;Sereno;Normale;Buona;Ore Diurne;1;0;0;1;12.41137;41.89377;-1;1;Autovettura privata;In marcia / fermata / arresto;Conducente;M;Rimandato;0;NON DECEDUTO;Non accertato;Inesploso
3632296;18;10/01/2018 08:20;Strada Urbana;VIA GREGORIO XI;da specificare;;;;prossimità Via Luca Passi;Tamponamento;Rettilineo;Due carreggiate;Bagnato (umidità in atto);Asfaltata;Verticale ed orizzontale;Sereno;Normale;Buona;Ore Diurne;1;0;0;1;12.41137;41.89377;-1;2;Autovettura privata;In marcia / fermata / arresto;Conducente;M;Illeso;0;;Non accertato;Inesploso
3632302;15;10/01/2018 08:20;Strada Urbana;VIA DELLA PISANA;in corrispondenza;;del civico n.;475;;Scontro frontale/laterale SX fra veicoli in marcia;Rettilineo;Una carreggiata a doppio senso;Bagnato (umidità in atto);Asfaltata;Orizzontale;Sereno;Normale;Buona;Ore Diurne;0;0;0;2;12.39929;41.85839;-1;1;Autovettura privata;In marcia / fermata / arresto;Conducente;M;Illeso;0;;Utilizzato;
3632302;15;10/01/2018 08:20;Strada Urbana;VIA DELLA PISANA;in corrispondenza;;del civico n.;475;;Scontro frontale/laterale SX fra veicoli in marcia;Rettilineo;Una carreggiata a doppio senso;Bagnato (umidità in atto);Asfaltata;Orizzontale;Sereno;Normale;Buona;Ore Diurne;0;0;0;2;12.39929;41.85839;-1;2;Autoarticolato;In marcia / fermata / arresto;Conducente;M;Illeso;0;;Non accertato;Inesploso
3632305;16;09/01/2018 09:10;Strada Urbana;VIA FONTEIANA;in prossimità;;del civico n.;92;;Veicolo in marcia contro veicolo in sosta;Rettilineo;Una carreggiata a doppio senso;Asciutto;Asfaltata;Verticale ed orizzontale;Nuvoloso;Normale;Buona;Ore Diurne;0;0;0;1;12.45486;41.88246;-1;2;Autocarro inferiore 35 q.;In marcia / fermata / arresto;Conducente;M;Illeso;0;;Non accertato;Inesploso
3632308;5;09/01/2018 21:55;Strada Urbana;NUOVA CIRCONVALLAZIONE INTERNA;da specificare;;;;mt. 30 prima usc. M.ti Tiburtini/direz. S.Giovanni;Tamponamento Multiplo;Galleria illuminata;Una carreggiata a senso unico di marcia;Bagnato (pioggia);Asfaltata;Verticale ed orizzontale;Pioggia in atto;Normale;Buona;Sufficiente;0;0;0;4;12.52744;41.92194;-1;1;Autovettura privata;In marcia / fermata / arresto;Conducente;M;Illeso;0;;Non accertato;Inesploso
3632308;5;09/01/2018 21:55;Strada Urbana;NUOVA CIRCONVALLAZIONE INTERNA;da specificare;;;;mt. 30 prima usc. M.ti Tiburtini/direz. S.Giovanni;Tamponamento Multiplo;Galleria illuminata;Una carreggiata a senso unico di marcia;Bagnato (pioggia);Asfaltata;Verticale ed orizzontale;Pioggia in atto;Normale;Buona;Sufficiente;0;0;0;4;12.52744;41.92194;-1;1;Autovettura privata;In marcia / fermata / arresto;Passeggero;F;Illeso;0;;Non accertato;Inesploso
3632308;5;09/01/2018 21:55;Strada Urbana;NUOVA CIRCONVALLAZIONE INTERNA;da specificare;;;;mt. 30 prima usc. M.ti Tiburtini/direz. S.Giovanni;Tamponamento Multiplo;Galleria illuminata;Una carreggiata a senso unico di marcia;Bagnato (pioggia);Asfaltata;Verticale ed orizzontale;Pioggia in atto;Normale;Buona;Sufficiente;0;0;0;4;12.52744;41.92194;-1;2;Autovettura privata;In marcia / fermata / arresto;Conducente;M;Illeso;0;;Non accertato;Inesploso
3632308;5;09/01/2018 21:55;Strada Urbana;NUOVA CIRCONVALLAZIONE INTERNA;da specificare;;;;mt. 30 prima usc. M.ti Tiburtini/direz. S.Giovanni;Tamponamento Multiplo;Galleria illuminata;Una carreggiata a senso unico di marcia;Bagnato (pioggia);Asfaltata;Verticale ed orizzontale;Pioggia in atto;Normale;Buona;Sufficiente;0;0;0;4;12.52744;41.92194;-1;3;Autovettura privata;In marcia / fermata / arresto;Conducente;M;Illeso;0;;Non accertato;Inesploso
3632315;8;09/01/2018 16:05;Strada Urbana;VIA DON PRIMO MAZZOLARI;all'intersezione con;VIA ALBERT SCHWEITZER;VIA ALBERT SCHWEITZER;;;Scontro frontale/laterale SX fra veicoli in marcia;Incrocio;Una carreggiata a doppio senso;Asciutto;Asfaltata;Verticale ed orizzontale;Sereno;Normale;Sufficiente;Ore Diurne;2;0;0;2;12.67294;41.89616;-1;1;Autovettura privata;In marcia / fermata / arresto;Conducente;M;Rifiuta cure immediate;0;NON DECEDUTO;Non accertato;Inesploso
3632315;8;09/01/2018 16:05;Strada Urbana;VIA DON PRIMO MAZZOLARI;all'intersezione con;VIA ALBERT SCHWEITZER;VIA ALBERT SCHWEITZER;;;Scontro frontale/laterale SX fra veicoli in marcia;Incrocio;Una carreggiata a doppio senso;Asciutto;Asfaltata;Verticale ed orizzontale;Sereno;Normale;Sufficiente;Ore Diurne;2;0;0;2;12.67294;41.89616;-1;1;Autovettura privata;In marcia / fermata / arresto;Passeggero;F;Illeso;0;;Non accertato;Inesploso
3632315;8;09/01/2018 16:05;Strada Urbana;VIA DON PRIMO MAZZOLARI;all'intersezione con;VIA ALBERT SCHWEITZER;VIA ALBERT SCHWEITZER;;;Scontro frontale/laterale SX fra veicoli in marcia;Incrocio;Una carreggiata a doppio senso;Asciutto;Asfaltata;Verticale ed orizzontale;Sereno;Normale;Sufficiente;Ore Diurne;2;0;0;2;12.67294;41.89616;-1;1;Autovettura privata;In marcia / fermata / arresto;Passeggero;F;Rifiuta cure immediate;0;NON DECEDUTO;Non accertato;Inesploso
3632315;8;09/01/2018 16:05;Strada Urbana;VIA DON PRIMO MAZZOLARI;all'intersezione con;VIA ALBERT SCHWEITZER;VIA ALBERT SCHWEITZER;;;Scontro frontale/laterale SX fra veicoli in marcia;Incrocio;Una carreggiata a doppio senso;Asciutto;Asfaltata;Verticale ed orizzontale;Sereno;Normale;Sufficiente;Ore Diurne;2;0;0;2;12.67294;41.89616;-1;2;Autovettura privata;In marcia / fermata / arresto;Conducente;M;Illeso;0;;Non accertato;Inesploso
3632319;8;09/01/2018 15:20;Strada Urbana;VIA COLLATINA;in prossimità;;del civico n.;726;;Tamponamento Multiplo;Curva a visuale libera;Una carreggiata a doppio senso;Bagnato (pioggia);Asfaltata;Verticale ed orizzontale;Pioggia in atto;Normale;Buona;Ore Diurne;0;0;0;4;12.64153;41.91136;-1;1;Autovettura privata;In marcia / fermata / arresto;Conducente;M;Illeso;0;;Non utilizzato;Inesploso
3632319;8;09/01/2018 15:20;Strada Urbana;VIA COLLATINA;in prossimità;;del civico n.;726;;Tamponamento Multiplo;Curva a visuale libera;Una carreggiata a doppio senso;Bagnato (pioggia);Asfaltata;Verticale ed orizzontale;Pioggia in atto;Normale;Buona;Ore Diurne;0;0;0;4;12.64153;41.91136;-1;2;Autovettura privata;In marcia / fermata / arresto;Conducente;M;Illeso;0;;Non accertato;Inesploso
3632319;8;09/01/2018 15:20;Strada Urbana;VIA COLLATINA;in prossimità;;del civico n.;726;;Tamponamento Multiplo;Curva a visuale libera;Una carreggiata a doppio senso;Bagnato (pioggia);Asfaltata;Verticale ed orizzontale;Pioggia in atto;Normale;Buona;Ore Diurne;0;0;0;4;12.64153;41.91136;-1;2;Autovettura privata;In marcia / fermata / arresto;Passeggero;F;Illeso;0;;Non accertato;Inesploso
3632319;8;09/01/2018 15:20;Strada Urbana;VIA COLLATINA;in prossimità;;del civico n.;726;;Tamponamento Multiplo;Curva a visuale libera;Una carreggiata a doppio senso;Bagnato (pioggia);Asfaltata;Verticale ed orizzontale;Pioggia in atto;Normale;Buona;Ore Diurne;0;0;0;4;12.64153;41.91136;-1;3;Autovettura privata;In marcia / fermata / arresto;Conducente;M;Illeso;0;;Non accertato;Esploso
3632327;8;09/01/2018 14:05;;VIALE OXFORD;da specificare;;;;SOTTOPASSO INV DI MARCIA;Veicolo in marcia contro ostacolo fisso;;;;;;;;;;1;0;0;0;12.62776;41.86039;0;1;Autovettura privata;In marcia / fermata / arresto;Conducente;M;Ricoverato;0;NON DECEDUTO;;
3632330;19;09/01/2018 12:00;Strada Urbana;VIA DELLA PINETA SACCHETTI;in prossimità;;del civico n.;203;;Tamponamento;Rettilineo;Una carreggiata a senso unico di marcia;Bagnato (pioggia);Asfaltata;Orizzontale;Nuvoloso;Normale;Buona;Ore Diurne;1;0;0;1;12.42653;41.92828;-1;1;Autovettura privata;In marcia / fermata / arresto;Conducente;F;Illeso;0;;Non accertato;Inesploso
3632330;19;09/01/2018 12:00;Strada Urbana;VIA DELLA PINETA SACCHETTI;in prossimità;;del civico n.;203;;Tamponamento;Rettilineo;Una carreggiata a senso unico di marcia;Bagnato (pioggia);Asfaltata;Orizzontale;Nuvoloso;Normale;Buona;Ore Diurne;1;0;0;1;12.42653;41.92828;-1;2;Motociclo a solo;In marcia / fermata / arresto;Conducente;M;Rimandato;0;NON DECEDUTO;Non accertato;
3632333;8;09/01/2018 08:55;Strada Urbana;VIALE DELLA SORBONA;in corrispondenza;;del palo luce n.;117;;Scontro laterale fra veicoli in marcia;Rettilineo;Una carreggiata a senso unico di marcia;Asciutto;Asfaltata;Verticale ed orizzontale;Sereno;Normale;Buona;Ore Diurne;0;0;0;2;12.61209;41.85466;-1;1;Autovettura privata;In marcia / fermata / arresto;Conducente;M;Illeso;0;;Non accertato;Inesploso
3632333;8;09/01/2018 08:55;Strada Urbana;VIALE DELLA SORBONA;in corrispondenza;;del palo luce n.;117;;Scontro laterale fra veicoli in marcia;Rettilineo;Una carreggiata a senso unico di marcia;Asciutto;Asfaltata;Verticale ed orizzontale;Sereno;Normale;Buona;Ore Diurne;0;0;0;2;12.61209;41.85466;-1;2;Autovettura privata;In marcia / fermata / arresto;Conducente;M;Illeso;0;;Non accertato;Inesploso
3632372;13;09/01/2018 20:30;Strada Urbana;VIA ALESSANDRO PIOLA CASELLI;all'intersezione con;VIA ANGELO OLIVIERI;VIA ANGELO OLIVIERI;;;Scontro frontale/laterale DX fra veicoli in marcia;Incrocio;Una carreggiata a doppio senso;Bagnato (pioggia);Asfaltata;Verticale ed orizzontale;Pioggia in atto;Scarso;Buona;Sufficiente;0;0;0;2;12.29109;41.73635;-1;1;Autovettura privata;In marcia / fermata / arresto;Conducente;F;Illeso;0;;Non accertato;Inesploso
3632372;13;09/01/2018 20:30;Strada Urbana;VIA ALESSANDRO PIOLA CASELLI;all'intersezione con;VIA ANGELO OLIVIERI;VIA ANGELO OLIVIERI;;;Scontro frontale/laterale DX fra veicoli in marcia;Incrocio;Una carreggiata a doppio senso;Bagnato (pioggia);Asfaltata;Verticale ed orizzontale;Pioggia in atto;Scarso;Buona;Sufficiente;0;0;0;2;12.29109;41.73635;-1;2;Autovettura privata;In marcia / fermata / arresto;Conducente;F;Illeso;0;;Non accertato;Inesploso
3632376;13;10/01/2018 01:55;;VIA DEI VELIERI;in corrispondenza;;del civico n.;142;;Veicoli in marcia contro veicolo fermo;;;;;;;;;;0;0;0;1;;;0;1;Macchina operatrice;In marcia / fermata / arresto;Conducente;F;Illeso;0;;Non accertato;
3632379;4;09/01/2018 16:00;Strada Urbana;VIA VAGLIA;in corrispondenza;;del civico n.;11;;Scontro frontale/laterale DX fra veicoli in marcia;Rettilineo;Una carreggiata a doppio senso;Bagnato (pioggia);Asfaltata;Orizzontale;Pioggia in atto;Normale;Buona;Ore Diurne;0;0;0;2;12.51407;41.94911;-1;1;Autovettura privata;In marcia / fermata / arresto;Conducente;F;Illeso;0;;;Inesploso
3632379;4;09/01/2018 16:00;Strada Urbana;VIA VAGLIA;in corrispondenza;;del civico n.;11;;Scontro frontale/laterale DX fra veicoli in marcia;Rettilineo;Una carreggiata a doppio senso;Bagnato (pioggia);Asfaltata;Orizzontale;Pioggia in atto;Normale;Buona;Ore Diurne;0;0;0;2;12.51407;41.94911;-1;2;Motociclo a solo;In marcia / fermata / arresto;Conducente;M;Illeso;0;;;
3632420;19;09/01/2018 16:15;Strada Urbana;VIA TRIONFALE;in prossimità;;del civico n.;8321;;Scontro laterale fra veicoli in marcia;Rettilineo;Una carreggiata a senso unico di marcia;Bagnato (pioggia);Asfaltata;Verticale ed orizzontale;Pioggia in atto;Normale;Buona;Ore Diurne;0;0;0;2;12.42663;41.93757;-1;1;Veicolo speciale;In marcia / fermata / arresto;Conducente;M;Illeso;0;;Non accertato;Inesploso
3632420;19;09/01/2018 16:15;Strada Urbana;VIA TRIONFALE;in prossimità;;del civico n.;8321;;Scontro laterale fra veicoli in marcia;Rettilineo;Una carreggiata a senso unico di marcia;Bagnato (pioggia);Asfaltata;Verticale ed orizzontale;Pioggia in atto;Normale;Buona;Ore Diurne;0;0;0;2;12.42663;41.93757;-1;2;Autovettura privata;In marcia / fermata / arresto;Conducente;F;Illeso;0;;Non accertato;Inesploso
3632526;10;10/01/2018 09:00;Strada Urbana;VIA TUSCOLANA;da specificare;;;;inv. di marcia semaforizzato altezza civ. 1245;Scontro frontale/laterale SX fra veicoli in marcia;Rettilineo;Più di due carreggiate;Asciutto;Asfaltata;Verticale ed orizzontale;Sereno;Normale;Buona;Ore Diurne;3;0;0;0;12.60199;41.8361;-1;1;Autovettura privata;In marcia / fermata / arresto;Conducente;F;Rimandato;0;NON DECEDUTO;Non accertato;Inesploso
3632526;10;10/01/2018 09:00;Strada Urbana;VIA TUSCOLANA;da specificare;;;;inv. di marcia semaforizzato altezza civ. 1245;Scontro frontale/laterale SX fra veicoli in marcia;Rettilineo;Più di due carreggiate;Asciutto;Asfaltata;Verticale ed orizzontale;Sereno;Normale;Buona;Ore Diurne;3;0;0;0;12.60199;41.8361;-1;1;Autovettura privata;In marcia / fermata / arresto;Passeggero;F;Rimandato;0;NON DECEDUTO;Non accertato;Inesistente
3632526;10;10/01/2018 09:00;Strada Urbana;VIA TUSCOLANA;da specificare;;;;inv. di marcia semaforizzato altezza civ. 1245;Scontro frontale/laterale SX fra veicoli in marcia;Rettilineo;Più di due carreggiate;Asciutto;Asfaltata;Verticale ed orizzontale;Sereno;Normale;Buona;Ore Diurne;3;0;0;0;12.60199;41.8361;-1;2;Autovettura privata;In marcia / fermata / arresto;Conducente;F;Rimandato;0;NON DECEDUTO;Non accertato;Inesploso
3632539;2;09/01/2018 20:15;Strada Urbana;VIALE PARIOLI;all'intersezione semaforizzata con;VIALE DELLA MOSCHEA;VIALE DELLA MOSCHEA;;;Tamponamento;Intersezione semaforizzata;Una carreggiata a doppio senso;Bagnato (pioggia);Asfaltata;Verticale ed orizzontale;Pioggia in atto;Normale;Sufficiente;Sufficiente;1;0;0;3;12.48764;41.92571;-1;1;Autovettura privata;In marcia / fermata / arresto;Conducente;M;Illeso;0;;Non accertato;Inesploso
3632539;2;09/01/2018 20:15;Strada Urbana;VIALE PARIOLI;all'intersezione semaforizzata con;VIALE DELLA MOSCHEA;VIALE DELLA MOSCHEA;;;Tamponamento;Intersezione semaforizzata;Una carreggiata a doppio senso;Bagnato (pioggia);Asfaltata;Verticale ed orizzontale;Pioggia in atto;Normale;Sufficiente;Sufficiente;1;0;0;3;12.48764;41.92571;-1;2;Autovettura privata;In marcia / fermata / arresto;Conducente;M;Illeso;0;;Non accertato;Inesploso
3632539;2;09/01/2018 20:15;Strada Urbana;VIALE PARIOLI;all'intersezione semaforizzata con;VIALE DELLA MOSCHEA;VIALE DELLA MOSCHEA;;;Tamponamento;Intersezione semaforizzata;Una carreggiata a doppio senso;Bagnato (pioggia);Asfaltata;Verticale ed orizzontale;Pioggia in atto;Normale;Sufficiente;Sufficiente;1;0;0;3;12.48764;41.92571;-1;2;Autovettura privata;In marcia / fermata / arresto;Passeggero;F;Illeso;0;;Non accertato;Inesploso
3632539;2;09/01/2018 20:15;Strada Urbana;VIALE PARIOLI;all'intersezione semaforizzata con;VIALE DELLA MOSCHEA;VIALE DELLA MOSCHEA;;;Tamponamento;Intersezione semaforizzata;Una carreggiata a doppio senso;Bagnato (pioggia);Asfaltata;Verticale ed orizzontale;Pioggia in atto;Normale;Sufficiente;Sufficiente;1;0;0;3;12.48764;41.92571;-1;2;Autovettura privata;In marcia / fermata / arresto;Passeggero;F;Rimandato;0;NON DECEDUTO;Non accertato;Inesploso
3632557;8;09/01/2018 20:20;Strada Urbana;VIA MARCANTONIO RAIMONDI;da specificare;;;;ALTEZZA CAPOLINEA INCROCIO VIA DEI GIARDINETTI;Investimento di pedone;Rettilineo;Una carreggiata a senso unico di marcia;Bagnato (pioggia);Asfaltata;Verticale ed orizzontale;Pioggia in atto;Scarso;Buona;Sufficiente;1;0;0;1;12.60232;41.85856;-1;;;;Pedone;M;Ricoverato;0;NON DECEDUTO;;
3632557;8;09/01/2018 20:20;Strada Urbana;VIA MARCANTONIO RAIMONDI;da specificare;;;;ALTEZZA CAPOLINEA INCROCIO VIA DEI GIARDINETTI;Investimento di pedone;Rettilineo;Una carreggiata a senso unico di marcia;Bagnato (pioggia);Asfaltata;Verticale ed orizzontale;Pioggia in atto;Scarso;Buona;Sufficiente;1;0;0;1;12.60232;41.85856;-1;1;Autovettura privata;In marcia / fermata / arresto;Conducente;M;Illeso;0;;Non accertato;
3632587;4;09/01/2018 11:20;Strada Urbana;VIALE JONIO;da specificare;;;;PROSSIMITA' VIA MATTEO BANDELLO;Tamponamento;Rettilineo;Due carreggiate;Bagnato (pioggia);Asfaltata;Verticale ed orizzontale;Nuvoloso;Normale;Buona;Ore Diurne;1;0;0;1;12.53617;41.94413;-1;1;Autovettura privata;In marcia / fermata / arresto;Conducente;M;Illeso;0;;;