Protocollo;Gruppo;DataOraIncidente;Localizzazione1;STRADA1;Localizzazione2;STRADA2;Strada02;Chilometrica;DaSpecificare;NaturaIncidente;particolaritastrade;TipoStrada;FondoStradale;Pavimentazione;Segnaletica;CondizioneAtmosferica;Traffico;Visibilita;Illuminazione;NUM_FERITI;NUM_RISERVATA;NUM_MORTI;NUM_ILLESI;Longitudine;Latitudine;Confermato;Progressivo;TipoVeicolo;StatoVeicolo;TipoPersona;Sesso;Tipolesione;Deceduto;DecedutoDopo;CinturaCascoUtilizzato;Airbag
3633727;8;10/01/2018 15:30;Strada Urbana;VIA DELLA RISERVA NUOVA;all'intersezione con;VIA PRENESTINA;VIA PRENESTINA;;;Scontro laterale fra veicoli in marcia;Intersezione semaforizzata;Una carreggiata a doppio senso;Asciutto;Asfaltata;Verticale ed orizzontale;Sereno;Normale;Buona;Ore Diurne;0;0;0;3;12.68055;41.8953;-1;2;Autovettura privata;In marcia / fermata / arresto;Conducente;F;Illeso;0;;;
3633741;10;10/01/2018 16:25;Strada Urbana;VIA ALBERTO BURRI;in prossimità;;del civico n.;44;;Veicolo in marcia contro veicoli in arresto;Rettilineo;Una carreggiata a doppio senso;Asciutto;Asfaltata;Orizzontale;Sereno;Scarso;Buona;Ore Diurne;1;0;0;1;12.58091;41.83118;-1;1;Autovettura privata;In marcia / fermata / arresto;Conducente;F;Illeso;0;;Non accertato;Inesploso
3633741;10;10/01/2018 16:25;Strada Urbana;VIA ALBERTO BURRI;in prossimità;;del civico n.;44;;Veicolo in marcia contro veicoli in arresto;Rettilineo;Una carreggiata a doppio senso;Asciutto;Asfaltata;Orizzontale;Sereno;Scarso;Buona;Ore Diurne;1;0;0;1;12.58091;41.83118;-1;2;Autovettura privata;In marcia / fermata / arresto;Conducente;M;Rimandato;0;NON DECEDUTO;Non accertato;Inesploso
3633749;20;10/01/2018 18:45;Strada Urbana;CORSO DI FRANCIA;all'intersezione semaforizzata con;VIA DEL FORO ITALICO;VIA DEL FORO ITALICO;;;Tamponamento;Intersezione semaforizzata;Due carreggiate;Asciutto;Asfaltata;Verticale ed orizzontale;Sereno;Intenso;Buona;Sufficiente;0;0;0;2;12.47091;41.94015;-1;1;Autovettura privata;In marcia / fermata / arresto;Conducente;M;Illeso;0;;Non accertato;Inesploso
3633749;20;10/01/2018 18:45;Strada Urbana;CORSO DI FRANCIA;all'intersezione semaforizzata con;VIA DEL FORO ITALICO;VIA DEL FORO ITALICO;;;Tamponamento;Intersezione semaforizzata;Due carreggiate;Asciutto;Asfaltata;Verticale ed orizzontale;Sereno;Intenso;Buona;Sufficiente;0;0;0;2;12.47091;41.94015;-1;2;Autovettura privata;In marcia / fermata / arresto;Conducente;M;Illeso;0;;Non accertato;Inesploso
3633755;11;10/01/2018 12:00;Strada Urbana;VIA ARDEATINA;in corrispondenza;;del civico n.;775;;Tamponamento Multiplo;Rettilineo;Una carreggiata a senso unico di marcia;Asciutto;Asfaltata;Verticale ed orizzontale;Sereno;Normale;Buona;Ore Diurne;1;0;0;3;12.52736;41.81116;-1;1;Autocarro inferiore 35 q.;In marcia / fermata / arresto;Conducente;M;Illeso;0;;;
3633755;11;10/01/2018 12:00;Strada Urbana;VIA ARDEATINA;in corrispondenza;;del civico n.;775;;Tamponamento Multiplo;Rettilineo;Una carreggiata a senso unico di marcia;Asciutto;Asfaltata;Verticale ed orizzontale;Sereno;Normale;Buona;Ore Diurne;1;0;0;3;12.52736;41.81116;-1;1;Autocarro inferiore 35 q.;In marcia / fermata / arresto;Passeggero;M;Illeso;0;;;
3633755;11;10/01/2018 12:00;Strada Urbana;VIA ARDEATINA;in corrispondenza;;del civico n.;775;;Tamponamento Multiplo;Rettilineo;Una carreggiata a senso unico di marcia;Asciutto;Asfaltata;Verticale ed orizzontale;Sereno;Normale;Buona;Ore Diurne;1;0;0;3;12.52736;41.81116;-1;2;Autovettura privata;In marcia / fermata / arresto;Conducente;M;Rimandato;0;NON DECEDUTO;;
3633755;11;10/01/2018 12:00;Strada Urbana;VIA ARDEATINA;in corrispondenza;;del civico n.;775;;Tamponamento Multiplo;Rettilineo;Una carreggiata a senso unico di marcia;Asciutto;Asfaltata;Verticale ed orizzontale;Sereno;Normale;Buona;Ore Diurne;1;0;0;3;12.52736;41.81116;-1;3;Autocarro inferiore 35 q.;In marcia / fermata / arresto;Conducente;M;Illeso;0;;;
3633767;20;10/01/2018 18:00;Strada Urbana;VIALE DI TOR DI QUINTO;da specificare;;;;prossimità Via Lupi;Investimento di pedone;Rettilineo;Una carreggiata a doppio senso;Asciutto;Asfaltata;Orizzontale;Sereno;Intenso;Buona;Ore Diurne;1;0;0;1;12.47217;41.93736;-1;;;;Pedone;F;Rimandato;0;NON DECEDUTO;;
3633767;20;10/01/2018 18:00;Strada Urbana;VIALE DI TOR DI QUINTO;da specificare;;;;prossimità Via Lupi;Investimento di pedone;Rettilineo;Una carreggiata a doppio senso;Asciutto;Asfaltata;Orizzontale;Sereno;Intenso;Buona;Ore Diurne;1;0;0;1;12.47217;41.93736;-1;1;Motociclo a solo;In marcia / fermata / arresto;Conducente;M;Illeso;0;;Non accertato;
3633777;26;09/01/2018 14:45;Strada Urbana;VIA DI MONTE TARPEO;in prossimità;;del civico n.;varco di accesso;;Veicolo in marcia contro ostacolo fisso;Curva senza visuale libera;Una carreggiata a senso unico di marcia;Bagnato (umidità in atto);In cubetti di porfido;Verticale;Nuvoloso;Scarso;Buona;Ore Diurne;0;0;0;1;12.48346;41.89187;-1;1;Autovettura privata;In marcia / fermata / arresto;Conducente;M;Illeso;0;;;
3633780;20;10/01/2018 11:45;Regionale entro l'abitato;VIA FLAMINIA;in prossimità;;del civico n.;871/A;;Tamponamento;Rettilineo;Due carreggiate;Asciutto;Asfaltata;Orizzontale;Sereno;Scarso;Buona;Ore Diurne;0;0;0;4;12.48458;41.95571;-1;1;Autovettura privata;In marcia / fermata / arresto;Conducente;F;Illeso;0;;;
3633780;20;10/01/2018 11:45;Regionale entro l'abitato;VIA FLAMINIA;in prossimità;;del civico n.;871/A;;Tamponamento;Rettilineo;Due carreggiate;Asciutto;Asfaltata;Orizzontale;Sereno;Scarso;Buona;Ore Diurne;0;0;0;4;12.48458;41.95571;-1;2;Autovettura privata;In marcia / fermata / arresto;Conducente;F;Illeso;0;;;
3633780;20;10/01/2018 11:45;Regionale entro l'abitato;VIA FLAMINIA;in prossimità;;del civico n.;871/A;;Tamponamento;Rettilineo;Due carreggiate;Asciutto;Asfaltata;Orizzontale;Sereno;Scarso;Buona;Ore Diurne;0;0;0;4;12.48458;41.95571;-1;2;Autovettura privata;In marcia / fermata / arresto;Passeggero;M;Illeso;0;;;
3633780;20;10/01/2018 11:45;Regionale entro l'abitato;VIA FLAMINIA;in prossimità;;del civico n.;871/A;;Tamponamento;Rettilineo;Due carreggiate;Asciutto;Asfaltata;Orizzontale;Sereno;Scarso;Buona;Ore Diurne;0;0;0;4;12.48458;41.95571;-1;2;Autovettura privata;In marcia / fermata / arresto;Passeggero;M;Illeso;0;;;
3633782;17;10/01/2018 11:26;Strada Urbana;PONTE DEL RISORGIMENTO;da specificare;;;;lato P.le delle Belle Arti;Scontro laterale fra veicoli in marcia;Rettilineo;Una carreggiata a senso unico di marcia;Asciutto;Asfaltata;Assente;Sereno;Scarso;Buona;Ore Diurne;1;0;0;1;12.47096;41.91873;-1;1;Motociclo a solo;In marcia / fermata / arresto;Conducente;M;Illeso;0;;;
3633782;17;10/01/2018 11:26;Strada Urbana;PONTE DEL RISORGIMENTO;da specificare;;;;lato P.le delle Belle Arti;Scontro laterale fra veicoli in marcia;Rettilineo;Una carreggiata a senso unico di marcia;Asciutto;Asfaltata;Assente;Sereno;Scarso;Buona;Ore Diurne;1;0;0;1;12.47096;41.91873;-1;2;Motociclo con passeggero;In marcia / fermata / arresto;Conducente;F;Rimandato;0;NON DECEDUTO;;
3633786;17;10/01/2018 15:00;Strada Urbana;VIA DELLA CONCILIAZIONE;in prossimità;;del civico n.;4C;;Veicolo in marcia contro ostacolo accidentale;Rettilineo;Più di due carreggiate;Asciutto;In cubetti di porfido;Verticale ed orizzontale;Sereno;Scarso;Buona;Ore Diurne;1;0;0;0;12.46371;41.90256;-1;1;Motociclo a solo;In marcia / fermata / arresto;Conducente;M;Rimandato;0;NON DECEDUTO;;
3633788;19;10/01/2018 18:50;Strada Urbana;VIA BENEDETTO ALOISI MASELLA;in prossimità;;del civico n.;55;;Veicolo in marcia contro ostacolo fisso;Curva senza visuale libera;Una carreggiata a doppio senso;Asciutto;Asfaltata;Assente;Sereno;Normale;Sufficiente;Sufficiente;0;0;0;1;12.40977;41.91586;-1;1;Autovettura privata;In marcia / fermata / arresto;Conducente;M;Illeso;0;;Non accertato;
3633795;4;09/01/2018 20:00;Strada Urbana;VIA NOMENTANA;in corrispondenza;;del civico n.;1141;;Scontro frontale/laterale SX fra veicoli in marcia;Rettilineo;Una carreggiata a senso unico di marcia;Bagnato (pioggia);Asfaltata;Orizzontale;Pioggia in atto;Normale;Buona;Sufficiente;0;0;0;3;12.57751;41.95678;-1;1;Autovettura privata;In marcia / fermata / arresto;Passeggero;M;Illeso;0;;Non accertato;
3633795;4;09/01/2018 20:00;Strada Urbana;VIA NOMENTANA;in corrispondenza;;del civico n.;1141;;Scontro frontale/laterale SX fra veicoli in marcia;Rettilineo;Una carreggiata a senso unico di marcia;Bagnato (pioggia);Asfaltata;Orizzontale;Pioggia in atto;Normale;Buona;Sufficiente;0;0;0;3;12.57751;41.95678;-1;1;Autovettura privata;In marcia / fermata / arresto;Conducente;M;Illeso;0;;Non accertato;
3633795;4;09/01/2018 20:00;Strada Urbana;VIA NOMENTANA;in corrispondenza;;del civico n.;1141;;Scontro frontale/laterale SX fra veicoli in marcia;Rettilineo;Una carreggiata a senso unico di marcia;Bagnato (pioggia);Asfaltata;Orizzontale;Pioggia in atto;Normale;Buona;Sufficiente;0;0;0;3;12.57751;41.95678;-1;2;Autovettura privata;In marcia / fermata / arresto;Conducente;M;Illeso;0;;Non accertato;
3633796;11;10/01/2018 15:30;Strada Urbana;VIA LUCIO VOLUMNIO;da specificare;;;;prox. strada rurale ;Veicolo in marcia contro ostacolo fisso;Rettilineo;Una carreggiata a doppio senso;Asciutto;Strada pavimentata dissestata;Assente;Sereno;Scarso;Buona;Ore Diurne;1;0;0;0;12.545;41.83653;-1;1;Quadriciclo leggero;In marcia / fermata / arresto;Conducente;M;Rimandato;0;NON DECEDUTO;;
3633804;20;11/01/2018 07:30;Strada Urbana;VIA DI VALLE MURICANA;in corrispondenza;;del palo luce n.;63;;Tamponamento;Rettilineo;Una carreggiata a doppio senso;Bagnato (pioggia);Asfaltata;Orizzontale;Pioggia in atto;Normale;Buona;Ore Diurne;1;0;0;2;12.46988;42.02268;0;1;Autovettura privata;In marcia / fermata / arresto;Conducente;M;Rimandato;0;NON DECEDUTO;Non accertato;Inesploso
3633804;20;11/01/2018 07:30;Strada Urbana;VIA DI VALLE MURICANA;in corrispondenza;;del palo luce n.;63;;Tamponamento;Rettilineo;Una carreggiata a doppio senso;Bagnato (pioggia);Asfaltata;Orizzontale;Pioggia in atto;Normale;Buona;Ore Diurne;1;0;0;2;12.46988;42.02268;0;1;Autovettura privata;In marcia / fermata / arresto;Passeggero;M;Illeso;0;;Non accertato;Inesploso
3633804;20;11/01/2018 07:30;Strada Urbana;VIA DI VALLE MURICANA;in corrispondenza;;del palo luce n.;63;;Tamponamento;Rettilineo;Una carreggiata a doppio senso;Bagnato (pioggia);Asfaltata;Orizzontale;Pioggia in atto;Normale;Buona;Ore Diurne;1;0;0;2;12.46988;42.02268;0;2;Autovettura privata;In marcia / fermata / arresto;Conducente;M;Illeso;0;;Non accertato;Inesploso
3633811;12;11/01/2018 07:05;Provinciale entro l'abitato;VIA ARDEATINA;all'intersezione con;VIA DI CASTEL DI LEVA;VIA DI CASTEL DI LEVA;;;Scontro frontale/laterale SX fra veicoli in marcia;Incrocio;Una carreggiata a doppio senso;Bagnato (pioggia);Asfaltata;Verticale ed orizzontale;Pioggia in atto;Normale;Buona;Ore Diurne;0;0;0;2;12.56072;41.74837;-1;1;Autovettura privata;In marcia / fermata / arresto;Conducente;M;Illeso;0;;Non accertato;Inesploso
3633811;12;11/01/2018 07:05;Provinciale entro l'abitato;VIA ARDEATINA;all'intersezione con;VIA DI CASTEL DI LEVA;VIA DI CASTEL DI LEVA;;;Scontro frontale/laterale SX fra veicoli in marcia;Incrocio;Una carreggiata a doppio senso;Bagnato (pioggia);Asfaltata;Verticale ed orizzontale;Pioggia in atto;Normale;Buona;Ore Diurne;0;0;0;2;12.56072;41.74837;-1;2;Autovettura privata;In marcia / fermata / arresto;Conducente;M;Illeso;0;;Non accertato;Inesploso
3633815;17;10/01/2018 21:20;Strada Urbana;PIAZZALE MARESCIALLO GIARDINO;all'intersezione semaforizzata con;LUNGOTEVERE MARESCIALLO CADORNA;LUNGOTEVERE MARESCIALLO CADORNA;;;Tamponamento;Intersezione semaforizzata;Più di due carreggiate;Asciutto;Asfaltata;Verticale ed orizzontale;Sereno;Scarso;Buona;Sufficiente;0;0;0;2;12.45929;41.92357;-1;1;Autovettura privata;In marcia / fermata / arresto;Conducente;M;Illeso;0;;Non accertato;Esploso
3633815;17;10/01/2018 21:20;Strada Urbana;PIAZZALE MARESCIALLO GIARDINO;all'intersezione semaforizzata con;LUNGOTEVERE MARESCIALLO CADORNA;LUNGOTEVERE MARESCIALLO CADORNA;;;Tamponamento;Intersezione semaforizzata;Più di due carreggiate;Asciutto;Asfaltata;Verticale ed orizzontale;Sereno;Scarso;Buona;Sufficiente;0;0;0;2;12.45929;41.92357;-1;2;Autovettura privata;In marcia / fermata / arresto;Conducente;M;Illeso;0;;Non accertato;Inesploso
3633819;17;10/01/2018 23:00;Strada Urbana;PIAZZALE DEGLI EROI;all'intersezione con;VIA CIPRO;VIA CIPRO;;;Investimento di pedone;Incrocio;Due carreggiate;Asciutto;Asfaltata;Verticale ed orizzontale;Sereno;Scarso;Buona;Sufficiente;1;0;0;1;12.44822;41.90872;-1;;;;Pedone;F;Rimandato;0;NON DECEDUTO;;
3633819;17;10/01/2018 23:00;Strada Urbana;PIAZZALE DEGLI EROI;all'intersezione con;VIA CIPRO;VIA CIPRO;;;Investimento di pedone;Incrocio;Due carreggiate;Asciutto;Asfaltata;Verticale ed orizzontale;Sereno;Scarso;Buona;Sufficiente;1;0;0;1;12.44822;41.90872;-1;1;Motociclo a solo;In marcia / fermata / arresto;Conducente;F;Illeso;0;;;
3633821;7;10/01/2018 23:00;Strada Urbana;VIA PRENESTINA;da specificare;;;;altezza civico  890;Scontro frontale/laterale SX fra veicoli in marcia;Rettilineo;Una carreggiata a doppio senso;Asciutto;Asfaltata;Verticale ed orizzontale;Sereno;Normale;Buona;Ore Diurne;0;0;0;4;12.59238;41.8941;-1;1;Autovettura privata;In marcia / fermata / arresto;Conducente;M;Illeso;0;;Non accertato;Esploso
3633821;7;10/01/2018 23:00;Strada Urbana;VIA PRENESTINA;da specificare;;;;altezza civico  890;Scontro frontale/laterale SX fra veicoli in marcia;Rettilineo;Una carreggiata a doppio senso;Asciutto;Asfaltata;Verticale ed orizzontale;Sereno;Normale;Buona;Ore Diurne;0;0;0;4;12.59238;41.8941;-1;1;Autovettura privata;In marcia / fermata / arresto;Passeggero;M;Illeso;0;;Non accertato;Esploso
3633821;7;10/01/2018 23:00;Strada Urbana;VIA PRENESTINA;da specificare;;;;altezza civico  890;Scontro frontale/laterale SX fra veicoli in marcia;Rettilineo;Una carreggiata a doppio senso;Asciutto;Asfaltata;Verticale ed orizzontale;Sereno;Normale;Buona;Ore Diurne;0;0;0;4;12.59238;41.8941;-1;2;Autovettura privata;In marcia / fermata / arresto;Conducente;M;Illeso;0;;Non accertato;Inesploso
3633826;10;10/01/2018 10:40;Strada Urbana;VIA IGNAZIO SCIMONELLI;all'intersezione con;VIA PIETRO ROSANO;VIA PIETRO ROSANO;;;Veicolo in marcia contro ostacolo accidentale;Incrocio;Una carreggiata a doppio senso;Asciutto;Con buche;Verticale ed orizzontale;Sereno;Normale;Buona;Ore Diurne;0;0;0;1;12.59474;41.84515;-1;1;Autovettura privata;In marcia / fermata / arresto;Conducente;M;Illeso;0;;Non accertato;Inesploso
3633829;4;10/01/2018 11:35;Strada Urbana;VIA MONTE EPOMEO;all'intersezione con;VIA TONALE;VIA TONALE;;;Scontro frontale/laterale SX fra veicoli in marcia;Incrocio;Una carreggiata a doppio senso;Bagnato (umidità in atto);Asfaltata;Assente;Sereno;Scarso;Buona;Ore Diurne;1;0;0;1;12.53114;41.94961;-1;1;Autovettura privata;In marcia / fermata / arresto;Conducente;M;Illeso;0;;;
3633829;4;10/01/2018 11:35;Strada Urbana;VIA MONTE EPOMEO;all'intersezione con;VIA TONALE;VIA TONALE;;;Scontro frontale/laterale SX fra veicoli in marcia;Incrocio;Una carreggiata a doppio senso;Bagnato (umidità in atto);Asfaltata;Assente;Sereno;Scarso;Buona;Ore Diurne;1;0;0;1;12.53114;41.94961;-1;2;Autovettura privata;In marcia / fermata / arresto;Conducente;F;Rimandato;0;NON DECEDUTO;;
3633839;10;10/01/2018 14:40;Strada Urbana;VIA QUINTO PUBLICIO;all'intersezione semaforizzata con;VIALE PALMIRO TOGLIATTI;VIALE PALMIRO TOGLIATTI;;;Scontro frontale/laterale SX fra veicoli in marcia;Intersezione semaforizzata;Più di due carreggiate;Asciutto;Asfaltata;Verticale ed orizzontale;Sereno;Normale;Buona;Ore Diurne;0;0;0;2;12.57134;41.85612;-1;1;Autocarro inferiore 35 q.;In marcia / fermata / arresto;Conducente;M;Illeso;0;;;
3633839;10;10/01/2018 14:40;Strada Urbana;VIA QUINTO PUBLICIO;all'intersezione semaforizzata con;VIALE PALMIRO TOGLIATTI;VIALE PALMIRO TOGLIATTI;;;Scontro frontale/laterale SX fra veicoli in marcia;Intersezione semaforizzata;Più di due carreggiate;Asciutto;Asfaltata;Verticale ed orizzontale;Sereno;Normale;Buona;Ore Diurne;0;0;0;2;12.57134;41.85612;-1;2;Autovettura privata;In marcia / fermata / arresto;Conducente;F;Illeso;0;;Non accertato;Inesploso
3633861;10;10/01/2018 16:30;Strada Urbana;VIA TUSCOLANA;in prossimità;;del civico n.;1675;;Tamponamento;Rettilineo;Due carreggiate;Asciutto;Asfaltata;Orizzontale;Sereno;Normale;Buona;Ore Diurne;1;0;0;1;12.64737;41.81942;-1;1;Motociclo a solo;In marcia / fermata / arresto;Conducente;M;Rimandato;0;NON DECEDUTO;Non accertato;
3633861;10;10/01/2018 16:30;Strada Urbana;VIA TUSCOLANA;in prossimità;;del civico n.;1675;;Tamponamento;Rettilineo;Due carreggiate;Asciutto;Asfaltata;Orizzontale;Sereno;Normale;Buona;Ore Diurne;1;0;0;1;12.64737;41.81942;-1;2;Autovettura privata;In marcia / fermata / arresto;Conducente;M;Illeso;0;;;
3633875;9;11/01/2018 07:15;Strada Urbana;VIA MONZA;all'intersezione semaforizzata con;VIA TARANTO;VIA TARANTO;;;Tamponamento;Intersezione semaforizzata;Una carreggiata a doppio senso;Bagnato (pioggia);Asfaltata;Verticale ed orizzontale;Pioggia in atto;Intenso;Buona;Ore Diurne;0;0;0;2;;;0;1;Autocarro inferiore 35 q.;In marcia / fermata / arresto;Conducente;M;Illeso;0;;;
3633875;9;11/01/2018 07:15;Strada Urbana;VIA MONZA;all'intersezione semaforizzata con;VIA TARANTO;VIA TARANTO;;;Tamponamento;Intersezione semaforizzata;Una carreggiata a doppio senso;Bagnato (pioggia);Asfaltata;Verticale ed orizzontale;Pioggia in atto;Intenso;Buona;Ore Diurne;0;0;0;2;;;0;2;Motociclo a solo;In marcia / fermata / arresto;Conducente;M;Illeso;0;;;
3633889;20;11/01/2018 07:25;Strada Urbana;VIA DI VALLE MURICANA;in corrispondenza;;del civico n.;563;;Scontro frontale/laterale SX fra veicoli in marcia;Rettilineo;Una carreggiata a doppio senso;Bagnato (pioggia);Asfaltata;Orizzontale;Pioggia in atto;Normale;Buona;Ore Diurne;1;0;0;3;12.46891;42.03028;-1;1;Autovettura privata;In marcia / fermata / arresto;Conducente;M;Illeso;0;;Non accertato;Inesploso
3633889;20;11/01/2018 07:25;Strada Urbana;VIA DI VALLE MURICANA;in corrispondenza;;del civico n.;563;;Scontro frontale/laterale SX fra veicoli in marcia;Rettilineo;Una carreggiata a doppio senso;Bagnato (pioggia);Asfaltata;Orizzontale;Pioggia in atto;Normale;Buona;Ore Diurne;1;0;0;3;12.46891;42.03028;-1;2;Autovettura privata;In marcia / fermata / arresto;Conducente;M;Illeso;0;;Non accertato;Inesploso
3633889;20;11/01/2018 07:25;Strada Urbana;VIA DI VALLE MURICANA;in corrispondenza;;del civico n.;563;;Scontro frontale/laterale SX fra veicoli in marcia;Rettilineo;Una carreggiata a doppio senso;Bagnato (pioggia);Asfaltata;Orizzontale;Pioggia in atto;Normale;Buona;Ore Diurne;1;0;0;3;12.46891;42.03028;-1;2;Autovettura privata;In marcia / fermata / arresto;Passeggero;F;Rimandato;0;NON DECEDUTO;Non accertato;Inesploso
3633889;20;11/01/2018 07:25;Strada Urbana;VIA DI VALLE MURICANA;in corrispondenza;;del civico n.;563;;Scontro frontale/laterale SX fra veicoli in marcia;Rettilineo;Una carreggiata a doppio senso;Bagnato (pioggia);Asfaltata;Orizzontale;Pioggia in atto;Normale;Buona;Ore Diurne;1;0;0;3;12.46891;42.03028;-1;3;Autovettura privata;In marcia / fermata / arresto;Conducente;M;Illeso;0;;Non accertato;Inesploso
3633918;10;10/01/2018 16:45;Strada Urbana;VIALE ANICIO GALLO;in corrispondenza;;del civico n.;115;;Veicolo in marcia contro veicolo fermo;Rettilineo;Due carreggiate;Asciutto;Asfaltata;Temporanea di cantiere;Sereno;Normale;Buona;Ore Diurne;0;0;0;2;12.56429;41.8525;-1;1;Autovettura privata;In marcia / fermata / arresto;Conducente;M;Illeso;0;;Non accertato;Inesploso
3633918;10;10/01/2018 16:45;Strada Urbana;VIALE ANICIO GALLO;in corrispondenza;;del civico n.;115;;Veicolo in marcia contro veicolo fermo;Rettilineo;Due carreggiate;Asciutto;Asfaltata;Temporanea di cantiere;Sereno;Normale;Buona;Ore Diurne;0;0;0;2;12.56429;41.8525;-1;2;Autocarro inferiore 35 q.;In marcia / fermata / arresto;Conducente;M;Illeso;0;;Non accertato;Inesploso
3633932;2;10/01/2018 13:10;Strada Urbana;LUNGOTEVERE FLAMINIO;in prossimità;;del civico n.;18;;Scontro laterale fra veicoli in marcia;Rettilineo;Una carreggiata a doppio senso;Asciutto;Asfaltata;Verticale ed orizzontale;Sereno;Normale;Buona;Ore Diurne;1;0;0;3;12.47052;41.92147;-1;1;Autovettura privata;In marcia / fermata / arresto;Conducente;M;Illeso;0;;Non accertato;Inesploso
3633932;2;10/01/2018 13:10;Strada Urbana;LUNGOTEVERE FLAMINIO;in prossimità;;del civico n.;18;;Scontro laterale fra veicoli in marcia;Rettilineo;Una carreggiata a doppio senso;Asciutto;Asfaltata;Verticale ed orizzontale;Sereno;Normale;Buona;Ore Diurne;1;0;0;3;12.47052;41.92147;-1;2;Autovettura privata;In marcia / fermata / arresto;Conducente;M;Illeso;0;;;
3633932;2;10/01/2018 13:10;Strada Urbana;LUNGOTEVERE FLAMINIO;in prossimità;;del civico n.;18;;Scontro laterale fra veicoli in marcia;Rettilineo;Una carreggiata a doppio senso;Asciutto;Asfaltata;Verticale ed orizzontale;Sereno;Normale;Buona;Ore Diurne;1;0;0;3;12.47052;41.92147;-1;2;Autovettura privata;In marcia / fermata / arresto;Passeggero;M;Illeso;0;;Non accertato;Inesploso
3633932;2;10/01/2018 13:10;Strada Urbana;LUNGOTEVERE FLAMINIO;in prossimità;;del civico n.;18;;Scontro laterale fra veicoli in marcia;Rettilineo;Una carreggiata a doppio senso;Asciutto;Asfaltata;Verticale ed orizzontale;Sereno;Normale;Buona;Ore Diurne;1;0;0;3;12.47052;41.92147;-1;3;Motociclo a solo;In marcia / fermata / arresto;Conducente;F;Ricoverato;0;NON DECEDUTO;Non accertato;
3633945;16;09/01/2018 22:30;Strada Urbana;VIA GIUSEPPE SPINA;all'intersezione con;VIA AURELIA ANTICA;VIA AURELIA ANTICA;;;Scontro frontale/laterale SX fra veicoli in marcia;Intersezione non regolata/non segnalata;Una carreggiata a senso unico di marcia;Bagnato (pioggia);Asfaltata;Verticale;Pioggia in atto;Scarso;Sufficiente;Sufficiente;0;0;0;5;12.44087;41.88913;-1;1;Autovettura privata;In marcia / fermata / arresto;Passeggero;M;Illeso;0;;Non accertato;
3633945;16;09/01/2018 22:30;Strada Urbana;VIA GIUSEPPE SPINA;all'intersezione con;VIA AURELIA ANTICA;VIA AURELIA ANTICA;;;Scontro frontale/laterale SX fra veicoli in marcia;Intersezione non regolata/non segnalata;Una carreggiata a senso unico di marcia;Bagnato (pioggia);Asfaltata;Verticale;Pioggia in atto;Scarso;Sufficiente;Sufficiente;0;0;0;5;12.44087;41.88913;-1;1;Autovettura privata;In marcia / fermata / arresto;Passeggero;M;Illeso;0;;Non accertato;
3633945;16;09/01/2018 22:30;Strada Urbana;VIA GIUSEPPE SPINA;all'intersezione con;VIA AURELIA ANTICA;VIA AURELIA ANTICA;;;Scontro frontale/laterale SX fra veicoli in marcia;Intersezione non regolata/non segnalata;Una carreggiata a senso unico di marcia;Bagnato (pioggia);Asfaltata;Verticale;Pioggia in atto;Scarso;Sufficiente;Sufficiente;0;0;0;5;12.44087;41.88913;-1;1;Autovettura privata;In marcia / fermata / arresto;Conducente;M;Illeso;0;;Non accertato;
3633945;16;09/01/2018 22:30;Strada Urbana;VIA GIUSEPPE SPINA;all'intersezione con;VIA AURELIA ANTICA;VIA AURELIA ANTICA;;;Scontro frontale/laterale SX fra veicoli in marcia;Intersezione non regolata/non segnalata;Una carreggiata a senso unico di marcia;Bagnato (pioggia);Asfaltata;Verticale;Pioggia in atto;Scarso;Sufficiente;Sufficiente;0;0;0;5;12.44087;41.88913;-1;1;Autovettura privata;In marcia / fermata / arresto;Passeggero;F;Illeso;0;;Non accertato;
3633945;16;09/01/2018 22:30;Strada Urbana;VIA GIUSEPPE SPINA;all'intersezione con;VIA AURELIA ANTICA;VIA AURELIA ANTICA;;;Scontro frontale/laterale SX fra veicoli in marcia;Intersezione non regolata/non segnalata;Una carreggiata a senso unico di marcia;Bagnato (pioggia);Asfaltata;Verticale;Pioggia in atto;Scarso;Sufficiente;Sufficiente;0;0;0;5;12.44087;41.88913;-1;2;Autovettura privata;In marcia / fermata / arresto;Conducente;M;Illeso;0;;Non accertato;
3633948;2;10/01/2018 09:30;Strada Urbana;CORSO D'ITALIA;in prossimità;;del civico n.;fr. 41/a;;Veicolo in marcia contro ostacolo fisso;Rettilineo;Una carreggiata a doppio senso;Asciutto;Asfaltata;Verticale ed orizzontale;Sereno;Normale;Buona;Ore Diurne;0;0;0;1;12.49647;41.91137;-1;1;Autovettura privata;In marcia / fermata / arresto;Conducente;F;Illeso;0;;Non accertato;Inesploso
3633954;2;10/01/2018 07:30;Strada Urbana;PIAZZALE DELLE CANESTRE;da specificare;;;;pross. P.LE CANONICA;Veicolo in marcia contro ostacolo fisso;Rettilineo;Una carreggiata a doppio senso;Bagnato (umidità in atto);Asfaltata;Verticale ed orizzontale;Sereno;Scarso;Buona;Ore Diurne;0;0;0;1;12.48479;41.91258;-1;1;Autovettura privata;In marcia / fermata / arresto;Conducente;M;Illeso;0;;;
3633957;2;10/01/2018 17:45;Strada Urbana;VIALE BRUNO BUOZZI;all'intersezione con;VIA DELLE TRE MADONNE;VIA DELLE TRE MADONNE;;;Scontro frontale/laterale SX fra veicoli in marcia;Incrocio;Una carreggiata a doppio senso;Asciutto;Asfaltata;Verticale ed orizzontale;Sereno;Normale;Buona;Sufficiente;0;0;0;3;12.4895;41.92159;-1;1;Autovettura privata;In marcia / fermata / arresto;Conducente;F;Illeso;0;;;