Protocollo;Gruppo;DataOraIncidente;Localizzazione1;STRADA1;Localizzazione2;STRADA2;Strada02;Chilometrica;DaSpecificare;NaturaIncidente;particolaritastrade;TipoStrada;FondoStradale;Pavimentazione;Segnaletica;CondizioneAtmosferica;Traffico;Visibilita;Illuminazione;NUM_FERITI;NUM_RISERVATA;NUM_MORTI;NUM_ILLESI;Longitudine;Latitudine;Confermato;Progressivo;TipoVeicolo;StatoVeicolo;TipoPersona;Sesso;Tipolesione;Deceduto;DecedutoDopo;CinturaCascoUtilizzato;Airbag
3634471;1;11/01/2018 07:45;Strada Urbana;LUNGOTEVERE DE' CENCI;all'intersezione semaforizzata con;PONTE GARIBALDI;PONTE GARIBALDI;;;Scontro frontale/laterale DX fra veicoli in marcia;Intersezione semaforizzata;Una carreggiata a senso unico di marcia;Bagnato (pioggia);Asfaltata;Verticale ed orizzontale;Pioggia in atto;Intenso;Buona;Ore Diurne;2;0;0;2;12.47647;41.89194;-1;1;Autovettura di polizia;In marcia / fermata / arresto;Conducente;M;Illeso;0;;Non accertato;Inesploso
3634471;1;11/01/2018 07:45;Strada Urbana;LUNGOTEVERE DE' CENCI;all'intersezione semaforizzata con;PONTE GARIBALDI;PONTE GARIBALDI;;;Scontro frontale/laterale DX fra veicoli in marcia;Intersezione semaforizzata;Una carreggiata a senso unico di marcia;Bagnato (pioggia);Asfaltata;Verticale ed orizzontale;Pioggia in atto;Intenso;Buona;Ore Diurne;2;0;0;2;12.47647;41.89194;-1;1;Autovettura di polizia;In marcia / fermata / arresto;Passeggero;M;Illeso;0;;Non accertato;Inesploso
3634471;1;11/01/2018 07:45;Strada Urbana;LUNGOTEVERE DE' CENCI;all'intersezione semaforizzata con;PONTE GARIBALDI;PONTE GARIBALDI;;;Scontro frontale/laterale DX fra veicoli in marcia;Intersezione semaforizzata;Una carreggiata a senso unico di marcia;Bagnato (pioggia);Asfaltata;Verticale ed orizzontale;Pioggia in atto;Intenso;Buona;Ore Diurne;2;0;0;2;12.47647;41.89194;-1;2;Autovettura privata;In marcia / fermata / arresto;Conducente;M;Rifiuta cure immediate;0;NON DECEDUTO;Non accertato;Inesploso
3634471;1;11/01/2018 07:45;Strada Urbana;LUNGOTEVERE DE' CENCI;all'intersezione semaforizzata con;PONTE GARIBALDI;PONTE GARIBALDI;;;Scontro frontale/laterale DX fra veicoli in marcia;Intersezione semaforizzata;Una carreggiata a senso unico di marcia;Bagnato (pioggia);Asfaltata;Verticale ed orizzontale;Pioggia in atto;Intenso;Buona;Ore Diurne;2;0;0;2;12.47647;41.89194;-1;2;Autovettura privata;In marcia / fermata / arresto;Passeggero;F;Rimandato;0;NON DECEDUTO;Non accertato;Inesploso
3634499;12;09/01/2018 18:10;Statale entro l'abitato;VIA DEL MARE;all'intersezione con;VIA DELL'IPPICA;VIA DELL'IPPICA;;;Investimento di pedone;Incrocio;Una carreggiata a doppio senso;Bagnato (pioggia);Asfaltata;Verticale;Pioggia in atto;Intenso;Insufficiente;Insufficiente;1;0;0;1;12.4362;41.81954;-1;;;;Pedone;F;Rimandato;0;NON DECEDUTO;;
3634499;12;09/01/2018 18:10;Statale entro l'abitato;VIA DEL MARE;all'intersezione con;VIA DELL'IPPICA;VIA DELL'IPPICA;;;Investimento di pedone;Incrocio;Una carreggiata a doppio senso;Bagnato (pioggia);Asfaltata;Verticale;Pioggia in atto;Intenso;Insufficiente;Insufficiente;1;0;0;1;12.4362;41.81954;-1;1;Motociclo a solo;In marcia / fermata / arresto;Conducente;M;Illeso;0;;Utilizzato;
3634522;23;10/01/2018 08:00;Strada Urbana;VIA CRISTOFORO COLOMBO;all'intersezione semaforizzata con;VIA DEL CANALE DELLA LINGUA;VIA DEL CANALE DELLA LINGUA;;;Scontro frontale/laterale DX fra veicoli in marcia;Intersezione semaforizzata;Più di due carreggiate;Bagnato (umidità in atto);Asfaltata;Verticale ed orizzontale;Sereno;Normale;Buona;Ore Diurne;0;0;0;4;12.41155;41.78584;-1;1;Autovettura privata;In marcia / fermata / arresto;Conducente;M;Illeso;0;;Non accertato;Inesploso
3634522;23;10/01/2018 08:00;Strada Urbana;VIA CRISTOFORO COLOMBO;all'intersezione semaforizzata con;VIA DEL CANALE DELLA LINGUA;VIA DEL CANALE DELLA LINGUA;;;Scontro frontale/laterale DX fra veicoli in marcia;Intersezione semaforizzata;Più di due carreggiate;Bagnato (umidità in atto);Asfaltata;Verticale ed orizzontale;Sereno;Normale;Buona;Ore Diurne;0;0;0;4;12.41155;41.78584;-1;2;Autovettura privata;In marcia / fermata / arresto;Conducente;M;Illeso;0;;Non accertato;Inesploso
3634522;23;10/01/2018 08:00;Strada Urbana;VIA CRISTOFORO COLOMBO;all'intersezione semaforizzata con;VIA DEL CANALE DELLA LINGUA;VIA DEL CANALE DELLA LINGUA;;;Scontro frontale/laterale DX fra veicoli in marcia;Intersezione semaforizzata;Più di due carreggiate;Bagnato (umidità in atto);Asfaltata;Verticale ed orizzontale;Sereno;Normale;Buona;Ore Diurne;0;0;0;4;12.41155;41.78584;-1;2;Autovettura privata;In marcia / fermata / arresto;Passeggero;F;Illeso;0;;Non accertato;Inesploso
3634522;23;10/01/2018 08:00;Strada Urbana;VIA CRISTOFORO COLOMBO;all'intersezione semaforizzata con;VIA DEL CANALE DELLA LINGUA;VIA DEL CANALE DELLA LINGUA;;;Scontro frontale/laterale DX fra veicoli in marcia;Intersezione semaforizzata;Più di due carreggiate;Bagnato (umidità in atto);Asfaltata;Verticale ed orizzontale;Sereno;Normale;Buona;Ore Diurne;0;0;0;4;12.41155;41.78584;-1;2;Autovettura privata;In marcia / fermata / arresto;Passeggero;M;Illeso;0;;Non accertato;Inesistente
3634561;7;11/01/2018 14:00;Strada Urbana;VIA CARLO CARRA';da specificare;;;;prossimità Via Tranquillo Cremona;Tamponamento;Curva a visuale libera;Una carreggiata a senso unico di marcia;Bagnato (pioggia);Asfaltata;Verticale ed orizzontale;Pioggia in atto;Normale;Buona;Ore Diurne;0;0;0;2;12.58614;41.89891;-1;1;Autovettura privata;In marcia / fermata / arresto;Conducente;M;Illeso;0;;Non accertato;Inesploso
3634561;7;11/01/2018 14:00;Strada Urbana;VIA CARLO CARRA';da specificare;;;;prossimità Via Tranquillo Cremona;Tamponamento;Curva a visuale libera;Una carreggiata a senso unico di marcia;Bagnato (pioggia);Asfaltata;Verticale ed orizzontale;Pioggia in atto;Normale;Buona;Ore Diurne;0;0;0;2;12.58614;41.89891;-1;2;Autovettura privata;In marcia / fermata / arresto;Conducente;F;Illeso;0;;Non accertato;Inesploso
3634562;16;09/01/2018 19:15;Strada Urbana;VIA ANTON GIULIO BARRILI;all'intersezione con;VIA ARTURO COLAUTTI;VIA ARTURO COLAUTTI;;;Investimento di pedone;Incrocio;Una carreggiata a doppio senso;Bagnato (pioggia);Asfaltata;Verticale ed orizzontale;Pioggia in atto;Scarso;Sufficiente;Sufficiente;1;0;0;1;12.46062;41.87896;-1;;;;Pedone;M;Rifiuta cure immediate;0;NON DECEDUTO;;
3634562;16;09/01/2018 19:15;Strada Urbana;VIA ANTON GIULIO BARRILI;all'intersezione con;VIA ARTURO COLAUTTI;VIA ARTURO COLAUTTI;;;Investimento di pedone;Incrocio;Una carreggiata a doppio senso;Bagnato (pioggia);Asfaltata;Verticale ed orizzontale;Pioggia in atto;Scarso;Sufficiente;Sufficiente;1;0;0;1;12.46062;41.87896;-1;1;Motociclo con passeggero;In marcia / fermata / arresto;Conducente;M;Illeso;0;;Non accertato;
3634592;1;11/01/2018 07:05;Strada Urbana;VIA LUIGI PETROSELLI;in prossimità;;del civico n.;45;;Investimento di pedone;Rettilineo;Una carreggiata a doppio senso;Bagnato (pioggia);In cubetti di porfido;Verticale ed orizzontale;Pioggia in atto;Normale;Insufficiente;Insufficiente;2;0;0;0;12.48107;41.89028;-1;;;;Pedone;F;Rimandato;0;NON DECEDUTO;;
3634592;1;11/01/2018 07:05;Strada Urbana;VIA LUIGI PETROSELLI;in prossimità;;del civico n.;45;;Investimento di pedone;Rettilineo;Una carreggiata a doppio senso;Bagnato (pioggia);In cubetti di porfido;Verticale ed orizzontale;Pioggia in atto;Normale;Insufficiente;Insufficiente;2;0;0;0;12.48107;41.89028;-1;1;Motociclo a solo;In marcia / fermata / arresto;Conducente;M;Rifiuta cure immediate;0;NON DECEDUTO;Non accertato;
3634629;16;11/01/2018;Strada Urbana;VIA DEL PESCACCIO;da specificare;;;;50 MT PRIMA SVINCOLO GRA;Veicolo in marcia contro ostacolo accidentale;Rettilineo;Una carreggiata a doppio senso;Bagnato (pioggia);Con buche;Verticale ed orizzontale;Pioggia in atto;Normale;Buona;Ore Diurne;0;0;0;1;12.37518;41.86695;-1;1;Autovettura privata;In marcia / fermata / arresto;Conducente;M;Illeso;0;;;
3634639;1;11/01/2018 09:40;Strada Urbana;VIA ODOARDO BECCARI;in corrispondenza;;del civico n.;119;;Tamponamento Multiplo;Rettilineo;Una carreggiata a doppio senso;Bagnato (pioggia);Asfaltata;Assente;Nuvoloso;Scarso;Sufficiente;Ore Diurne;1;0;0;3;12.49189;41.8724;-1;1;Motociclo a solo;In marcia / fermata / arresto;Conducente;M;Illeso;0;;Non accertato;
3634639;1;11/01/2018 09:40;Strada Urbana;VIA ODOARDO BECCARI;in corrispondenza;;del civico n.;119;;Tamponamento Multiplo;Rettilineo;Una carreggiata a doppio senso;Bagnato (pioggia);Asfaltata;Assente;Nuvoloso;Scarso;Sufficiente;Ore Diurne;1;0;0;3;12.49189;41.8724;-1;2;Motociclo a solo;In marcia / fermata / arresto;Conducente;M;Rimandato;0;NON DECEDUTO;Non accertato;
3634639;1;11/01/2018 09:40;Strada Urbana;VIA ODOARDO BECCARI;in corrispondenza;;del civico n.;119;;Tamponamento Multiplo;Rettilineo;Una carreggiata a doppio senso;Bagnato (pioggia);Asfaltata;Assente;Nuvoloso;Scarso;Sufficiente;Ore Diurne;1;0;0;3;12.49189;41.8724;-1;3;Autovettura privata;In marcia / fermata / arresto;Conducente;F;Illeso;0;;Non accertato;Inesploso
3634639;1;11/01/2018 09:40;Strada Urbana;VIA ODOARDO BECCARI;in corrispondenza;;del civico n.;119;;Tamponamento Multiplo;Rettilineo;Una carreggiata a doppio senso;Bagnato (pioggia);Asfaltata;Assente;Nuvoloso;Scarso;Sufficiente;Ore Diurne;1;0;0;3;12.49189;41.8724;-1;3;Autovettura privata;In marcia / fermata / arresto;Passeggero;F;Illeso;0;;Non accertato;Inesploso
3634651;9;11/01/2018 13:40;Strada Urbana;VIA APPIA NUOVA;da specificare;;;;fronte civico VIA IVREA;Scontro laterale fra veicoli in marcia;Rettilineo;Più di due carreggiate;Bagnato (pioggia);Asfaltata;Verticale ed orizzontale;Pioggia in atto;Normale;Buona;Ore Diurne;0;0;0;2;12.51944;41.87721;-1;1;Autocarro inferiore 35 q.;In marcia / fermata / arresto;Conducente;M;Illeso;0;;Non accertato;Inesploso
3634651;9;11/01/2018 13:40;Strada Urbana;VIA APPIA NUOVA;da specificare;;;;fronte civico VIA IVREA;Scontro laterale fra veicoli in marcia;Rettilineo;Più di due carreggiate;Bagnato (pioggia);Asfaltata;Verticale ed orizzontale;Pioggia in atto;Normale;Buona;Ore Diurne;0;0;0;2;12.51944;41.87721;-1;2;Autovettura privata;In marcia / fermata / arresto;Conducente;M;Illeso;0;;Non accertato;Inesploso
3634667;18;09/01/2018 08:40;Strada Urbana;VIA DI BOCCEA;all'intersezione con;VIA DEL QUARTACCIO;VIA DEL QUARTACCIO;;;Scontro frontale/laterale DX fra veicoli in marcia;Intersezione stradale segnalata;Due carreggiate;Asciutto;Asfaltata;Verticale ed orizzontale;Nuvoloso;Intenso;Buona;Ore Diurne;1;0;0;2;12.37296;41.92203;-1;1;Autovettura privata;In marcia / fermata / arresto;Conducente;F;Illeso;0;;Non accertato;Inesploso
3634667;18;09/01/2018 08:40;Strada Urbana;VIA DI BOCCEA;all'intersezione con;VIA DEL QUARTACCIO;VIA DEL QUARTACCIO;;;Scontro frontale/laterale DX fra veicoli in marcia;Intersezione stradale segnalata;Due carreggiate;Asciutto;Asfaltata;Verticale ed orizzontale;Nuvoloso;Intenso;Buona;Ore Diurne;1;0;0;2;12.37296;41.92203;-1;2;Autovettura privata;In marcia / fermata / arresto;Conducente;F;Illeso;0;;Non accertato;Inesploso
3634667;18;09/01/2018 08:40;Strada Urbana;VIA DI BOCCEA;all'intersezione con;VIA DEL QUARTACCIO;VIA DEL QUARTACCIO;;;Scontro frontale/laterale DX fra veicoli in marcia;Intersezione stradale segnalata;Due carreggiate;Asciutto;Asfaltata;Verticale ed orizzontale;Nuvoloso;Intenso;Buona;Ore Diurne;1;0;0;2;12.37296;41.92203;-1;2;Autovettura privata;In marcia / fermata / arresto;Passeggero;M;Rimandato;0;NON DECEDUTO;Non accertato;Inesploso
3634673;3;10/01/2018 15:25;Strada Urbana;VIA DELLA LEGA LOMBARDA;in prossimità;;del civico n.;36;;Tamponamento;Rettilineo;Una carreggiata a senso unico di marcia;Asciutto;Asfaltata;Verticale;Sereno;Normale;Buona;Ore Diurne;0;0;0;3;12.52388;41.90855;-1;1;Autovettura privata;In marcia / fermata / arresto;Conducente;M;Illeso;0;;Non accertato;Inesploso
3634673;3;10/01/2018 15:25;Strada Urbana;VIA DELLA LEGA LOMBARDA;in prossimità;;del civico n.;36;;Tamponamento;Rettilineo;Una carreggiata a senso unico di marcia;Asciutto;Asfaltata;Verticale;Sereno;Normale;Buona;Ore Diurne;0;0;0;3;12.52388;41.90855;-1;2;Autovettura privata;In marcia / fermata / arresto;Conducente;M;Illeso;0;;Non accertato;Inesploso
3634673;3;10/01/2018 15:25;Strada Urbana;VIA DELLA LEGA LOMBARDA;in prossimità;;del civico n.;36;;Tamponamento;Rettilineo;Una carreggiata a senso unico di marcia;Asciutto;Asfaltata;Verticale;Sereno;Normale;Buona;Ore Diurne;0;0;0;3;12.52388;41.90855;-1;2;Autovettura privata;In marcia / fermata / arresto;Passeggero;M;Illeso;0;;Non accertato;Inesploso
3634685;1;11/01/2018 12:35;Strada Urbana;PIAZZALE ARDEATINO;all'intersezione semaforizzata con;VIA COSTANTINO BELTRAMI;VIA COSTANTINO BELTRAMI;;;Scontro frontale/laterale SX fra veicoli in marcia;Intersezione semaforizzata;Una carreggiata a doppio senso;Bagnato (pioggia);Asfaltata;Verticale ed orizzontale;Nuvoloso;Normale;Buona;Ore Diurne;1;0;0;1;12.48709;41.87653;-1;1;Autovettura privata;In marcia / fermata / arresto;Conducente;F;Rifiuta cure immediate;0;NON DECEDUTO;Non accertato;Inesploso
3634685;1;11/01/2018 12:35;Strada Urbana;PIAZZALE ARDEATINO;all'intersezione semaforizzata con;VIA COSTANTINO BELTRAMI;VIA COSTANTINO BELTRAMI;;;Scontro frontale/laterale SX fra veicoli in marcia;Intersezione semaforizzata;Una carreggiata a doppio senso;Bagnato (pioggia);Asfaltata;Verticale ed orizzontale;Nuvoloso;Normale;Buona;Ore Diurne;1;0;0;1;12.48709;41.87653;-1;2;Autovettura privata;In marcia / fermata / arresto;Conducente;M;Illeso;0;;Non accertato;Esploso
3634686;3;10/01/2018 02:00;Strada Urbana;VIA DELLA BATTERIA NOMENTANA;all'intersezione con;CIRCONVALLAZIONE NOMENTANA;CIRCONVALLAZIONE NOMENTANA;;;Veicolo in marcia contro veicolo in sosta;Intersezione stradale segnalata;Una carreggiata a senso unico di marcia;Bagnato (umidità in atto);Asfaltata;Verticale ed orizzontale;Nuvoloso;Scarso;Buona;Sufficiente;0;0;0;2;12.52737;41.92639;-1;2;Autovettura privata;In marcia / fermata / arresto;Conducente;M;Illeso;0;;Non accertato;
3634686;3;10/01/2018 02:00;Strada Urbana;VIA DELLA BATTERIA NOMENTANA;all'intersezione con;CIRCONVALLAZIONE NOMENTANA;CIRCONVALLAZIONE NOMENTANA;;;Veicolo in marcia contro veicolo in sosta;Intersezione stradale segnalata;Una carreggiata a senso unico di marcia;Bagnato (umidità in atto);Asfaltata;Verticale ed orizzontale;Nuvoloso;Scarso;Buona;Sufficiente;0;0;0;2;12.52737;41.92639;-1;2;Autovettura privata;In marcia / fermata / arresto;Passeggero;M;Illeso;0;;Non accertato;
3634793;17;11/01/2018 13:45;Strada Urbana;LUNGOTEVERE MICHELANGELO;all'intersezione con;VIALE GIULIO CESARE;VIALE GIULIO CESARE;;;Veicolo in marcia contro ostacolo fisso;Incrocio;Più di due carreggiate;Bagnato (umidità in atto);Asfaltata;Verticale ed orizzontale;Nuvoloso;Scarso;Buona;Ore Diurne;1;0;0;2;12.47053;41.9118;-1;1;Autovettura privata;In marcia / fermata / arresto;Conducente;M;Illeso;0;;Non accertato;Inesploso
3634793;17;11/01/2018 13:45;Strada Urbana;LUNGOTEVERE MICHELANGELO;all'intersezione con;VIALE GIULIO CESARE;VIALE GIULIO CESARE;;;Veicolo in marcia contro ostacolo fisso;Incrocio;Più di due carreggiate;Bagnato (umidità in atto);Asfaltata;Verticale ed orizzontale;Nuvoloso;Scarso;Buona;Ore Diurne;1;0;0;2;12.47053;41.9118;-1;1;Autovettura privata;In marcia / fermata / arresto;Passeggero;F;Illeso;0;;Non accertato;Inesploso
3634793;17;11/01/2018 13:45;Strada Urbana;LUNGOTEVERE MICHELANGELO;all'intersezione con;VIALE GIULIO CESARE;VIALE GIULIO CESARE;;;Veicolo in marcia contro ostacolo fisso;Incrocio;Più di due carreggiate;Bagnato (umidità in atto);Asfaltata;Verticale ed orizzontale;Nuvoloso;Scarso;Buona;Ore Diurne;1;0;0;2;12.47053;41.9118;-1;2;Motociclo a solo;In marcia / fermata / arresto;Conducente;F;Rimandato;0;NON DECEDUTO;Non accertato;
3634794;6;11/01/2018 12:10;Provinciale entro l'abitato;VIA PRENESTINA;all'intersezione con;LARGO PRENESTE;LARGO PRENESTE;;;Scontro laterale fra veicoli in marcia;Incrocio;Più di due carreggiate;Bagnato (umidità in atto);Asfaltata;Verticale ed orizzontale;Nuvoloso;Normale;Buona;Ore Diurne;0;0;0;3;12.54198;41.89272;-1;1;Autovettura privata;In marcia / fermata / arresto;Conducente;F;Illeso;0;;Non accertato;Inesploso
3634794;6;11/01/2018 12:10;Provinciale entro l'abitato;VIA PRENESTINA;all'intersezione con;LARGO PRENESTE;LARGO PRENESTE;;;Scontro laterale fra veicoli in marcia;Incrocio;Più di due carreggiate;Bagnato (umidità in atto);Asfaltata;Verticale ed orizzontale;Nuvoloso;Normale;Buona;Ore Diurne;0;0;0;3;12.54198;41.89272;-1;2;Autovettura di polizia;In marcia / fermata / arresto;Conducente;M;Illeso;0;;Non accertato;Inesploso
3634794;6;11/01/2018 12:10;Provinciale entro l'abitato;VIA PRENESTINA;all'intersezione con;LARGO PRENESTE;LARGO PRENESTE;;;Scontro laterale fra veicoli in marcia;Incrocio;Più di due carreggiate;Bagnato (umidità in atto);Asfaltata;Verticale ed orizzontale;Nuvoloso;Normale;Buona;Ore Diurne;0;0;0;3;12.54198;41.89272;-1;2;Autovettura di polizia;In marcia / fermata / arresto;Passeggero;F;Illeso;0;;Non accertato;Inesploso
3634848;18;11/01/2018 06:30;Strada Urbana;VIA FRANCESCO SCADUTO;all'intersezione con;VIA GRAZIANO;VIA GRAZIANO;;;Scontro frontale/laterale DX fra veicoli in marcia;Intersezione stradale segnalata;Una carreggiata a doppio senso;Bagnato (pioggia);Asfaltata;Verticale ed orizzontale;Pioggia in atto;Normale;Sufficiente;Sufficiente;1;0;0;1;12.4319;41.90087;-1;1;Autovettura privata;In marcia / fermata / arresto;Conducente;M;Illeso;0;;Non accertato;Inesploso
3634848;18;11/01/2018 06:30;Strada Urbana;VIA FRANCESCO SCADUTO;all'intersezione con;VIA GRAZIANO;VIA GRAZIANO;;;Scontro frontale/laterale DX fra veicoli in marcia;Intersezione stradale segnalata;Una carreggiata a doppio senso;Bagnato (pioggia);Asfaltata;Verticale ed orizzontale;Pioggia in atto;Normale;Sufficiente;Sufficiente;1;0;0;1;12.4319;41.90087;-1;2;Velocipede;In marcia / fermata / arresto;Conducente;M;Rifiuta cure immediate;0;NON DECEDUTO;Esente;
3634868;17;11/01/2018 11:05;Strada Urbana;VIALE GIOVANNI FALCONE E PAOLO BORSELLIN;all'intersezione semaforizzata con;PIAZZALE CLODIO;PIAZZALE CLODIO;;;Fuoriuscita dalla sede stradale;Intersezione semaforizzata;Due carreggiate;Bagnato (pioggia);Asfaltata;Verticale ed orizzontale;Nuvoloso;Normale;Buona;Ore Diurne;1;0;0;0;12.45434;41.91691;-1;1;Motociclo a solo;In marcia / fermata / arresto;Conducente;M;Rimandato;0;NON DECEDUTO;Non accertato;
3634877;18;11/01/2018 08:55;Strada Urbana;VIA DI SELVA CANDIDA;da specificare;;;;FRONTE CIV. 88;Tamponamento;Rettilineo;Una carreggiata a doppio senso;Bagnato (pioggia);Asfaltata;Verticale ed orizzontale;Nuvoloso;Normale;Buona;Ore Diurne;1;0;0;1;12.37725;41.93438;-1;1;Autovettura privata;In marcia / fermata / arresto;Conducente;F;Illeso;0;;;
3634877;18;11/01/2018 08:55;Strada Urbana;VIA DI SELVA CANDIDA;da specificare;;;;FRONTE CIV. 88;Tamponamento;Rettilineo;Una carreggiata a doppio senso;Bagnato (pioggia);Asfaltata;Verticale ed orizzontale;Nuvoloso;Normale;Buona;Ore Diurne;1;0;0;1;12.37725;41.93438;-1;2;Motociclo a solo;In marcia / fermata / arresto;Conducente;M;Rifiuta cure immediate;0;NON DECEDUTO;;
3634888;18;11/01/2018 10:50;Strada Urbana;VIA GREGORIO XI;da specificare;;;;fronte civico 335;Tamponamento Multiplo;Curva a visuale libera;Una carreggiata a doppio senso;Bagnato (pioggia);Asfaltata;Verticale ed orizzontale;Pioggia in atto;Normale;Buona;Ore Diurne;1;0;0;2;12.40451;41.89197;-1;1;Autovettura privata;In marcia / fermata / arresto;Conducente;M;Ricoverato;0;NON DECEDUTO;Non utilizzato;Esploso
3634888;18;11/01/2018 10:50;Strada Urbana;VIA GREGORIO XI;da specificare;;;;fronte civico 335;Tamponamento Multiplo;Curva a visuale libera;Una carreggiata a doppio senso;Bagnato (pioggia);Asfaltata;Verticale ed orizzontale;Pioggia in atto;Normale;Buona;Ore Diurne;1;0;0;2;12.40451;41.89197;-1;2;Autocarro inferiore 35 q.;In marcia / fermata / arresto;Conducente;M;Illeso;0;;Non accertato;Inesploso
3634888;18;11/01/2018 10:50;Strada Urbana;VIA GREGORIO XI;da specificare;;;;fronte civico 335;Tamponamento Multiplo;Curva a visuale libera;Una carreggiata a doppio senso;Bagnato (pioggia);Asfaltata;Verticale ed orizzontale;Pioggia in atto;Normale;Buona;Ore Diurne;1;0;0;2;12.40451;41.89197;-1;3;Autocarro inferiore 35 q.;In marcia / fermata / arresto;Conducente;M;Illeso;0;;Non accertato;Inesploso
3634930;20;11/01/2018 08:00;Strada Urbana;VIA DEL FORO ITALICO;da specificare;;;;Galleria Giovanni XXIII;Fuoriuscita dalla sede stradale;Curva a visuale libera;Una carreggiata a senso unico di marcia;Bagnato (pioggia);Asfaltata;Verticale ed orizzontale;Pioggia in atto;Normale;Buona;Ore Diurne;1;0;0;0;12.48375;41.93991;-1;1;Autovettura privata;In marcia / fermata / arresto;Conducente;M;Rimandato;0;NON DECEDUTO;Non accertato;
3634942;10;11/01/2018 18:30;Strada Urbana;VIA DEL CASALE AGOSTINELLI;in prossimità;;del civico n.;143;;Investimento di pedone;Rettilineo;Una carreggiata a doppio senso;Bagnato (pioggia);Asfaltata;Orizzontale;Pioggia in atto;Scarso;Insufficiente;Sufficiente;1;0;0;1;12.60108;41.81478;-1;;;;Pedone;F;Rimandato;0;NON DECEDUTO;;
3634942;10;11/01/2018 18:30;Strada Urbana;VIA DEL CASALE AGOSTINELLI;in prossimità;;del civico n.;143;;Investimento di pedone;Rettilineo;Una carreggiata a doppio senso;Bagnato (pioggia);Asfaltata;Orizzontale;Pioggia in atto;Scarso;Insufficiente;Sufficiente;1;0;0;1;12.60108;41.81478;-1;1;Autovettura privata;In marcia / fermata / arresto;Conducente;M;Illeso;0;;Non accertato;Inesploso
3634961;20;11/01/2018 10:20;Strada Urbana;VIALE DEL MINISTERO DEGLI AFFARI ESTERI;all'intersezione con;VIA SALVATORE CONTARINI;VIA SALVATORE CONTARINI;;;Scontro frontale/laterale DX fra veicoli in marcia;Incrocio;Due carreggiate;Asciutto;Asfaltata;Verticale;Nuvoloso;Scarso;Buona;Ore Diurne;0;0;0;2;12.461;41.93442;-1;1;Autovettura privata;In marcia / fermata / arresto;Conducente;M;Illeso;0;;Non accertato;
3634961;20;11/01/2018 10:20;Strada Urbana;VIALE DEL MINISTERO DEGLI AFFARI ESTERI;all'intersezione con;VIA SALVATORE CONTARINI;VIA SALVATORE CONTARINI;;;Scontro frontale/laterale DX fra veicoli in marcia;Incrocio;Due carreggiate;Asciutto;Asfaltata;Verticale;Nuvoloso;Scarso;Buona;Ore Diurne;0;0;0;2;12.461;41.93442;-1;2;Autovettura privata;In marcia / fermata / arresto;Conducente;M;Illeso;0;;Non accertato;
3634972;15;11/01/2018 10:40;Strada Urbana;VIA PIETRO BLASERNA;da specificare;;;;fronte civ. 105;Veicolo in marcia contro veicolo in sosta;Rettilineo;Una carreggiata a doppio senso;Bagnato (pioggia);Asfaltata;Assente;Nuvoloso;Normale;Buona;Ore Diurne;0;0;0;4;12.47138;41.86595;-1;2;Autovettura privata;In marcia / fermata / arresto;Conducente;M;Illeso;0;;;
3634972;15;11/01/2018 10:40;Strada Urbana;VIA PIETRO BLASERNA;da specificare;;;;fronte civ. 105;Veicolo in marcia contro veicolo in sosta;Rettilineo;Una carreggiata a doppio senso;Bagnato (pioggia);Asfaltata;Assente;Nuvoloso;Normale;Buona;Ore Diurne;0;0;0;4;12.47138;41.86595;-1;2;Autovettura privata;In marcia / fermata / arresto;Passeggero;M;Illeso;0;;;
3634972;15;11/01/2018 10:40;Strada Urbana;VIA PIETRO BLASERNA;da specificare;;;;fronte civ. 105;Veicolo in marcia contro veicolo in sosta;Rettilineo;Una carreggiata a doppio senso;Bagnato (pioggia);Asfaltata;Assente;Nuvoloso;Normale;Buona;Ore Diurne;0;0;0;4;12.47138;41.86595;-1;2;Autovettura privata;In marcia / fermata / arresto;Passeggero;M;Illeso;0;;;
3634972;15;11/01/2018 10:40;Strada Urbana;VIA PIETRO BLASERNA;da specificare;;;;fronte civ. 105;Veicolo in marcia contro veicolo in sosta;Rettilineo;Una carreggiata a doppio senso;Bagnato (pioggia);Asfaltata;Assente;Nuvoloso;Normale;Buona;Ore Diurne;0;0;0;4;12.47138;41.86595;-1;2;Autovettura privata;In marcia / fermata / arresto;Passeggero;M;Illeso;0;;;
3634986;15;11/01/2018 13:10;Comunale extraurbana;VIA DELLA PISANA;da specificare;;;; rampa uscita GRA dir.ne Malagrotta;Scontro frontale/laterale SX fra veicoli in marcia;Rettilineo;Una carreggiata a doppio senso;Bagnato (pioggia);Asfaltata;Verticale ed orizzontale;Pioggia in atto;Normale;Buona;Ore Diurne;0;0;0;3;12.38897;41.85768;-1;1;Autocarro inferiore 35 q.;In marcia / fermata / arresto;Conducente;M;Illeso;0;;;
3634986;15;11/01/2018 13:10;Comunale extraurbana;VIA DELLA PISANA;da specificare;;;; rampa uscita GRA dir.ne Malagrotta;Scontro frontale/laterale SX fra veicoli in marcia;Rettilineo;Una carreggiata a doppio senso;Bagnato (pioggia);Asfaltata;Verticale ed orizzontale;Pioggia in atto;Normale;Buona;Ore Diurne;0;0;0;3;12.38897;41.85768;-1;1;Autocarro inferiore 35 q.;In marcia / fermata / arresto;Passeggero;M;Illeso;0;;;