Protocollo;Gruppo;DataOraIncidente;Localizzazione1;STRADA1;Localizzazione2;STRADA2;Strada02;Chilometrica;DaSpecificare;NaturaIncidente;particolaritastrade;TipoStrada;FondoStradale;Pavimentazione;Segnaletica;CondizioneAtmosferica;Traffico;Visibilita;Illuminazione;NUM_FERITI;NUM_RISERVATA;NUM_MORTI;NUM_ILLESI;Longitudine;Latitudine;Confermato;Progressivo;TipoVeicolo;StatoVeicolo;TipoPersona;Sesso;Tipolesione;Deceduto;DecedutoDopo;CinturaCascoUtilizzato;Airbag
3640566;19;15/01/2018 16:00;Strada Urbana;VIA S. GIUSEPPE DA COPERTINO;da specificare;;;;altezza rotatoria G.R.A.;Scontro laterale fra veicoli in marcia;Rotatoria;Una carreggiata a senso unico di marcia;Bagnato (pioggia);Asfaltata;Verticale ed orizzontale;Pioggia in atto;Normale;Buona;Ore Diurne;0;0;0;2;12.48445;41.8171;-1;2;Autovettura privata;In marcia / fermata / arresto;Conducente;M;Illeso;0;;Non accertato;Inesploso
3640568;5;15/01/2018 08:30;Strada Urbana;VIA TIBURTINA;all'intersezione con;VIA DELLE CAVE DI PIETRALATA;VIA DELLE CAVE DI PIETRALATA;;;Scontro laterale fra veicoli in marcia;Intersezione stradale segnalata;Due carreggiate;Asciutto;Asfaltata;Verticale ed orizzontale;Sereno;Intenso;Buona;Ore Diurne;0;0;0;3;12.53653;41.90845;-1;1;Autovettura privata;In marcia / fermata / arresto;Conducente;M;Illeso;0;;Non accertato;Inesistente
3640568;5;15/01/2018 08:30;Strada Urbana;VIA TIBURTINA;all'intersezione con;VIA DELLE CAVE DI PIETRALATA;VIA DELLE CAVE DI PIETRALATA;;;Scontro laterale fra veicoli in marcia;Intersezione stradale segnalata;Due carreggiate;Asciutto;Asfaltata;Verticale ed orizzontale;Sereno;Intenso;Buona;Ore Diurne;0;0;0;3;12.53653;41.90845;-1;1;Autovettura privata;In marcia / fermata / arresto;Passeggero;F;Illeso;0;;Non accertato;Inesploso
3640568;5;15/01/2018 08:30;Strada Urbana;VIA TIBURTINA;all'intersezione con;VIA DELLE CAVE DI PIETRALATA;VIA DELLE CAVE DI PIETRALATA;;;Scontro laterale fra veicoli in marcia;Intersezione stradale segnalata;Due carreggiate;Asciutto;Asfaltata;Verticale ed orizzontale;Sereno;Intenso;Buona;Ore Diurne;0;0;0;3;12.53653;41.90845;-1;2;Autovettura privata;In marcia / fermata / arresto;Conducente;F;Illeso;0;;Non accertato;Inesistente
3640569;18;15/01/2018 22:35;Strada Urbana;VIA AURELIA;all'intersezione con;VIA DI PORTA PERTUSA;VIA DI PORTA PERTUSA;;;Scontro frontale/laterale DX fra veicoli in marcia;Incrocio;Una carreggiata a doppio senso;Bagnato (pioggia);Asfaltata;Orizzontale;Nuvoloso;Scarso;Buona;Sufficiente;1;0;0;1;12.38873;41.88752;-1;1;Autovettura pubblica;In marcia / fermata / arresto;Conducente;M;Illeso;0;;;
3640569;18;15/01/2018 22:35;Strada Urbana;VIA AURELIA;all'intersezione con;VIA DI PORTA PERTUSA;VIA DI PORTA PERTUSA;;;Scontro frontale/laterale DX fra veicoli in marcia;Incrocio;Una carreggiata a doppio senso;Bagnato (pioggia);Asfaltata;Orizzontale;Nuvoloso;Scarso;Buona;Sufficiente;1;0;0;1;12.38873;41.88752;-1;2;Motociclo a solo;In marcia / fermata / arresto;Conducente;M;Rifiuta cure immediate;0;NON DECEDUTO;;
3640571;1;13/01/2018 07:05;Strada Urbana;VIA LEONIDA BISSOLATI;all'intersezione con;VIA DI S. BASILIO;VIA DI S. BASILIO;;;Veicolo in marcia contro ostacolo fisso;Incrocio;Una carreggiata a doppio senso;Asciutto;Asfaltata;Verticale ed orizzontale;Sereno;Scarso;Buona;Ore Diurne;0;0;0;5;12.49175;41.90556;-1;1;Autovettura privata;In marcia / fermata / arresto;Conducente;M;Illeso;0;;Non accertato;Inesploso
3640571;1;13/01/2018 07:05;Strada Urbana;VIA LEONIDA BISSOLATI;all'intersezione con;VIA DI S. BASILIO;VIA DI S. BASILIO;;;Veicolo in marcia contro ostacolo fisso;Incrocio;Una carreggiata a doppio senso;Asciutto;Asfaltata;Verticale ed orizzontale;Sereno;Scarso;Buona;Ore Diurne;0;0;0;5;12.49175;41.90556;-1;2;Altro;In marcia / fermata / arresto;Conducente;M;Illeso;0;;Non accertato;Inesploso
3640571;1;13/01/2018 07:05;Strada Urbana;VIA LEONIDA BISSOLATI;all'intersezione con;VIA DI S. BASILIO;VIA DI S. BASILIO;;;Veicolo in marcia contro ostacolo fisso;Incrocio;Una carreggiata a doppio senso;Asciutto;Asfaltata;Verticale ed orizzontale;Sereno;Scarso;Buona;Ore Diurne;0;0;0;5;12.49175;41.90556;-1;2;Altro;In marcia / fermata / arresto;Passeggero;M;Illeso;0;;Non accertato;
3640571;1;13/01/2018 07:05;Strada Urbana;VIA LEONIDA BISSOLATI;all'intersezione con;VIA DI S. BASILIO;VIA DI S. BASILIO;;;Veicolo in marcia contro ostacolo fisso;Incrocio;Una carreggiata a doppio senso;Asciutto;Asfaltata;Verticale ed orizzontale;Sereno;Scarso;Buona;Ore Diurne;0;0;0;5;12.49175;41.90556;-1;2;Altro;In marcia / fermata / arresto;Passeggero;M;Illeso;0;;Non accertato;
3640571;1;13/01/2018 07:05;Strada Urbana;VIA LEONIDA BISSOLATI;all'intersezione con;VIA DI S. BASILIO;VIA DI S. BASILIO;;;Veicolo in marcia contro ostacolo fisso;Incrocio;Una carreggiata a doppio senso;Asciutto;Asfaltata;Verticale ed orizzontale;Sereno;Scarso;Buona;Ore Diurne;0;0;0;5;12.49175;41.90556;-1;2;Altro;In marcia / fermata / arresto;Passeggero;M;Illeso;0;;Non accertato;
3640575;11;15/01/2018 19:55;Strada Urbana;VIA CRISTOFORO COLOMBO;in corrispondenza;;del civico n.;38;;Veicolo in marcia contro ostacolo accidentale;Rettilineo;Più di due carreggiate;Bagnato (pioggia);Asfaltata;Verticale ed orizzontale;Nuvoloso;Normale;Buona;Sufficiente;0;0;0;1;12.49596;41.87001;-1;1;Motociclo a solo;In marcia / fermata / arresto;Conducente;M;Illeso;0;;Non accertato;
3640577;18;15/01/2018 13:05;Strada Urbana;LARGO GREGORIO XIII;all'intersezione con;VIA DI BOCCEA;VIA DI BOCCEA;;;Scontro laterale fra veicoli in marcia;Intersezione stradale segnalata;Due carreggiate;Asciutto;Asfaltata;Verticale ed orizzontale;Nuvoloso;Normale;Buona;Ore Diurne;0;0;0;2;12.41882;41.90379;-1;1;Autovettura privata;In marcia / fermata / arresto;Conducente;M;Illeso;0;;;
3640577;18;15/01/2018 13:05;Strada Urbana;LARGO GREGORIO XIII;all'intersezione con;VIA DI BOCCEA;VIA DI BOCCEA;;;Scontro laterale fra veicoli in marcia;Intersezione stradale segnalata;Due carreggiate;Asciutto;Asfaltata;Verticale ed orizzontale;Nuvoloso;Normale;Buona;Ore Diurne;0;0;0;2;12.41882;41.90379;-1;2;Autovettura privata;In marcia / fermata / arresto;Conducente;M;Illeso;0;;;
3640585;5;15/01/2018 12:40;Strada Urbana;VIA TIBURTINA;da specificare;;;;dir. Roma Centro alt.fermata Metro Ponte Mammolo;Veicolo in marcia contro ostacolo fisso;Curva a visuale libera;Due carreggiate;Asciutto;Asfaltata;Verticale ed orizzontale;Sereno;Normale;Buona;Ore Diurne;1;0;0;0;12.56454;41.92146;-1;1;Autovettura privata;In marcia / fermata / arresto;Conducente;F;Rimandato;0;NON DECEDUTO;Non accertato;
3640591;13;15/01/2018 13:15;Strada Urbana;VIA ISOLE DEL CAPO VERDE;in prossimità;;del civico n.;13;;Veicolo in marcia contro veicolo fermo;Rettilineo;Due carreggiate;Bagnato (pioggia);Asfaltata;Verticale ed orizzontale;Pioggia in atto;Normale;Buona;Ore Diurne;0;0;0;3;12.27877;41.73808;-1;1;Autovettura privata;In marcia / fermata / arresto;Conducente;M;Illeso;0;;Non accertato;Inesploso
3640591;13;15/01/2018 13:15;Strada Urbana;VIA ISOLE DEL CAPO VERDE;in prossimità;;del civico n.;13;;Veicolo in marcia contro veicolo fermo;Rettilineo;Due carreggiate;Bagnato (pioggia);Asfaltata;Verticale ed orizzontale;Pioggia in atto;Normale;Buona;Ore Diurne;0;0;0;3;12.27877;41.73808;-1;1;Autovettura privata;In marcia / fermata / arresto;Passeggero;F;Illeso;0;;Non accertato;Inesploso
3640591;13;15/01/2018 13:15;Strada Urbana;VIA ISOLE DEL CAPO VERDE;in prossimità;;del civico n.;13;;Veicolo in marcia contro veicolo fermo;Rettilineo;Due carreggiate;Bagnato (pioggia);Asfaltata;Verticale ed orizzontale;Pioggia in atto;Normale;Buona;Ore Diurne;0;0;0;3;12.27877;41.73808;-1;2;Autovettura privata;In marcia / fermata / arresto;Conducente;F;Illeso;0;;Non accertato;Inesploso
3640596;11;15/01/2018 18:40;Strada Urbana;VIALE GUGLIELMO MARCONI;all'intersezione semaforizzata con;VIA TEMISTOCLE CALZECCHI ONESTI;VIA TEMISTOCLE CALZECCHI ONESTI;;;Scontro laterale fra veicoli in marcia;Intersezione semaforizzata;Due carreggiate;Bagnato (pioggia);Asfaltata;Verticale ed orizzontale;Pioggia in atto;Intenso;Sufficiente;Sufficiente;0;0;0;3;12.47133;41.85729;-1;1;Autovettura privata;In marcia / fermata / arresto;Conducente;M;Illeso;0;;Non accertato;
3640596;11;15/01/2018 18:40;Strada Urbana;VIALE GUGLIELMO MARCONI;all'intersezione semaforizzata con;VIA TEMISTOCLE CALZECCHI ONESTI;VIA TEMISTOCLE CALZECCHI ONESTI;;;Scontro laterale fra veicoli in marcia;Intersezione semaforizzata;Due carreggiate;Bagnato (pioggia);Asfaltata;Verticale ed orizzontale;Pioggia in atto;Intenso;Sufficiente;Sufficiente;0;0;0;3;12.47133;41.85729;-1;1;Autovettura privata;In marcia / fermata / arresto;Passeggero;F;Illeso;0;;Non accertato;
3640596;11;15/01/2018 18:40;Strada Urbana;VIALE GUGLIELMO MARCONI;all'intersezione semaforizzata con;VIA TEMISTOCLE CALZECCHI ONESTI;VIA TEMISTOCLE CALZECCHI ONESTI;;;Scontro laterale fra veicoli in marcia;Intersezione semaforizzata;Due carreggiate;Bagnato (pioggia);Asfaltata;Verticale ed orizzontale;Pioggia in atto;Intenso;Sufficiente;Sufficiente;0;0;0;3;12.47133;41.85729;-1;2;Autovettura pubblica;In marcia / fermata / arresto;Conducente;M;Illeso;0;;Non accertato;
3640597;11;15/01/2018 08:05;Strada Urbana;VIA DI GROTTA PERFETTA;da specificare;;;;altezza Palo Acea n. 160;Scontro laterale fra veicoli in marcia;Curva a visuale libera;Una carreggiata a doppio senso;Asciutto;Asfaltata;Verticale ed orizzontale;Sereno;Intenso;Buona;Ore Diurne;0;0;0;2;12.50171;41.84051;-1;1;Motociclo a solo;In marcia / fermata / arresto;Conducente;M;Illeso;0;;;
3640597;11;15/01/2018 08:05;Strada Urbana;VIA DI GROTTA PERFETTA;da specificare;;;;altezza Palo Acea n. 160;Scontro laterale fra veicoli in marcia;Curva a visuale libera;Una carreggiata a doppio senso;Asciutto;Asfaltata;Verticale ed orizzontale;Sereno;Intenso;Buona;Ore Diurne;0;0;0;2;12.50171;41.84051;-1;2;Autovettura privata;In marcia / fermata / arresto;Conducente;M;Illeso;0;;;
3640598;13;15/01/2018 16:20;Strada Urbana;VIA GIUSEPPE MOLTENI;all'intersezione con;VIA AMEDEO BOCCHI;VIA AMEDEO BOCCHI;;;Scontro frontale/laterale DX fra veicoli in marcia;Incrocio;Una carreggiata a doppio senso;Bagnato (pioggia);Asfaltata;Verticale;Pioggia in atto;Normale;Buona;Ore Diurne;0;0;0;3;12.34673;41.77106;-1;1;Autovettura privata;In marcia / fermata / arresto;Conducente;M;Illeso;0;;Non accertato;Inesploso
3640598;13;15/01/2018 16:20;Strada Urbana;VIA GIUSEPPE MOLTENI;all'intersezione con;VIA AMEDEO BOCCHI;VIA AMEDEO BOCCHI;;;Scontro frontale/laterale DX fra veicoli in marcia;Incrocio;Una carreggiata a doppio senso;Bagnato (pioggia);Asfaltata;Verticale;Pioggia in atto;Normale;Buona;Ore Diurne;0;0;0;3;12.34673;41.77106;-1;2;Autovettura privata;In marcia / fermata / arresto;Conducente;M;Illeso;0;;Non accertato;Inesploso
3640598;13;15/01/2018 16:20;Strada Urbana;VIA GIUSEPPE MOLTENI;all'intersezione con;VIA AMEDEO BOCCHI;VIA AMEDEO BOCCHI;;;Scontro frontale/laterale DX fra veicoli in marcia;Incrocio;Una carreggiata a doppio senso;Bagnato (pioggia);Asfaltata;Verticale;Pioggia in atto;Normale;Buona;Ore Diurne;0;0;0;3;12.34673;41.77106;-1;2;Autovettura privata;In marcia / fermata / arresto;Passeggero;M;Illeso;0;;Non accertato;Inesploso
3640600;1;13/01/2018 09:20;Strada Urbana;VIA VITTORIO EMANUELE ORLANDO;all'intersezione con;VIA GIUSEPPE ROMITA;VIA GIUSEPPE ROMITA;;;Scontro laterale fra veicoli in marcia;Incrocio;Una carreggiata a senso unico di marcia;Asciutto;Acciotolata;Assente;Sereno;Normale;Buona;Ore Diurne;0;0;0;2;12.49488;41.90391;-1;1;Autocarro inferiore 35 q.;In marcia / fermata / arresto;Conducente;M;Illeso;0;;;
3640600;1;13/01/2018 09:20;Strada Urbana;VIA VITTORIO EMANUELE ORLANDO;all'intersezione con;VIA GIUSEPPE ROMITA;VIA GIUSEPPE ROMITA;;;Scontro laterale fra veicoli in marcia;Incrocio;Una carreggiata a senso unico di marcia;Asciutto;Acciotolata;Assente;Sereno;Normale;Buona;Ore Diurne;0;0;0;2;12.49488;41.90391;-1;2;Autovettura pubblica;In marcia / fermata / arresto;Conducente;M;Illeso;0;;Non accertato;Inesploso
3640601;6;15/01/2018 16:45;Strada Urbana;VIA PRENESTINA;da specificare;;;;fronte civico 19;Scontro laterale fra veicoli in marcia;Curva a visuale libera;Più di due carreggiate;Asciutto;Asfaltata;Assente;Nuvoloso;Normale;Sufficiente;Sufficiente;0;0;0;3;12.51773;41.89142;-1;1;Autocarro inferiore 35 q.;In marcia / fermata / arresto;Conducente;M;Illeso;0;;;
3640601;6;15/01/2018 16:45;Strada Urbana;VIA PRENESTINA;da specificare;;;;fronte civico 19;Scontro laterale fra veicoli in marcia;Curva a visuale libera;Più di due carreggiate;Asciutto;Asfaltata;Assente;Nuvoloso;Normale;Sufficiente;Sufficiente;0;0;0;3;12.51773;41.89142;-1;2;Autovettura privata;In marcia / fermata / arresto;Conducente;M;Illeso;0;;;
3640601;6;15/01/2018 16:45;Strada Urbana;VIA PRENESTINA;da specificare;;;;fronte civico 19;Scontro laterale fra veicoli in marcia;Curva a visuale libera;Più di due carreggiate;Asciutto;Asfaltata;Assente;Nuvoloso;Normale;Sufficiente;Sufficiente;0;0;0;3;12.51773;41.89142;-1;2;Autovettura privata;In marcia / fermata / arresto;Passeggero;F;Illeso;0;;;
3640602;12;09/01/2018 16:05;Strada Urbana;PIAZZALE DEGLI ARCHIVI;in corrispondenza;;del palo luce n.;3;;Scontro frontale/laterale SX fra veicoli in marcia;Rettilineo;Una carreggiata a doppio senso;Bagnato (pioggia);Asfaltata;Verticale ed orizzontale;Pioggia in atto;Scarso;Buona;Ore Diurne;0;0;0;2;12.47471;41.82925;-1;1;Autovettura privata;In marcia / fermata / arresto;Conducente;M;Illeso;0;;Utilizzato;Inesploso
3640602;12;09/01/2018 16:05;Strada Urbana;PIAZZALE DEGLI ARCHIVI;in corrispondenza;;del palo luce n.;3;;Scontro frontale/laterale SX fra veicoli in marcia;Rettilineo;Una carreggiata a doppio senso;Bagnato (pioggia);Asfaltata;Verticale ed orizzontale;Pioggia in atto;Scarso;Buona;Ore Diurne;0;0;0;2;12.47471;41.82925;-1;2;Autovettura privata;In marcia / fermata / arresto;Conducente;M;Illeso;0;;;
3640609;5;15/01/2018 14:40;Strada Urbana;VIA RUBELLIA;all'intersezione con;VIA DI CASAL BIANCO;VIA DI CASAL BIANCO;;;Scontro frontale/laterale SX fra veicoli in marcia;Incrocio;Una carreggiata a doppio senso;Asciutto;Asfaltata;Verticale ed orizzontale;Nuvoloso;Normale;Buona;Ore Diurne;1;0;0;1;12.62355;41.93895;-1;1;Autovettura privata;In marcia / fermata / arresto;Conducente;M;Rimandato;0;NON DECEDUTO;Non accertato;
3640609;5;15/01/2018 14:40;Strada Urbana;VIA RUBELLIA;all'intersezione con;VIA DI CASAL BIANCO;VIA DI CASAL BIANCO;;;Scontro frontale/laterale SX fra veicoli in marcia;Incrocio;Una carreggiata a doppio senso;Asciutto;Asfaltata;Verticale ed orizzontale;Nuvoloso;Normale;Buona;Ore Diurne;1;0;0;1;12.62355;41.93895;-1;2;Autovettura privata;In marcia / fermata / arresto;Conducente;F;Illeso;0;;Non accertato;
3640616;20;15/01/2018 16:40;Strada Urbana;VIA CASSIA;in corrispondenza;;del civico n.;1152;;Scontro frontale/laterale DX fra veicoli in marcia;Rettilineo;Una carreggiata a doppio senso;Bagnato (pioggia);Asfaltata;Verticale ed orizzontale;Pioggia in atto;Intenso;Sufficiente;Ore Diurne;1;0;0;1;12.41896;41.97899;-1;1;Autovettura privata;In marcia / fermata / arresto;Conducente;F;Illeso;0;;;
3640616;20;15/01/2018 16:40;Strada Urbana;VIA CASSIA;in corrispondenza;;del civico n.;1152;;Scontro frontale/laterale DX fra veicoli in marcia;Rettilineo;Una carreggiata a doppio senso;Bagnato (pioggia);Asfaltata;Verticale ed orizzontale;Pioggia in atto;Intenso;Sufficiente;Ore Diurne;1;0;0;1;12.41896;41.97899;-1;2;Motociclo a solo;In marcia / fermata / arresto;Conducente;M;Rimandato;0;NON DECEDUTO;;
3640626;20;15/01/2018 15:55;Strada Urbana;VIA DI VALLE MURICANA;in corrispondenza;;del civico n.;371;;Scontro laterale fra veicoli in marcia;Curva a visuale libera;Una carreggiata a doppio senso;Asciutto;Asfaltata;Orizzontale;Sereno;Normale;Buona;Ore Diurne;3;0;0;0;12.47002;42.02035;-1;1;Autovettura privata;In marcia / fermata / arresto;Conducente;F;Rimandato;0;NON DECEDUTO;Non accertato;
3640626;20;15/01/2018 15:55;Strada Urbana;VIA DI VALLE MURICANA;in corrispondenza;;del civico n.;371;;Scontro laterale fra veicoli in marcia;Curva a visuale libera;Una carreggiata a doppio senso;Asciutto;Asfaltata;Orizzontale;Sereno;Normale;Buona;Ore Diurne;3;0;0;0;12.47002;42.02035;-1;1;Autovettura privata;In marcia / fermata / arresto;Passeggero;M;Rimandato;0;NON DECEDUTO;Non accertato;Esploso
3640626;20;15/01/2018 15:55;Strada Urbana;VIA DI VALLE MURICANA;in corrispondenza;;del civico n.;371;;Scontro laterale fra veicoli in marcia;Curva a visuale libera;Una carreggiata a doppio senso;Asciutto;Asfaltata;Orizzontale;Sereno;Normale;Buona;Ore Diurne;3;0;0;0;12.47002;42.02035;-1;2;Autovettura privata;In marcia / fermata / arresto;Conducente;F;Rimandato;0;NON DECEDUTO;Non accertato;
3640627;11;15/01/2018 10:00;Strada Urbana;VIA DELLE CONCE;da specificare;;;;fronte civico 28;Investimento di pedone;Rettilineo;Una carreggiata a doppio senso;Asciutto;Asfaltata;Verticale ed orizzontale;Sereno;Normale;Buona;Ore Diurne;2;0;0;0;12.47795;41.87432;-1;;;;Pedone;M;Rimandato;0;NON DECEDUTO;;
3640627;11;15/01/2018 10:00;Strada Urbana;VIA DELLE CONCE;da specificare;;;;fronte civico 28;Investimento di pedone;Rettilineo;Una carreggiata a doppio senso;Asciutto;Asfaltata;Verticale ed orizzontale;Sereno;Normale;Buona;Ore Diurne;2;0;0;0;12.47795;41.87432;-1;1;Motociclo a solo;In marcia / fermata / arresto;Conducente;M;Rimandato;0;NON DECEDUTO;Non accertato;
3640629;5;15/01/2018 17:50;Strada Urbana;VIA DI PIETRALATA;da specificare;;;;in prossimità via Ramiro Fabiani;Investimento di pedone;Rettilineo;Una carreggiata a doppio senso;Bagnato (pioggia);Asfaltata;Verticale ed orizzontale;Pioggia in atto;Scarso;Sufficiente;Insufficiente;1;0;0;2;12.55155;41.91946;-1;;;;Pedone;M;Rimandato;0;NON DECEDUTO;;
3640629;5;15/01/2018 17:50;Strada Urbana;VIA DI PIETRALATA;da specificare;;;;in prossimità via Ramiro Fabiani;Investimento di pedone;Rettilineo;Una carreggiata a doppio senso;Bagnato (pioggia);Asfaltata;Verticale ed orizzontale;Pioggia in atto;Scarso;Sufficiente;Insufficiente;1;0;0;2;12.55155;41.91946;-1;1;Autovettura privata;In marcia / fermata / arresto;Conducente;M;Illeso;0;;Non accertato;Inesploso
3640629;5;15/01/2018 17:50;Strada Urbana;VIA DI PIETRALATA;da specificare;;;;in prossimità via Ramiro Fabiani;Investimento di pedone;Rettilineo;Una carreggiata a doppio senso;Bagnato (pioggia);Asfaltata;Verticale ed orizzontale;Pioggia in atto;Scarso;Sufficiente;Insufficiente;1;0;0;2;12.55155;41.91946;-1;1;Autovettura privata;In marcia / fermata / arresto;Passeggero;F;Illeso;0;;Non accertato;Inesploso
3640635;1;12/01/2018 06:40;Strada Urbana;PASSEGGIATA DI RIPETTA;all'intersezione con;VIA DEL VANTAGGIO;VIA DEL VANTAGGIO;;;Veicolo in marcia contro ostacolo fisso;Intersezione semaforizzata;Una carreggiata a senso unico di marcia;Bagnato (pioggia);Asfaltata;Verticale ed orizzontale;Pioggia in atto;Scarso;Sufficiente;Ore Diurne;0;0;0;2;12.47457;41.90833;-1;1;Altro;In marcia / fermata / arresto;Conducente;M;Illeso;0;;Non accertato;
3640635;1;12/01/2018 06:40;Strada Urbana;PASSEGGIATA DI RIPETTA;all'intersezione con;VIA DEL VANTAGGIO;VIA DEL VANTAGGIO;;;Veicolo in marcia contro ostacolo fisso;Intersezione semaforizzata;Una carreggiata a senso unico di marcia;Bagnato (pioggia);Asfaltata;Verticale ed orizzontale;Pioggia in atto;Scarso;Sufficiente;Ore Diurne;0;0;0;2;12.47457;41.90833;-1;1;Altro;In marcia / fermata / arresto;Passeggero;M;Illeso;0;;Non accertato;
3640638;3;14/01/2018 07:00;Strada Urbana;VIALE DELL'UNIVERSITA';all'intersezione con;VIALE DEL POLICLINICO;VIALE DEL POLICLINICO;;;Infortunio per caduta del veicolo;Intersezione semaforizzata;Due carreggiate;Asciutto;Asfaltata;Verticale ed orizzontale;Sereno;Scarso;Buona;Ore Diurne;1;0;0;0;12.51183;41.90434;-1;1;Motociclo a solo;In marcia / fermata / arresto;Conducente;M;Rimandato;0;NON DECEDUTO;Non accertato;
3640655;1;14/01/2018 23:00;Strada Urbana;LUNGOTEVERE DEI FIORENTINI;all'intersezione semaforizzata con;PONTE VITTORIO EMANUELE II;PONTE VITTORIO EMANUELE II;;;Scontro frontale/laterale SX fra veicoli in marcia;Intersezione semaforizzata;Una carreggiata a senso unico di marcia;Bagnato (pioggia);Asfaltata;Verticale ed orizzontale;Pioggia in atto;Scarso;Buona;Sufficiente;0;0;0;3;12.46483;41.90073;-1;1;Autovettura privata;In marcia / fermata / arresto;Conducente;M;Illeso;0;;;
3640655;1;14/01/2018 23:00;Strada Urbana;LUNGOTEVERE DEI FIORENTINI;all'intersezione semaforizzata con;PONTE VITTORIO EMANUELE II;PONTE VITTORIO EMANUELE II;;;Scontro frontale/laterale SX fra veicoli in marcia;Intersezione semaforizzata;Una carreggiata a senso unico di marcia;Bagnato (pioggia);Asfaltata;Verticale ed orizzontale;Pioggia in atto;Scarso;Buona;Sufficiente;0;0;0;3;12.46483;41.90073;-1;1;Autovettura privata;In marcia / fermata / arresto;Passeggero;F;Illeso;0;;;
3640655;1;14/01/2018 23:00;Strada Urbana;LUNGOTEVERE DEI FIORENTINI;all'intersezione semaforizzata con;PONTE VITTORIO EMANUELE II;PONTE VITTORIO EMANUELE II;;;Scontro frontale/laterale SX fra veicoli in marcia;Intersezione semaforizzata;Una carreggiata a senso unico di marcia;Bagnato (pioggia);Asfaltata;Verticale ed orizzontale;Pioggia in atto;Scarso;Buona;Sufficiente;0;0;0;3;12.46483;41.90073;-1;2;Autovettura privata;In marcia / fermata / arresto;Conducente;F;Illeso;0;;;
3640658;3;14/01/2018 16:00;Strada Urbana;PIAZZALE DEL VERANO;da specificare;;;;F.C. Via de Lollis;Tamponamento;Rettilineo;Più di due carreggiate;Asciutto;Asfaltata;Orizzontale;Sereno;Normale;Buona;Ore Diurne;0;0;0;4;12.51951;41.90133;-1;1;Autovettura privata;In marcia / fermata / arresto;Conducente;M;Illeso;0;;Non accertato;Inesploso
3640658;3;14/01/2018 16:00;Strada Urbana;PIAZZALE DEL VERANO;da specificare;;;;F.C. Via de Lollis;Tamponamento;Rettilineo;Più di due carreggiate;Asciutto;Asfaltata;Orizzontale;Sereno;Normale;Buona;Ore Diurne;0;0;0;4;12.51951;41.90133;-1;1;Autovettura privata;In marcia / fermata / arresto;Passeggero;F;Illeso;0;;Non accertato;Inesploso
3640658;3;14/01/2018 16:00;Strada Urbana;PIAZZALE DEL VERANO;da specificare;;;;F.C. Via de Lollis;Tamponamento;Rettilineo;Più di due carreggiate;Asciutto;Asfaltata;Orizzontale;Sereno;Normale;Buona;Ore Diurne;0;0;0;4;12.51951;41.90133;-1;2;Autovettura privata;In marcia / fermata / arresto;Conducente;M;Illeso;0;;Non accertato;Inesploso
3640658;3;14/01/2018 16:00;Strada Urbana;PIAZZALE DEL VERANO;da specificare;;;;F.C. Via de Lollis;Tamponamento;Rettilineo;Più di due carreggiate;Asciutto;Asfaltata;Orizzontale;Sereno;Normale;Buona;Ore Diurne;0;0;0;4;12.51951;41.90133;-1;2;Autovettura privata;In marcia / fermata / arresto;Passeggero;F;Illeso;0;;Non accertato;Inesploso
3640667;10;15/01/2018 14:30;Strada Urbana;VIALE MARCO FULVIO NOBILIORE;in prossimità;;del civico n.;29;;Veicolo in marcia contro veicolo in sosta;Rettilineo;Due carreggiate;Asciutto;Asfaltata;Assente;Nuvoloso;Normale;Buona;Ore Diurne;0;0;0;1;12.56312;41.85716;-1;1;Autocarro inferiore 35 q.;In marcia / fermata / arresto;Conducente;M;Illeso;0;;Non accertato;Inesploso
3640672;1;13/01/2018 16:30;Strada Urbana;CORSO VITTORIO EMANUELE II;in prossimità;;del civico n.;142;;Scontro laterale fra veicoli in marcia;Rettilineo;Una carreggiata a doppio senso;Asciutto;Asfaltata;Verticale ed orizzontale;Sereno;Normale;Buona;Ore Diurne;0;0;0;1;12.47333;41.89661;-1;1;Autovettura pubblica;In marcia / fermata / arresto;Conducente;M;Illeso;0;;Non accertato;Inesploso
3640680;5;15/01/2018 18:00;Strada Urbana;VIA TIBURTINA;in prossimità;;del civico n.;1331;;Scontro laterale fra veicoli in marcia;Rettilineo;Due carreggiate;Bagnato (pioggia);Asfaltata;Verticale ed orizzontale;Pioggia in atto;Normale;Buona;Sufficiente;1;0;0;1;12.61761;41.93716;-1;1;Autobus in extraurbana;In marcia / fermata / arresto;Conducente;M;Illeso;0;;Non accertato;
3640680;5;15/01/2018 18:00;Strada Urbana;VIA TIBURTINA;in prossimità;;del civico n.;1331;;Scontro laterale fra veicoli in marcia;Rettilineo;Due carreggiate;Bagnato (pioggia);Asfaltata;Verticale ed orizzontale;Pioggia in atto;Normale;Buona;Sufficiente;1;0;0;1;12.61761;41.93716;-1;2;Motociclo a solo;In marcia / fermata / arresto;Conducente;M;Rimandato;0;NON DECEDUTO;Non accertato;
3640694;19;16/01/2018 07:30;Strada Urbana;VIA TRIONFALE;in prossimità;;del civico n.;10600;;Tamponamento;Rettilineo;Una carreggiata a doppio senso;Bagnato (pioggia);Asfaltata;Orizzontale;Pioggia in atto;Normale;Buona;Sufficiente;0;0;0;2;12.41209;41.95343;-1;1;Autovettura privata;In marcia / fermata / arresto;Conducente;M;Illeso;0;;Non accertato;Inesploso