Protocollo;Gruppo;DataOraIncidente;Localizzazione1;STRADA1;Localizzazione2;STRADA2;Strada02;Chilometrica;DaSpecificare;NaturaIncidente;particolaritastrade;TipoStrada;FondoStradale;Pavimentazione;Segnaletica;CondizioneAtmosferica;Traffico;Visibilita;Illuminazione;NUM_FERITI;NUM_RISERVATA;NUM_MORTI;NUM_ILLESI;Longitudine;Latitudine;Confermato;Progressivo;TipoVeicolo;StatoVeicolo;TipoPersona;Sesso;Tipolesione;Deceduto;DecedutoDopo;CinturaCascoUtilizzato;Airbag
3642591;18;17/01/2018 09:00;Strada Urbana;LARGO DI PORTA CAVALLEGGERI;all'intersezione semaforizzata con;VIA DELLE FORNACI;VIA DELLE FORNACI;;;Scontro laterale fra veicoli in marcia;Intersezione semaforizzata;Due carreggiate;Asciutto;Asfaltata;Verticale ed orizzontale;Sereno;Normale;Buona;Ore Diurne;0;0;0;3;12.4566;41.9002;-1;2;Motociclo con passeggero;In marcia / fermata / arresto;Conducente;M;Illeso;0;;;
3642591;18;17/01/2018 09:00;Strada Urbana;LARGO DI PORTA CAVALLEGGERI;all'intersezione semaforizzata con;VIA DELLE FORNACI;VIA DELLE FORNACI;;;Scontro laterale fra veicoli in marcia;Intersezione semaforizzata;Due carreggiate;Asciutto;Asfaltata;Verticale ed orizzontale;Sereno;Normale;Buona;Ore Diurne;0;0;0;3;12.4566;41.9002;-1;2;Motociclo con passeggero;In marcia / fermata / arresto;Passeggero;F;Illeso;0;;;
3642599;1;16/01/2018 19:20;Strada Urbana;LUNGOTEVERE AVENTINO;in prossimità;;del palo luce n.;14;;Scontro laterale fra veicoli in marcia;Rettilineo;Una carreggiata a senso unico di marcia;Bagnato (umidità in atto);Asfaltata;Verticale ed orizzontale;Nuvoloso;Normale;Sufficiente;Sufficiente;0;0;0;2;12.47901;41.88554;-1;1;Autovettura privata;In marcia / fermata / arresto;Conducente;M;Illeso;0;;Non accertato;Inesploso
3642599;1;16/01/2018 19:20;Strada Urbana;LUNGOTEVERE AVENTINO;in prossimità;;del palo luce n.;14;;Scontro laterale fra veicoli in marcia;Rettilineo;Una carreggiata a senso unico di marcia;Bagnato (umidità in atto);Asfaltata;Verticale ed orizzontale;Nuvoloso;Normale;Sufficiente;Sufficiente;0;0;0;2;12.47901;41.88554;-1;2;Autovettura privata;In marcia / fermata / arresto;Conducente;F;Illeso;0;;Non accertato;Inesploso
3642617;23;16/01/2018 15:00;Strada Urbana;LUNGOTEVERE DEI FIORENTINI;all'intersezione semaforizzata con;PONTE VITTORIO EMANUELE II;PONTE VITTORIO EMANUELE II;;;Scontro laterale fra veicoli in marcia;Incrocio;Una carreggiata a senso unico di marcia;Bagnato (umidità in atto);Asfaltata;Verticale ed orizzontale;Nuvoloso;Intenso;Buona;Ore Diurne;0;0;0;4;12.4648;41.90074;-1;1;Autovettura privata;In marcia / fermata / arresto;Conducente;M;Illeso;0;;Non accertato;Inesploso
3642617;23;16/01/2018 15:00;Strada Urbana;LUNGOTEVERE DEI FIORENTINI;all'intersezione semaforizzata con;PONTE VITTORIO EMANUELE II;PONTE VITTORIO EMANUELE II;;;Scontro laterale fra veicoli in marcia;Incrocio;Una carreggiata a senso unico di marcia;Bagnato (umidità in atto);Asfaltata;Verticale ed orizzontale;Nuvoloso;Intenso;Buona;Ore Diurne;0;0;0;4;12.4648;41.90074;-1;1;Autovettura privata;In marcia / fermata / arresto;Passeggero;F;Illeso;0;;Non accertato;Inesploso
3642617;23;16/01/2018 15:00;Strada Urbana;LUNGOTEVERE DEI FIORENTINI;all'intersezione semaforizzata con;PONTE VITTORIO EMANUELE II;PONTE VITTORIO EMANUELE II;;;Scontro laterale fra veicoli in marcia;Incrocio;Una carreggiata a senso unico di marcia;Bagnato (umidità in atto);Asfaltata;Verticale ed orizzontale;Nuvoloso;Intenso;Buona;Ore Diurne;0;0;0;4;12.4648;41.90074;-1;1;Autovettura privata;In marcia / fermata / arresto;Passeggero;M;Illeso;0;;Non accertato;Inesploso
3642617;23;16/01/2018 15:00;Strada Urbana;LUNGOTEVERE DEI FIORENTINI;all'intersezione semaforizzata con;PONTE VITTORIO EMANUELE II;PONTE VITTORIO EMANUELE II;;;Scontro laterale fra veicoli in marcia;Incrocio;Una carreggiata a senso unico di marcia;Bagnato (umidità in atto);Asfaltata;Verticale ed orizzontale;Nuvoloso;Intenso;Buona;Ore Diurne;0;0;0;4;12.4648;41.90074;-1;1;Autovettura privata;In marcia / fermata / arresto;Passeggero;F;Illeso;0;;Non accertato;Inesploso
3642618;23;16/01/2018 18:30;Strada Urbana;VIA DI CASTEL FUSANO;all'intersezione semaforizzata con;VIA OSTIENSE;VIA OSTIENSE;;;Scontro laterale fra veicoli in marcia;Intersezione semaforizzata;Una carreggiata a doppio senso;Asciutto;Asfaltata;Verticale ed orizzontale;Nuvoloso;Intenso;Buona;Sufficiente;0;0;0;3;12.30438;41.75915;-1;1;Autovettura privata;In marcia / fermata / arresto;Conducente;M;Illeso;0;;;
3642618;23;16/01/2018 18:30;Strada Urbana;VIA DI CASTEL FUSANO;all'intersezione semaforizzata con;VIA OSTIENSE;VIA OSTIENSE;;;Scontro laterale fra veicoli in marcia;Intersezione semaforizzata;Una carreggiata a doppio senso;Asciutto;Asfaltata;Verticale ed orizzontale;Nuvoloso;Intenso;Buona;Sufficiente;0;0;0;3;12.30438;41.75915;-1;2;Autovettura di polizia;In marcia / fermata / arresto;Conducente;F;Illeso;0;;Non accertato;Inesploso
3642618;23;16/01/2018 18:30;Strada Urbana;VIA DI CASTEL FUSANO;all'intersezione semaforizzata con;VIA OSTIENSE;VIA OSTIENSE;;;Scontro laterale fra veicoli in marcia;Intersezione semaforizzata;Una carreggiata a doppio senso;Asciutto;Asfaltata;Verticale ed orizzontale;Nuvoloso;Intenso;Buona;Sufficiente;0;0;0;3;12.30438;41.75915;-1;2;Autovettura di polizia;In marcia / fermata / arresto;Passeggero;M;Illeso;0;;Non accertato;Inesploso
3642632;16;16/01/2018 17:30;Strada Urbana;VIA DEL CASALETTO;da specificare;;;;fronte civico 681;Veicolo in marcia contro veicolo in sosta;Curva a visuale libera;Una carreggiata a doppio senso;Bagnato (umidità in atto);Asfaltata;Orizzontale;Nuvoloso;Normale;Buona;Sufficiente;0;0;0;3;12.43802;41.8666;-1;1;Autovettura privata;In marcia / fermata / arresto;Conducente;M;Illeso;0;;Non accertato;
3642632;16;16/01/2018 17:30;Strada Urbana;VIA DEL CASALETTO;da specificare;;;;fronte civico 681;Veicolo in marcia contro veicolo in sosta;Curva a visuale libera;Una carreggiata a doppio senso;Bagnato (umidità in atto);Asfaltata;Orizzontale;Nuvoloso;Normale;Buona;Sufficiente;0;0;0;3;12.43802;41.8666;-1;1;Autovettura privata;In marcia / fermata / arresto;Passeggero;M;Illeso;0;;Non accertato;
3642632;16;16/01/2018 17:30;Strada Urbana;VIA DEL CASALETTO;da specificare;;;;fronte civico 681;Veicolo in marcia contro veicolo in sosta;Curva a visuale libera;Una carreggiata a doppio senso;Bagnato (umidità in atto);Asfaltata;Orizzontale;Nuvoloso;Normale;Buona;Sufficiente;0;0;0;3;12.43802;41.8666;-1;1;Autovettura privata;In marcia / fermata / arresto;Passeggero;M;Illeso;0;;Non accertato;
3642658;16;16/01/2018 18:25;Regionale entro l'abitato;VIA DEL FONTANILE DI MEZZALUNA;da specificare;;;;intersezione segnalata svincolo Aurelia dir. Roma ;Scontro frontale fra veicoli in marcia;Rettilineo;Una carreggiata a doppio senso;Asciutto;Asfaltata;Verticale ed orizzontale;Nuvoloso;Normale;Buona;Sufficiente;3;0;0;1;12.25549;41.89566;-1;1;Autovettura privata;In marcia / fermata / arresto;Conducente;F;Rimandato;0;NON DECEDUTO;Non accertato;Esploso
3642658;16;16/01/2018 18:25;Regionale entro l'abitato;VIA DEL FONTANILE DI MEZZALUNA;da specificare;;;;intersezione segnalata svincolo Aurelia dir. Roma ;Scontro frontale fra veicoli in marcia;Rettilineo;Una carreggiata a doppio senso;Asciutto;Asfaltata;Verticale ed orizzontale;Nuvoloso;Normale;Buona;Sufficiente;3;0;0;1;12.25549;41.89566;-1;2;Autovettura privata;In marcia / fermata / arresto;Conducente;M;Illeso;0;;Non accertato;
3642658;16;16/01/2018 18:25;Regionale entro l'abitato;VIA DEL FONTANILE DI MEZZALUNA;da specificare;;;;intersezione segnalata svincolo Aurelia dir. Roma ;Scontro frontale fra veicoli in marcia;Rettilineo;Una carreggiata a doppio senso;Asciutto;Asfaltata;Verticale ed orizzontale;Nuvoloso;Normale;Buona;Sufficiente;3;0;0;1;12.25549;41.89566;-1;2;Autovettura privata;In marcia / fermata / arresto;Passeggero;F;Rimandato;0;NON DECEDUTO;Non accertato;
3642658;16;16/01/2018 18:25;Regionale entro l'abitato;VIA DEL FONTANILE DI MEZZALUNA;da specificare;;;;intersezione segnalata svincolo Aurelia dir. Roma ;Scontro frontale fra veicoli in marcia;Rettilineo;Una carreggiata a doppio senso;Asciutto;Asfaltata;Verticale ed orizzontale;Nuvoloso;Normale;Buona;Sufficiente;3;0;0;1;12.25549;41.89566;-1;2;Autovettura privata;In marcia / fermata / arresto;Passeggero;F;Rimandato;0;NON DECEDUTO;Non accertato;
3642670;12;17/01/2018 07:00;Strada Urbana;PIAZZA GUGLIELMO MARCONI;all'intersezione con;VIALE DELLA CIVILTA' ROMANA;VIALE DELLA CIVILTA' ROMANA;;;Tamponamento;Incrocio;Una carreggiata a senso unico di marcia;Bagnato (pioggia);Asfaltata;Verticale ed orizzontale;Nuvoloso;Normale;Buona;Ore Diurne;0;0;0;2;12.47046;41.83347;-1;1;Autovettura privata;In marcia / fermata / arresto;Conducente;M;Illeso;0;;;
3642670;12;17/01/2018 07:00;Strada Urbana;PIAZZA GUGLIELMO MARCONI;all'intersezione con;VIALE DELLA CIVILTA' ROMANA;VIALE DELLA CIVILTA' ROMANA;;;Tamponamento;Incrocio;Una carreggiata a senso unico di marcia;Bagnato (pioggia);Asfaltata;Verticale ed orizzontale;Nuvoloso;Normale;Buona;Ore Diurne;0;0;0;2;12.47046;41.83347;-1;2;Motociclo a solo;In marcia / fermata / arresto;Conducente;M;Illeso;0;;;
3642689;4;16/01/2018 07:00;Strada Urbana;VIALE SORA LELLA;da specificare;;;;prossimità viale Ave Ninchi;Veicolo in marcia contro ostacolo fisso;Rettilineo;Due carreggiate;Bagnato (pioggia);Asfaltata;Verticale ed orizzontale;Pioggia in atto;Normale;Sufficiente;Sufficiente;0;0;0;1;12.56966;41.95221;-1;1;Autovettura privata;In marcia / fermata / arresto;Conducente;M;Illeso;0;;Non accertato;Inesploso
3642696;20;17/01/2018 10:45;Strada Urbana;VIA DI VALLE MURICANA;in prossimità;;del civico n.;367;;Scontro frontale/laterale SX fra veicoli in marcia;Curva a visuale libera;Una carreggiata a doppio senso;Asciutto;Asfaltata;Orizzontale;Nuvoloso;Normale;Buona;Ore Diurne;1;0;0;1;12.47023;42.02008;-1;1;Autovettura privata;In marcia / fermata / arresto;Conducente;F;Illeso;0;;Non accertato;Inesploso
3642696;20;17/01/2018 10:45;Strada Urbana;VIA DI VALLE MURICANA;in prossimità;;del civico n.;367;;Scontro frontale/laterale SX fra veicoli in marcia;Curva a visuale libera;Una carreggiata a doppio senso;Asciutto;Asfaltata;Orizzontale;Nuvoloso;Normale;Buona;Ore Diurne;1;0;0;1;12.47023;42.02008;-1;2;Motociclo a solo;In marcia / fermata / arresto;Conducente;M;Rimandato;0;NON DECEDUTO;Non accertato;
3642698;10;17/01/2018 10:45;Strada Urbana;VIA PALERMITI;in prossimità;;del civico n.;18;;Scontro frontale/laterale DX fra veicoli in marcia;Rettilineo;Una carreggiata a doppio senso;Asciutto;Asfaltata;Assente;Nuvoloso;Scarso;Buona;Ore Diurne;0;0;0;4;12.6237;41.81836;-1;1;Autocarro inferiore 35 q.;In marcia / fermata / arresto;Conducente;M;Illeso;0;;Non accertato;Inesploso
3642698;10;17/01/2018 10:45;Strada Urbana;VIA PALERMITI;in prossimità;;del civico n.;18;;Scontro frontale/laterale DX fra veicoli in marcia;Rettilineo;Una carreggiata a doppio senso;Asciutto;Asfaltata;Assente;Nuvoloso;Scarso;Buona;Ore Diurne;0;0;0;4;12.6237;41.81836;-1;1;Autocarro inferiore 35 q.;In marcia / fermata / arresto;Passeggero;F;Illeso;0;;Non accertato;Inesploso
3642698;10;17/01/2018 10:45;Strada Urbana;VIA PALERMITI;in prossimità;;del civico n.;18;;Scontro frontale/laterale DX fra veicoli in marcia;Rettilineo;Una carreggiata a doppio senso;Asciutto;Asfaltata;Assente;Nuvoloso;Scarso;Buona;Ore Diurne;0;0;0;4;12.6237;41.81836;-1;2;Autovettura privata;In marcia / fermata / arresto;Conducente;F;Illeso;0;;Non accertato;Inesploso
3642698;10;17/01/2018 10:45;Strada Urbana;VIA PALERMITI;in prossimità;;del civico n.;18;;Scontro frontale/laterale DX fra veicoli in marcia;Rettilineo;Una carreggiata a doppio senso;Asciutto;Asfaltata;Assente;Nuvoloso;Scarso;Buona;Ore Diurne;0;0;0;4;12.6237;41.81836;-1;2;Autovettura privata;In marcia / fermata / arresto;Passeggero;F;Illeso;0;;Non accertato;Inesploso
3642723;4;16/01/2018 17:00;Strada Urbana;VIA CAMERATA PICENA;in corrispondenza;;del civico n.;363;;Scontro laterale fra veicoli in marcia;Rettilineo;Due carreggiate;Bagnato (pioggia);Asfaltata;Orizzontale;Pioggia in atto;Normale;Buona;Ore Diurne;0;0;0;3;12.51351;41.98546;-1;1;Autovettura privata;In marcia / fermata / arresto;Conducente;F;Illeso;0;;;Inesploso
3642723;4;16/01/2018 17:00;Strada Urbana;VIA CAMERATA PICENA;in corrispondenza;;del civico n.;363;;Scontro laterale fra veicoli in marcia;Rettilineo;Due carreggiate;Bagnato (pioggia);Asfaltata;Orizzontale;Pioggia in atto;Normale;Buona;Ore Diurne;0;0;0;3;12.51351;41.98546;-1;1;Autovettura privata;In marcia / fermata / arresto;Passeggero;M;Illeso;0;;;
3642723;4;16/01/2018 17:00;Strada Urbana;VIA CAMERATA PICENA;in corrispondenza;;del civico n.;363;;Scontro laterale fra veicoli in marcia;Rettilineo;Due carreggiate;Bagnato (pioggia);Asfaltata;Orizzontale;Pioggia in atto;Normale;Buona;Ore Diurne;0;0;0;3;12.51351;41.98546;-1;2;Autovettura privata;In marcia / fermata / arresto;Conducente;M;Illeso;0;;;Inesploso
3642806;6;17/01/2018 11:00;Strada Urbana;VIA TOR DE' SCHIAVI;in prossimità;;del civico n.;373;;Investimento di pedone;Rettilineo;Due carreggiate;Asciutto;Asfaltata;Orizzontale;Sole radente;Normale;Buona;Ore Diurne;1;0;0;1;12.55941;41.89336;-1;;;;Pedone;M;Rimandato;0;NON DECEDUTO;;
3642806;6;17/01/2018 11:00;Strada Urbana;VIA TOR DE' SCHIAVI;in prossimità;;del civico n.;373;;Investimento di pedone;Rettilineo;Due carreggiate;Asciutto;Asfaltata;Orizzontale;Sole radente;Normale;Buona;Ore Diurne;1;0;0;1;12.55941;41.89336;-1;1;Autovettura privata;In marcia / fermata / arresto;Conducente;M;Illeso;0;;Non accertato;Inesploso
3642807;19;17/01/2018 11:15;Strada Urbana;VIA LA NEBBIA;all'intersezione con;VIA COGOLETO;VIA COGOLETO;;;Tamponamento;Incrocio;Una carreggiata a senso unico di marcia;Asciutto;Asfaltata;Verticale ed orizzontale;Sereno;Normale;Buona;Ore Diurne;0;0;0;2;12.42427;41.92699;-1;1;Autovettura privata;In marcia / fermata / arresto;Conducente;M;Illeso;0;;;
3642807;19;17/01/2018 11:15;Strada Urbana;VIA LA NEBBIA;all'intersezione con;VIA COGOLETO;VIA COGOLETO;;;Tamponamento;Incrocio;Una carreggiata a senso unico di marcia;Asciutto;Asfaltata;Verticale ed orizzontale;Sereno;Normale;Buona;Ore Diurne;0;0;0;2;12.42427;41.92699;-1;2;Autocarro inferiore 35 q.;In marcia / fermata / arresto;Conducente;M;Illeso;0;;;
3642811;12;01/01/2018 04:20;Strada Urbana;VIA CALOPEZZATI;da specificare;;;;altezza palo acea 73;Veicolo in marcia contro ostacolo accidentale;Rettilineo;Una carreggiata a doppio senso;Bagnato (pioggia);Asfaltata;Verticale ed orizzontale;Nuvoloso;Scarso;Buona;Sufficiente;0;0;0;1;12.4701;41.73742;-1;1;Autovettura privata;In marcia / fermata / arresto;Conducente;F;Illeso;0;;Utilizzato;
3642839;18;17/01/2018 08:30;Strada Urbana;VIA ODOARDO GIOVE;da specificare;;;;altezza Via Frate Giuseppe Lazzaro;Investimento di pedone;Rettilineo;Una carreggiata a doppio senso;Asciutto;Asfaltata;Verticale ed orizzontale;Sereno;Normale;Buona;Ore Diurne;3;0;0;0;12.40437;41.91443;-1;;;;Pedone;F;Rimandato;0;NON DECEDUTO;;
3642839;18;17/01/2018 08:30;Strada Urbana;VIA ODOARDO GIOVE;da specificare;;;;altezza Via Frate Giuseppe Lazzaro;Investimento di pedone;Rettilineo;Una carreggiata a doppio senso;Asciutto;Asfaltata;Verticale ed orizzontale;Sereno;Normale;Buona;Ore Diurne;3;0;0;0;12.40437;41.91443;-1;;;;Pedone;F;Ricoverato;0;NON DECEDUTO;;
3642839;18;17/01/2018 08:30;Strada Urbana;VIA ODOARDO GIOVE;da specificare;;;;altezza Via Frate Giuseppe Lazzaro;Investimento di pedone;Rettilineo;Una carreggiata a doppio senso;Asciutto;Asfaltata;Verticale ed orizzontale;Sereno;Normale;Buona;Ore Diurne;3;0;0;0;12.40437;41.91443;-1;1;Motociclo a solo;In marcia / fermata / arresto;Conducente;M;Rimandato;0;NON DECEDUTO;Non accertato;
3642860;12;17/01/2018 01:30;Strada Urbana;VIA OSTIENSE;in prossimità;;del civico n.;537;;Scontro frontale/laterale DX fra veicoli in marcia;Rettilineo;Una carreggiata a doppio senso;Asciutto;Asfaltata;Verticale ed orizzontale;Sereno;Normale;Buona;Sufficiente;2;0;0;0;12.46949;41.84424;-1;1;Autovettura privata;In marcia / fermata / arresto;Conducente;F;Rimandato;0;NON DECEDUTO;Non accertato;Esploso
3642860;12;17/01/2018 01:30;Strada Urbana;VIA OSTIENSE;in prossimità;;del civico n.;537;;Scontro frontale/laterale DX fra veicoli in marcia;Rettilineo;Una carreggiata a doppio senso;Asciutto;Asfaltata;Verticale ed orizzontale;Sereno;Normale;Buona;Sufficiente;2;0;0;0;12.46949;41.84424;-1;2;Autovettura privata;In marcia / fermata / arresto;Conducente;M;Rimandato;0;NON DECEDUTO;Non accertato;Esploso
3642895;12;16/01/2018 18:45;Provinciale entro l'abitato;VIA PONTINA;da specificare;;;;altezza km 12.100;Tamponamento Multiplo;Rettilineo;Due carreggiate;Asciutto;Asfaltata;Verticale ed orizzontale;Nuvoloso;Intenso;Insufficiente;Inesistente;2;0;0;5;12.79855;41.5088;-1;1;Autovettura privata;In marcia / fermata / arresto;Conducente;M;Illeso;0;;Utilizzato;Inesploso
3642895;12;16/01/2018 18:45;Provinciale entro l'abitato;VIA PONTINA;da specificare;;;;altezza km 12.100;Tamponamento Multiplo;Rettilineo;Due carreggiate;Asciutto;Asfaltata;Verticale ed orizzontale;Nuvoloso;Intenso;Insufficiente;Inesistente;2;0;0;5;12.79855;41.5088;-1;2;Autovettura privata;In marcia / fermata / arresto;Conducente;F;Rimandato;0;NON DECEDUTO;Utilizzato;Inesploso
3642895;12;16/01/2018 18:45;Provinciale entro l'abitato;VIA PONTINA;da specificare;;;;altezza km 12.100;Tamponamento Multiplo;Rettilineo;Due carreggiate;Asciutto;Asfaltata;Verticale ed orizzontale;Nuvoloso;Intenso;Insufficiente;Inesistente;2;0;0;5;12.79855;41.5088;-1;3;Autovettura privata;In marcia / fermata / arresto;Conducente;M;Illeso;0;;Utilizzato;Esploso
3642895;12;16/01/2018 18:45;Provinciale entro l'abitato;VIA PONTINA;da specificare;;;;altezza km 12.100;Tamponamento Multiplo;Rettilineo;Due carreggiate;Asciutto;Asfaltata;Verticale ed orizzontale;Nuvoloso;Intenso;Insufficiente;Inesistente;2;0;0;5;12.79855;41.5088;-1;3;Autovettura privata;In marcia / fermata / arresto;Passeggero;F;Illeso;0;;Utilizzato;Inesploso
3642895;12;16/01/2018 18:45;Provinciale entro l'abitato;VIA PONTINA;da specificare;;;;altezza km 12.100;Tamponamento Multiplo;Rettilineo;Due carreggiate;Asciutto;Asfaltata;Verticale ed orizzontale;Nuvoloso;Intenso;Insufficiente;Inesistente;2;0;0;5;12.79855;41.5088;-1;3;Autovettura privata;In marcia / fermata / arresto;Passeggero;F;Rimandato;0;NON DECEDUTO;Utilizzato;Inesploso
3642895;12;16/01/2018 18:45;Provinciale entro l'abitato;VIA PONTINA;da specificare;;;;altezza km 12.100;Tamponamento Multiplo;Rettilineo;Due carreggiate;Asciutto;Asfaltata;Verticale ed orizzontale;Nuvoloso;Intenso;Insufficiente;Inesistente;2;0;0;5;12.79855;41.5088;-1;3;Autovettura privata;In marcia / fermata / arresto;Passeggero;M;Illeso;0;;Utilizzato;Inesploso
3642895;12;16/01/2018 18:45;Provinciale entro l'abitato;VIA PONTINA;da specificare;;;;altezza km 12.100;Tamponamento Multiplo;Rettilineo;Due carreggiate;Asciutto;Asfaltata;Verticale ed orizzontale;Nuvoloso;Intenso;Insufficiente;Inesistente;2;0;0;5;12.79855;41.5088;-1;3;Autovettura privata;In marcia / fermata / arresto;Passeggero;M;Illeso;0;;Utilizzato;Inesploso
3642909;17;17/01/2018 10:40;Strada Urbana;VIALE ANGELICO;all'intersezione semaforizzata con;VIALE CARSO;VIALE CARSO;;;Scontro frontale/laterale SX fra veicoli in marcia;Intersezione semaforizzata;Due carreggiate;Asciutto;Asfaltata;Verticale ed orizzontale;Sereno;Normale;Buona;Ore Diurne;0;0;0;3;12.45866;41.91897;-1;1;Autovettura privata;In marcia / fermata / arresto;Conducente;M;Illeso;0;;;
3642909;17;17/01/2018 10:40;Strada Urbana;VIALE ANGELICO;all'intersezione semaforizzata con;VIALE CARSO;VIALE CARSO;;;Scontro frontale/laterale SX fra veicoli in marcia;Intersezione semaforizzata;Due carreggiate;Asciutto;Asfaltata;Verticale ed orizzontale;Sereno;Normale;Buona;Ore Diurne;0;0;0;3;12.45866;41.91897;-1;1;Autovettura privata;In marcia / fermata / arresto;Passeggero;M;Illeso;0;;;
3642909;17;17/01/2018 10:40;Strada Urbana;VIALE ANGELICO;all'intersezione semaforizzata con;VIALE CARSO;VIALE CARSO;;;Scontro frontale/laterale SX fra veicoli in marcia;Intersezione semaforizzata;Due carreggiate;Asciutto;Asfaltata;Verticale ed orizzontale;Sereno;Normale;Buona;Ore Diurne;0;0;0;3;12.45866;41.91897;-1;2;Autovettura privata;In marcia / fermata / arresto;Conducente;F;Illeso;0;;;
3643008;12;01/01/2018 23:00;Strada Urbana;VIALE DELL'OCEANO INDIANO;in prossimità;;del civico n.;9;;Veicolo in marcia contro ostacolo accidentale;Rettilineo;Una carreggiata a doppio senso;Bagnato (pioggia);Con buche;Verticale ed orizzontale;Nuvoloso;Scarso;Sufficiente;Sufficiente;0;0;0;2;12.4521;41.82711;-1;1;Autovettura privata;In marcia / fermata / arresto;Conducente;F;Illeso;0;;Non accertato;Inesploso
3643008;12;01/01/2018 23:00;Strada Urbana;VIALE DELL'OCEANO INDIANO;in prossimità;;del civico n.;9;;Veicolo in marcia contro ostacolo accidentale;Rettilineo;Una carreggiata a doppio senso;Bagnato (pioggia);Con buche;Verticale ed orizzontale;Nuvoloso;Scarso;Sufficiente;Sufficiente;0;0;0;2;12.4521;41.82711;-1;1;Autovettura privata;In marcia / fermata / arresto;Passeggero;M;Illeso;0;;Non accertato;Inesploso
3643023;12;03/01/2018 15:15;Strada Urbana;VIA DI MEZZOCAMMINO;in prossimità;;del civico n.;81 b;;Veicolo in marcia contro ostacolo accidentale;Rettilineo;Una carreggiata a doppio senso;Asciutto;Con buche;Verticale ed orizzontale;Nuvoloso;Normale;Buona;Ore Diurne;0;0;0;2;12.44013;41.79272;-1;1;Autovettura privata;In marcia / fermata / arresto;Conducente;M;Illeso;0;;Non accertato;Inesploso
3643023;12;03/01/2018 15:15;Strada Urbana;VIA DI MEZZOCAMMINO;in prossimità;;del civico n.;81 b;;Veicolo in marcia contro ostacolo accidentale;Rettilineo;Una carreggiata a doppio senso;Asciutto;Con buche;Verticale ed orizzontale;Nuvoloso;Normale;Buona;Ore Diurne;0;0;0;2;12.44013;41.79272;-1;1;Autovettura privata;In marcia / fermata / arresto;Passeggero;M;Illeso;0;;Non accertato;Inesploso
3643027;12;01/01/2018 03:45;Strada Urbana;VIALE DELL'OCEANO PACIFICO;in prossimità;;del civico n.;251;;Veicolo in marcia contro ostacolo fisso;Rettilineo;Una carreggiata a doppio senso;Bagnato (umidità in atto);Asfaltata;Verticale ed orizzontale;Nuvoloso;Scarso;Buona;Sufficiente;0;0;0;1;12.45499;41.82575;-1;1;Autovettura privata;In marcia / fermata / arresto;Conducente;F;Illeso;0;;;
3643033;12;03/01/2018 18:00;Strada Urbana;VIA DI ACQUA ACETOSA OSTIENSE;da specificare;;;;altezza via Italo Calvino;Veicolo in marcia contro ostacolo accidentale;Rettilineo;Una carreggiata a doppio senso;Bagnato (umidità in atto);Asfaltata;Verticale ed orizzontale;Nuvoloso;Scarso;Buona;Insufficiente;0;0;0;1;12.46733;41.80484;-1;1;Autovettura privata;In marcia / fermata / arresto;Conducente;M;Illeso;0;;Non accertato;Inesploso
3643040;12;04/01/2018 09:45;Strada Urbana;VIA DEL CAPPELLACCIO;da specificare;;;;200 mt. dopo viadotto;Veicolo in marcia contro ostacolo accidentale;Rettilineo;Una carreggiata a doppio senso;Asciutto;Con buche;Orizzontale;Sereno;Scarso;Buona;Ore Diurne;0;0;0;1;12.45248;41.8325;-1;1;Autovettura privata;In marcia / fermata / arresto;Conducente;F;Illeso;0;;;
3643045;12;04/01/2018 21:20;Strada Urbana;VIA PORTUENSE;in prossimità;;del civico n.;713;;Veicolo in marcia contro ostacolo accidentale;Rettilineo;Una carreggiata a doppio senso;Asciutto;Con buche;Verticale ed orizzontale;Sereno;Normale;Buona;Sufficiente;0;0;0;1;12.43398;41.85142;-1;1;Motociclo a solo;In marcia / fermata / arresto;Conducente;M;Illeso;0;;Utilizzato;
3643048;12;07/01/2018 10:00;Strada Urbana;VIALE DEGLI EROI DI CEFALONIA;in prossimità;;del civico n.;320;;Veicolo in marcia contro ostacolo accidentale;Rettilineo;Una carreggiata a senso unico di marcia;Asciutto;Con buche;Verticale ed orizzontale;Nuvoloso;Normale;Buona;Ore Diurne;0;0;0;1;12.43615;41.78431;-1;1;Autovettura privata;In marcia / fermata / arresto;Conducente;M;Illeso;0;;;
3643054;12;08/01/2018 22:20;Strada Urbana;VIALE CESARE PAVESE;in prossimità;;del civico n.;301;;Veicolo in marcia contro ostacolo accidentale;Rettilineo;Due carreggiate;Asciutto;Con buche;Verticale ed orizzontale;Sereno;Scarso;Sufficiente;Sufficiente;0;0;0;1;12.47125;41.81643;-1;1;Autovettura privata;In marcia / fermata / arresto;Conducente;M;Illeso;0;;Utilizzato;Inesploso
3643057;12;10/01/2018 17:00;Strada Urbana;VIALE DELLA GRANDE MURAGLIA;in corrispondenza;;del civico n.;95;;Veicolo in marcia contro ostacolo accidentale;Rettilineo;Due carreggiate;Asciutto;Asfaltata;Verticale ed orizzontale;Sereno;Normale;Buona;Ore Diurne;0;0;0;1;12.45254;41.81933;-1;1;Autovettura privata;In marcia / fermata / arresto;Conducente;F;Illeso;0;;;
3643058;12;10/01/2018 17:20;Strada Urbana;VIALE DELLA GRANDE MURAGLIA;in corrispondenza;;del civico n.;95;;Veicolo in marcia contro ostacolo accidentale;Rettilineo;Due carreggiate;Asciutto;Asfaltata;Verticale ed orizzontale;Sereno;Intenso;Buona;Ore Diurne;0;0;0;1;12.45254;41.81933;-1;1;Autovettura privata;In marcia / fermata / arresto;Conducente;F;Illeso;0;;Utilizzato;Inesploso