Protocollo;Gruppo;DataOraIncidente;Localizzazione1;STRADA1;Localizzazione2;STRADA2;Strada02;Chilometrica;DaSpecificare;NaturaIncidente;particolaritastrade;TipoStrada;FondoStradale;Pavimentazione;Segnaletica;CondizioneAtmosferica;Traffico;Visibilita;Illuminazione;NUM_FERITI;NUM_RISERVATA;NUM_MORTI;NUM_ILLESI;Longitudine;Latitudine;Confermato;Progressivo;TipoVeicolo;StatoVeicolo;TipoPersona;Sesso;Tipolesione;Deceduto;DecedutoDopo;CinturaCascoUtilizzato;Airbag
3643503;12;17/01/2018 14:00;Strada Urbana;VIA GIUSEPPE TOMASI DI LAMPEDUSA;da specificare;;;;PROSSIMITA' VIA SALVATORE QUASIMODO;Veicolo in marcia contro veicoli in sosta;Curva senza visuale libera;Una carreggiata a doppio senso;Asciutto;Asfaltata;Verticale ed orizzontale;Sereno;Scarso;Buona;Ore Diurne;0;0;0;1;12.47132;41.81601;-1;1;Autovettura privata;In marcia / fermata / arresto;Conducente;F;Illeso;0;;;
3643656;19;17/01/2018 18:30;Strada Urbana;VIA TRIONFALE;in corrispondenza;;del civico n.;9612;;Scontro frontale/laterale SX fra veicoli in marcia;Rettilineo;Una carreggiata a doppio senso;Asciutto;Asfaltata;Verticale ed orizzontale;Sereno;Normale;Buona;Sufficiente;0;0;0;2;12.41698;41.94634;-1;1;Autovettura privata;In marcia / fermata / arresto;Conducente;M;Illeso;0;;Non accertato;Inesploso
3643656;19;17/01/2018 18:30;Strada Urbana;VIA TRIONFALE;in corrispondenza;;del civico n.;9612;;Scontro frontale/laterale SX fra veicoli in marcia;Rettilineo;Una carreggiata a doppio senso;Asciutto;Asfaltata;Verticale ed orizzontale;Sereno;Normale;Buona;Sufficiente;0;0;0;2;12.41698;41.94634;-1;2;Autovettura privata;In marcia / fermata / arresto;Conducente;M;Illeso;0;;Non accertato;Inesploso
3643692;9;17/01/2018 14:20;Strada Urbana;VIA TUSCOLANA;da specificare;;;;fronte VIA GELA;Scontro frontale/laterale SX fra veicoli in marcia;Rettilineo;Una carreggiata a doppio senso;Asciutto;Asfaltata;Verticale ed orizzontale;Sereno;Normale;Buona;Ore Diurne;1;0;0;3;12.52179;41.87947;-1;1;Autovettura privata;In marcia / fermata / arresto;Conducente;M;Illeso;0;;Non accertato;Inesploso
3643692;9;17/01/2018 14:20;Strada Urbana;VIA TUSCOLANA;da specificare;;;;fronte VIA GELA;Scontro frontale/laterale SX fra veicoli in marcia;Rettilineo;Una carreggiata a doppio senso;Asciutto;Asfaltata;Verticale ed orizzontale;Sereno;Normale;Buona;Ore Diurne;1;0;0;3;12.52179;41.87947;-1;1;Autovettura privata;In marcia / fermata / arresto;Passeggero;F;Illeso;0;;Non accertato;Inesploso
3643692;9;17/01/2018 14:20;Strada Urbana;VIA TUSCOLANA;da specificare;;;;fronte VIA GELA;Scontro frontale/laterale SX fra veicoli in marcia;Rettilineo;Una carreggiata a doppio senso;Asciutto;Asfaltata;Verticale ed orizzontale;Sereno;Normale;Buona;Ore Diurne;1;0;0;3;12.52179;41.87947;-1;2;Motociclo a solo;In marcia / fermata / arresto;Conducente;M;Rimandato;0;NON DECEDUTO;;
3643693;9;17/01/2018 15:50;Strada Urbana;VIA TARANTO;in prossimità;;del civico n.;146;;Scontro laterale fra veicoli in marcia;Rettilineo;Una carreggiata a doppio senso;Asciutto;Asfaltata;Verticale ed orizzontale;Sereno;Intenso;Buona;Ore Diurne;0;0;0;2;12.51963;41.88305;-1;1;Autovettura privata;In marcia / fermata / arresto;Conducente;M;Illeso;0;;Non accertato;Inesploso
3643693;9;17/01/2018 15:50;Strada Urbana;VIA TARANTO;in prossimità;;del civico n.;146;;Scontro laterale fra veicoli in marcia;Rettilineo;Una carreggiata a doppio senso;Asciutto;Asfaltata;Verticale ed orizzontale;Sereno;Intenso;Buona;Ore Diurne;0;0;0;2;12.51963;41.88305;-1;2;Motociclo a solo;In marcia / fermata / arresto;Conducente;M;Illeso;0;;Non accertato;
3643694;15;17/01/2018 16:30;Strada Urbana;VIA DELLA CASETTA MATTEI;all'intersezione con;VIA DEGLI ADIMARI;VIA DEGLI ADIMARI;;;Scontro frontale/laterale SX fra veicoli in marcia;Incrocio;Una carreggiata a doppio senso;Asciutto;Asfaltata;Verticale ed orizzontale;Nebbia;Intenso;Buona;Ore Diurne;0;0;0;3;12.41959;41.85788;-1;1;Autovettura privata;In marcia / fermata / arresto;Conducente;M;Illeso;0;;Non accertato;Inesploso
3643694;15;17/01/2018 16:30;Strada Urbana;VIA DELLA CASETTA MATTEI;all'intersezione con;VIA DEGLI ADIMARI;VIA DEGLI ADIMARI;;;Scontro frontale/laterale SX fra veicoli in marcia;Incrocio;Una carreggiata a doppio senso;Asciutto;Asfaltata;Verticale ed orizzontale;Nebbia;Intenso;Buona;Ore Diurne;0;0;0;3;12.41959;41.85788;-1;1;Autovettura privata;In marcia / fermata / arresto;Passeggero;F;Illeso;0;;Non accertato;Inesploso
3643694;15;17/01/2018 16:30;Strada Urbana;VIA DELLA CASETTA MATTEI;all'intersezione con;VIA DEGLI ADIMARI;VIA DEGLI ADIMARI;;;Scontro frontale/laterale SX fra veicoli in marcia;Incrocio;Una carreggiata a doppio senso;Asciutto;Asfaltata;Verticale ed orizzontale;Nebbia;Intenso;Buona;Ore Diurne;0;0;0;3;12.41959;41.85788;-1;2;Motociclo a solo;In marcia / fermata / arresto;Conducente;M;Illeso;0;;;
3643697;9;17/01/2018 16:15;Strada Urbana;VIA APPIA NUOVA;all'intersezione con;LARGO DON ORIONE;LARGO DON ORIONE;;;Scontro frontale/laterale DX fra veicoli in marcia;Intersezione stradale segnalata;Due carreggiate;Asciutto;Asfaltata;Verticale ed orizzontale;Sereno;Normale;Buona;Sufficiente;0;0;0;3;12.5169;41.87931;-1;1;Autovettura privata;In marcia / fermata / arresto;Conducente;F;Illeso;0;;Non accertato;Inesploso
3643697;9;17/01/2018 16:15;Strada Urbana;VIA APPIA NUOVA;all'intersezione con;LARGO DON ORIONE;LARGO DON ORIONE;;;Scontro frontale/laterale DX fra veicoli in marcia;Intersezione stradale segnalata;Due carreggiate;Asciutto;Asfaltata;Verticale ed orizzontale;Sereno;Normale;Buona;Sufficiente;0;0;0;3;12.5169;41.87931;-1;1;Autovettura privata;In marcia / fermata / arresto;Passeggero;M;Illeso;0;;Non accertato;Inesploso
3643697;9;17/01/2018 16:15;Strada Urbana;VIA APPIA NUOVA;all'intersezione con;LARGO DON ORIONE;LARGO DON ORIONE;;;Scontro frontale/laterale DX fra veicoli in marcia;Intersezione stradale segnalata;Due carreggiate;Asciutto;Asfaltata;Verticale ed orizzontale;Sereno;Normale;Buona;Sufficiente;0;0;0;3;12.5169;41.87931;-1;2;Motociclo a solo;In marcia / fermata / arresto;Conducente;M;Illeso;0;;Non accertato;
3643711;12;15/01/2018 18:00;Strada Urbana;VIA DI MEZZOCAMMINO;in corrispondenza;;del civico n.;276;;Investimento di pedone;Curva a visuale libera;Una carreggiata a senso unico alternato;Bagnato (pioggia);Asfaltata;Orizzontale;Nuvoloso;Normale;Buona;Sufficiente;1;0;0;1;12.43419;41.78745;-1;;;;Pedone;M;Ricoverato;0;NON DECEDUTO;;
3643711;12;15/01/2018 18:00;Strada Urbana;VIA DI MEZZOCAMMINO;in corrispondenza;;del civico n.;276;;Investimento di pedone;Curva a visuale libera;Una carreggiata a senso unico alternato;Bagnato (pioggia);Asfaltata;Orizzontale;Nuvoloso;Normale;Buona;Sufficiente;1;0;0;1;12.43419;41.78745;-1;1;Autobus urbano;In marcia / fermata / arresto;Conducente;F;Illeso;0;;Non accertato;Inesploso
3643716;15;17/01/2018 17:00;Strada Urbana;LARGO CESARE REDUZZI;in prossimità;;del civico n.;5;;Veicolo in marcia contro ostacolo fisso;Rettilineo;Una carreggiata a senso unico di marcia;Asciutto;Asfaltata;Verticale;Sereno;Scarso;Buona;Sufficiente;0;0;0;1;12.41068;41.84681;-1;1;Autobus di linea;In marcia / fermata / arresto;Conducente;M;Illeso;0;;;
3644001;9;17/01/2018 22:40;Strada Urbana;VIA CILICIA;in prossimità;;del civico n.;14;;Tamponamento;Rettilineo;Due carreggiate;Asciutto;Asfaltata;Verticale;Sereno;Scarso;Buona;Sufficiente;1;0;0;1;12.50478;41.87293;-1;1;Autovettura privata;In marcia / fermata / arresto;Conducente;M;Illeso;0;;Non accertato;Inesploso
3644001;9;17/01/2018 22:40;Strada Urbana;VIA CILICIA;in prossimità;;del civico n.;14;;Tamponamento;Rettilineo;Due carreggiate;Asciutto;Asfaltata;Verticale;Sereno;Scarso;Buona;Sufficiente;1;0;0;1;12.50478;41.87293;-1;2;Autovettura privata;In marcia / fermata / arresto;Conducente;M;Rimandato;0;NON DECEDUTO;Non accertato;Inesploso
3644009;6;17/01/2018 15:30;Strada Urbana;VIALE DELLA PRIMAVERA;in corrispondenza;;del civico n.;41;;Tamponamento;Rettilineo;Una carreggiata a doppio senso;Asciutto;Asfaltata;Verticale ed orizzontale;Sereno;Normale;Buona;Ore Diurne;0;0;0;2;12.56125;41.88577;-1;1;Autovettura privata;In marcia / fermata / arresto;Conducente;F;Illeso;0;;;
3644009;6;17/01/2018 15:30;Strada Urbana;VIALE DELLA PRIMAVERA;in corrispondenza;;del civico n.;41;;Tamponamento;Rettilineo;Una carreggiata a doppio senso;Asciutto;Asfaltata;Verticale ed orizzontale;Sereno;Normale;Buona;Ore Diurne;0;0;0;2;12.56125;41.88577;-1;2;Autovettura privata;In marcia / fermata / arresto;Conducente;M;Illeso;0;;;
3644020;8;17/01/2018 10:30;Strada Urbana;VIA MICHELE DE MARCO;in prossimità;;del civico n.;18;;Veicolo in marcia contro veicolo in sosta;Curva senza visuale libera;Una carreggiata a doppio senso;Bagnato (umidità in atto);Asfaltata;Assente;Nuvoloso;Scarso;Buona;Ore Diurne;0;0;0;1;12.5866;41.86194;-1;1;Autovettura privata;In marcia / fermata / arresto;Conducente;M;Illeso;0;;Non accertato;Inesploso
3644022;1;17/01/2018 20:40;Strada Urbana;VIA CONTE VERDE;in prossimità;;del civico n.;47;;Investimento di pedone;Rettilineo;Una carreggiata a doppio senso;Asciutto;Asfaltata;Verticale ed orizzontale;Sereno;Normale;Sufficiente;Insufficiente;1;0;0;1;12.50707;41.89292;-1;;;;Pedone;M;Rimandato;0;NON DECEDUTO;;
3644022;1;17/01/2018 20:40;Strada Urbana;VIA CONTE VERDE;in prossimità;;del civico n.;47;;Investimento di pedone;Rettilineo;Una carreggiata a doppio senso;Asciutto;Asfaltata;Verticale ed orizzontale;Sereno;Normale;Sufficiente;Insufficiente;1;0;0;1;12.50707;41.89292;-1;1;Motociclo a solo;In marcia / fermata / arresto;Conducente;M;Illeso;0;;Non accertato;
3644029;8;18/01/2018 00:05;Strada Urbana;VIA PIETRO ROMANO;all'intersezione con;VIA ANGIOLO CASSIOLI;VIA ANGIOLO CASSIOLI;;;Scontro laterale fra veicoli in marcia;Incrocio;Una carreggiata a doppio senso;Asciutto;Asfaltata;Verticale ed orizzontale;Sereno;Scarso;Buona;Sufficiente;0;0;0;2;12.57777;41.87071;-1;1;Motociclo a solo;In marcia / fermata / arresto;Conducente;M;Illeso;0;;Non accertato;
3644029;8;18/01/2018 00:05;Strada Urbana;VIA PIETRO ROMANO;all'intersezione con;VIA ANGIOLO CASSIOLI;VIA ANGIOLO CASSIOLI;;;Scontro laterale fra veicoli in marcia;Incrocio;Una carreggiata a doppio senso;Asciutto;Asfaltata;Verticale ed orizzontale;Sereno;Scarso;Buona;Sufficiente;0;0;0;2;12.57777;41.87071;-1;2;Autovettura privata;In marcia / fermata / arresto;Conducente;M;Illeso;0;;Non accertato;Inesploso
3644034;8;19/01/2018 09:15;Strada Urbana;VIALE DUILIO CAMBELLOTTI;da specificare;;;;inversione di marcia;Tamponamento Multiplo;Rettilineo;Due carreggiate;Bagnato (umidità in atto);Asfaltata;Verticale ed orizzontale;Nuvoloso;Normale;Buona;Ore Diurne;1;0;0;2;12.62963;41.86736;-1;1;Autovettura privata;In marcia / fermata / arresto;Conducente;M;Illeso;0;;Non accertato;Inesploso
3644034;8;19/01/2018 09:15;Strada Urbana;VIALE DUILIO CAMBELLOTTI;da specificare;;;;inversione di marcia;Tamponamento Multiplo;Rettilineo;Due carreggiate;Bagnato (umidità in atto);Asfaltata;Verticale ed orizzontale;Nuvoloso;Normale;Buona;Ore Diurne;1;0;0;2;12.62963;41.86736;-1;2;Autovettura privata;In marcia / fermata / arresto;Conducente;F;Rifiuta cure immediate;0;NON DECEDUTO;Non accertato;Inesploso
3644034;8;19/01/2018 09:15;Strada Urbana;VIALE DUILIO CAMBELLOTTI;da specificare;;;;inversione di marcia;Tamponamento Multiplo;Rettilineo;Due carreggiate;Bagnato (umidità in atto);Asfaltata;Verticale ed orizzontale;Nuvoloso;Normale;Buona;Ore Diurne;1;0;0;2;12.62963;41.86736;-1;3;Autovettura privata;In marcia / fermata / arresto;Conducente;M;Illeso;0;;Non accertato;Inesploso
3644042;6;17/01/2018 15:56;Strada Urbana;VIA OLEVANO ROMANO;all'intersezione con;VIA FILETTINO;VIA FILETTINO;;;Scontro frontale/laterale DX fra veicoli in marcia;Incrocio;Due carreggiate;Asciutto;Asfaltata;Verticale ed orizzontale;Sereno;Normale;Buona;Ore Diurne;2;0;0;0;12.5556;41.89117;-1;1;Autovettura privata;In marcia / fermata / arresto;Conducente;M;Rimandato;0;NON DECEDUTO;Non accertato;Esploso
3644042;6;17/01/2018 15:56;Strada Urbana;VIA OLEVANO ROMANO;all'intersezione con;VIA FILETTINO;VIA FILETTINO;;;Scontro frontale/laterale DX fra veicoli in marcia;Incrocio;Due carreggiate;Asciutto;Asfaltata;Verticale ed orizzontale;Sereno;Normale;Buona;Ore Diurne;2;0;0;0;12.5556;41.89117;-1;2;Autovettura privata;In marcia / fermata / arresto;Conducente;M;Rimandato;0;NON DECEDUTO;Non accertato;Esploso
3644047;8;17/01/2018 20:00;Statale entro l'abitato;VIA CASILINA;in corrispondenza;;del palo luce n.;466;;Tamponamento;Pendenza;Una carreggiata a doppio senso;Asciutto;Asfaltata;Verticale ed orizzontale;Sereno;Normale;Sufficiente;Sufficiente;1;0;0;1;12.62713;41.86324;-1;1;Autovettura privata;In marcia / fermata / arresto;Conducente;M;Illeso;0;;Non accertato;
3644047;8;17/01/2018 20:00;Statale entro l'abitato;VIA CASILINA;in corrispondenza;;del palo luce n.;466;;Tamponamento;Pendenza;Una carreggiata a doppio senso;Asciutto;Asfaltata;Verticale ed orizzontale;Sereno;Normale;Sufficiente;Sufficiente;1;0;0;1;12.62713;41.86324;-1;2;Velocipede;In marcia / fermata / arresto;Conducente;M;Ricoverato;0;NON DECEDUTO;Esente;
3644049;6;17/01/2018 16:45;Strada Urbana;VIA CASILINA;da specificare;;;;altezza Via ROMOLO BALZANI;Tamponamento Multiplo;Rettilineo;Più di due carreggiate;Asciutto;Asfaltata;Verticale ed orizzontale;Sereno;Normale;Buona;Sufficiente;0;0;0;3;12.55437;41.87641;-1;1;Autovettura privata;In marcia / fermata / arresto;Conducente;M;Illeso;0;;;
3644049;6;17/01/2018 16:45;Strada Urbana;VIA CASILINA;da specificare;;;;altezza Via ROMOLO BALZANI;Tamponamento Multiplo;Rettilineo;Più di due carreggiate;Asciutto;Asfaltata;Verticale ed orizzontale;Sereno;Normale;Buona;Sufficiente;0;0;0;3;12.55437;41.87641;-1;2;Autocarro inferiore 35 q.;In marcia / fermata / arresto;Conducente;M;Illeso;0;;;
3644049;6;17/01/2018 16:45;Strada Urbana;VIA CASILINA;da specificare;;;;altezza Via ROMOLO BALZANI;Tamponamento Multiplo;Rettilineo;Più di due carreggiate;Asciutto;Asfaltata;Verticale ed orizzontale;Sereno;Normale;Buona;Sufficiente;0;0;0;3;12.55437;41.87641;-1;3;Autovettura privata;In marcia / fermata / arresto;Conducente;F;Illeso;0;;;
3644052;19;17/01/2018 08:40;Strada Urbana;VIA MATTIA BATTISTINI;da specificare;;;;altezza VIA B.V. CENTURIONI BRACELLI;Ribaltamento senza urto contro ostacolo fisso;Rettilineo;Una carreggiata a doppio senso;Asciutto;Asfaltata;Orizzontale;Sereno;Normale;Buona;Ore Diurne;1;0;0;0;12.41846;41.91864;-1;1;Motociclo a solo;In marcia / fermata / arresto;Conducente;M;Rifiuta cure immediate;0;NON DECEDUTO;;
3644054;8;17/01/2018 13:00;Strada Urbana;PIAZZA DEGLI ALCIONI;in prossimità;;del civico n.;19;;Veicolo in marcia contro ostacolo accidentale;Rettilineo;Una carreggiata a doppio senso;Asciutto;Asfaltata;Verticale;Vento forte;Scarso;Buona;Ore Diurne;0;0;0;1;12.59259;41.86653;-1;1;Autovettura privata;In marcia / fermata / arresto;Conducente;M;Illeso;0;;Non accertato;Inesploso
3644060;10;17/01/2018 17:15;Strada Urbana;VIA DI TORRE SPACCATA;all'intersezione con;VIA WALTER PROCACCINI;VIA WALTER PROCACCINI;;;Scontro laterale fra veicoli in marcia;Rotatoria;Una carreggiata a senso unico di marcia;Asciutto;Asfaltata;Orizzontale;Sereno;Normale;Sufficiente;Sufficiente;0;0;0;3;12.58284;41.84861;-1;1;Autovettura privata;In marcia / fermata / arresto;Conducente;M;Illeso;0;;Non accertato;Inesploso
3644060;10;17/01/2018 17:15;Strada Urbana;VIA DI TORRE SPACCATA;all'intersezione con;VIA WALTER PROCACCINI;VIA WALTER PROCACCINI;;;Scontro laterale fra veicoli in marcia;Rotatoria;Una carreggiata a senso unico di marcia;Asciutto;Asfaltata;Orizzontale;Sereno;Normale;Sufficiente;Sufficiente;0;0;0;3;12.58284;41.84861;-1;2;Autovettura privata;In marcia / fermata / arresto;Conducente;M;Illeso;0;;Non accertato;Inesploso
3644060;10;17/01/2018 17:15;Strada Urbana;VIA DI TORRE SPACCATA;all'intersezione con;VIA WALTER PROCACCINI;VIA WALTER PROCACCINI;;;Scontro laterale fra veicoli in marcia;Rotatoria;Una carreggiata a senso unico di marcia;Asciutto;Asfaltata;Orizzontale;Sereno;Normale;Sufficiente;Sufficiente;0;0;0;3;12.58284;41.84861;-1;2;Autovettura privata;In marcia / fermata / arresto;Passeggero;M;Illeso;0;;Non accertato;Inesploso
3644062;20;17/01/2018 14:10;Strada Urbana;VIA FLAMINIA NUOVA;da specificare;;;;VIA FABBRONI;Veicolo in marcia contro ostacolo accidentale;Rettilineo;Una carreggiata a doppio senso;Asciutto;Asfaltata;Verticale ed orizzontale;Vento forte;Normale;Buona;Ore Diurne;0;0;0;1;12.4717;41.95109;-1;1;Autobus di linea;In marcia / fermata / arresto;Conducente;M;Illeso;0;;;
3644063;15;17/01/2018 21:10;Strada Urbana;VIA ALBERESE;all'intersezione con;VICOLO DI PAPA LEONE;VICOLO DI PAPA LEONE;;;Scontro frontale/laterale SX fra veicoli in marcia;Intersezione stradale segnalata;Una carreggiata a doppio senso;Asciutto;Asfaltata;Verticale ed orizzontale;Sereno;Scarso;Buona;Sufficiente;1;0;0;1;12.44119;41.84821;-1;1;Autovettura privata;In marcia / fermata / arresto;Conducente;M;Illeso;0;;Utilizzato;
3644063;15;17/01/2018 21:10;Strada Urbana;VIA ALBERESE;all'intersezione con;VICOLO DI PAPA LEONE;VICOLO DI PAPA LEONE;;;Scontro frontale/laterale SX fra veicoli in marcia;Intersezione stradale segnalata;Una carreggiata a doppio senso;Asciutto;Asfaltata;Verticale ed orizzontale;Sereno;Scarso;Buona;Sufficiente;1;0;0;1;12.44119;41.84821;-1;2;Motociclo a solo;In marcia / fermata / arresto;Conducente;M;Rimandato;0;NON DECEDUTO;Utilizzato;
3644065;20;17/01/2018 20:30;Provinciale entro l'abitato;VIA CASSIA;in prossimità;;del civico n.;1698;;Scontro frontale fra veicoli in marcia;Rettilineo;Una carreggiata a doppio senso;Asciutto;Asfaltata;Orizzontale;Sereno;Scarso;Buona;Sufficiente;0;0;0;2;12.37974;42.00709;-1;1;Autovettura privata;In marcia / fermata / arresto;Conducente;F;Illeso;0;;Non accertato;
3644065;20;17/01/2018 20:30;Provinciale entro l'abitato;VIA CASSIA;in prossimità;;del civico n.;1698;;Scontro frontale fra veicoli in marcia;Rettilineo;Una carreggiata a doppio senso;Asciutto;Asfaltata;Orizzontale;Sereno;Scarso;Buona;Sufficiente;0;0;0;2;12.37974;42.00709;-1;2;Autovettura privata;In marcia / fermata / arresto;Conducente;M;Illeso;0;;Non accertato;
3644066;8;17/01/2018 08:00;Strada Urbana;VIALE DUILIO CAMBELLOTTI;da specificare;;;;pross. inversione marcia Metro C dir. Oxford;Scontro laterale fra veicoli in marcia;Rettilineo;Due carreggiate;Bagnato (umidità in atto);Asfaltata;Verticale ed orizzontale;Nuvoloso;Normale;Buona;Ore Diurne;0;0;0;4;12.62963;41.86736;-1;1;Autovettura privata;In marcia / fermata / arresto;Conducente;M;Illeso;0;;;
3644066;8;17/01/2018 08:00;Strada Urbana;VIALE DUILIO CAMBELLOTTI;da specificare;;;;pross. inversione marcia Metro C dir. Oxford;Scontro laterale fra veicoli in marcia;Rettilineo;Due carreggiate;Bagnato (umidità in atto);Asfaltata;Verticale ed orizzontale;Nuvoloso;Normale;Buona;Ore Diurne;0;0;0;4;12.62963;41.86736;-1;1;Autovettura privata;In marcia / fermata / arresto;Passeggero;M;Illeso;0;;;
3644066;8;17/01/2018 08:00;Strada Urbana;VIALE DUILIO CAMBELLOTTI;da specificare;;;;pross. inversione marcia Metro C dir. Oxford;Scontro laterale fra veicoli in marcia;Rettilineo;Due carreggiate;Bagnato (umidità in atto);Asfaltata;Verticale ed orizzontale;Nuvoloso;Normale;Buona;Ore Diurne;0;0;0;4;12.62963;41.86736;-1;2;Autovettura privata;In marcia / fermata / arresto;Conducente;M;Illeso;0;;;
3644068;10;17/01/2018 18:40;Strada Urbana;VIA TUSCOLANA;all'intersezione con;PIAZZA DI CINECITTA';PIAZZA DI CINECITTA';;;Scontro frontale/laterale DX fra veicoli in marcia;Incrocio;Due carreggiate;Asciutto;Asfaltata;Verticale ed orizzontale;Sereno;Normale;Buona;Sufficiente;0;0;0;3;12.56787;41.85363;-1;1;Autovettura privata;In marcia / fermata / arresto;Conducente;F;Illeso;0;;Non accertato;Inesploso
3644068;10;17/01/2018 18:40;Strada Urbana;VIA TUSCOLANA;all'intersezione con;PIAZZA DI CINECITTA';PIAZZA DI CINECITTA';;;Scontro frontale/laterale DX fra veicoli in marcia;Incrocio;Due carreggiate;Asciutto;Asfaltata;Verticale ed orizzontale;Sereno;Normale;Buona;Sufficiente;0;0;0;3;12.56787;41.85363;-1;1;Autovettura privata;In marcia / fermata / arresto;Passeggero;M;Illeso;0;;Non accertato;Inesploso
3644068;10;17/01/2018 18:40;Strada Urbana;VIA TUSCOLANA;all'intersezione con;PIAZZA DI CINECITTA';PIAZZA DI CINECITTA';;;Scontro frontale/laterale DX fra veicoli in marcia;Incrocio;Due carreggiate;Asciutto;Asfaltata;Verticale ed orizzontale;Sereno;Normale;Buona;Sufficiente;0;0;0;3;12.56787;41.85363;-1;2;Motociclo a solo;In marcia / fermata / arresto;Conducente;M;Illeso;0;;;
3644069;13;17/01/2018 19:15;Strada Urbana;VIA DI MACCHIA SAPONARA;da specificare;;;;prossimità via Domenico Purificato;Veicolo in marcia contro ostacolo fisso;Rettilineo;Una carreggiata a doppio senso;Asciutto;Asfaltata;Verticale ed orizzontale;Sereno;Normale;Sufficiente;Sufficiente;1;0;0;0;12.35762;41.76749;-1;1;Motociclo con passeggero;In marcia / fermata / arresto;Conducente;F;Rimandato;0;NON DECEDUTO;Non accertato;
3644070;10;17/01/2018 21:30;Strada Urbana;VIA DON PRIMO MAZZOLARI;all'intersezione con;VIA MARCELLO CANDIA;VIA MARCELLO CANDIA;;;Scontro frontale/laterale DX fra veicoli in marcia;Incrocio;Una carreggiata a doppio senso;Asciutto;Asfaltata;Verticale ed orizzontale;Sereno;Scarso;Buona;Sufficiente;1;0;0;2;12.67255;41.89712;-1;1;Autovettura privata;In marcia / fermata / arresto;Conducente;M;Illeso;0;;Non accertato;Esploso
3644070;10;17/01/2018 21:30;Strada Urbana;VIA DON PRIMO MAZZOLARI;all'intersezione con;VIA MARCELLO CANDIA;VIA MARCELLO CANDIA;;;Scontro frontale/laterale DX fra veicoli in marcia;Incrocio;Una carreggiata a doppio senso;Asciutto;Asfaltata;Verticale ed orizzontale;Sereno;Scarso;Buona;Sufficiente;1;0;0;2;12.67255;41.89712;-1;1;Autovettura privata;In marcia / fermata / arresto;Passeggero;F;Illeso;0;;Non accertato;Inesploso
3644070;10;17/01/2018 21:30;Strada Urbana;VIA DON PRIMO MAZZOLARI;all'intersezione con;VIA MARCELLO CANDIA;VIA MARCELLO CANDIA;;;Scontro frontale/laterale DX fra veicoli in marcia;Incrocio;Una carreggiata a doppio senso;Asciutto;Asfaltata;Verticale ed orizzontale;Sereno;Scarso;Buona;Sufficiente;1;0;0;2;12.67255;41.89712;-1;2;Autocarro inferiore 35 q.;In marcia / fermata / arresto;Conducente;F;Rimandato;0;NON DECEDUTO;Non accertato;Inesploso
3644074;13;17/01/2018 18:00;;VIA OSTIENSE;da specificare;;;;altezza rampa discendente viadotto Zelia Nuttall;Veicolo in marcia contro ostacolo accidentale;;;;;;;;;;0;0;0;1;12.41094;41.80891;0;1;Autovettura privata;In marcia / fermata / arresto;Conducente;M;Illeso;0;;Non accertato;Inesploso
3644076;13;17/01/2018 16:40;Strada Urbana;VIA AZZANELLO;all'intersezione con;VIA CASTELLUCCHIO;VIA CASTELLUCCHIO;;;Scontro frontale/laterale DX fra veicoli in marcia;Incrocio;Una carreggiata a doppio senso;Asciutto;Asfaltata;Assente;Sereno;Normale;Buona;Ore Diurne;0;0;0;8;12.3299;41.78189;-1;1;Autovettura privata;In marcia / fermata / arresto;Conducente;F;Illeso;0;;Non accertato;Inesploso
3644076;13;17/01/2018 16:40;Strada Urbana;VIA AZZANELLO;all'intersezione con;VIA CASTELLUCCHIO;VIA CASTELLUCCHIO;;;Scontro frontale/laterale DX fra veicoli in marcia;Incrocio;Una carreggiata a doppio senso;Asciutto;Asfaltata;Assente;Sereno;Normale;Buona;Ore Diurne;0;0;0;8;12.3299;41.78189;-1;1;Autovettura privata;In marcia / fermata / arresto;Passeggero;M;Illeso;0;;Non accertato;Inesploso
3644076;13;17/01/2018 16:40;Strada Urbana;VIA AZZANELLO;all'intersezione con;VIA CASTELLUCCHIO;VIA CASTELLUCCHIO;;;Scontro frontale/laterale DX fra veicoli in marcia;Incrocio;Una carreggiata a doppio senso;Asciutto;Asfaltata;Assente;Sereno;Normale;Buona;Ore Diurne;0;0;0;8;12.3299;41.78189;-1;1;Autovettura privata;In marcia / fermata / arresto;Passeggero;M;Illeso;0;;Non accertato;Inesploso
3644076;13;17/01/2018 16:40;Strada Urbana;VIA AZZANELLO;all'intersezione con;VIA CASTELLUCCHIO;VIA CASTELLUCCHIO;;;Scontro frontale/laterale DX fra veicoli in marcia;Incrocio;Una carreggiata a doppio senso;Asciutto;Asfaltata;Assente;Sereno;Normale;Buona;Ore Diurne;0;0;0;8;12.3299;41.78189;-1;1;Autovettura privata;In marcia / fermata / arresto;Passeggero;M;Illeso;0;;Non accertato;Inesploso
3644076;13;17/01/2018 16:40;Strada Urbana;VIA AZZANELLO;all'intersezione con;VIA CASTELLUCCHIO;VIA CASTELLUCCHIO;;;Scontro frontale/laterale DX fra veicoli in marcia;Incrocio;Una carreggiata a doppio senso;Asciutto;Asfaltata;Assente;Sereno;Normale;Buona;Ore Diurne;0;0;0;8;12.3299;41.78189;-1;2;Autovettura privata;In marcia / fermata / arresto;Conducente;M;Illeso;0;;Non accertato;Inesploso
3644076;13;17/01/2018 16:40;Strada Urbana;VIA AZZANELLO;all'intersezione con;VIA CASTELLUCCHIO;VIA CASTELLUCCHIO;;;Scontro frontale/laterale DX fra veicoli in marcia;Incrocio;Una carreggiata a doppio senso;Asciutto;Asfaltata;Assente;Sereno;Normale;Buona;Ore Diurne;0;0;0;8;12.3299;41.78189;-1;2;Autovettura privata;In marcia / fermata / arresto;Passeggero;F;Illeso;0;;Non accertato;Inesploso