Protocollo;Gruppo;DataOraIncidente;Localizzazione1;STRADA1;Localizzazione2;STRADA2;Strada02;Chilometrica;DaSpecificare;NaturaIncidente;particolaritastrade;TipoStrada;FondoStradale;Pavimentazione;Segnaletica;CondizioneAtmosferica;Traffico;Visibilita;Illuminazione;NUM_FERITI;NUM_RISERVATA;NUM_MORTI;NUM_ILLESI;Longitudine;Latitudine;Confermato;Progressivo;TipoVeicolo;StatoVeicolo;TipoPersona;Sesso;Tipolesione;Deceduto;DecedutoDopo;CinturaCascoUtilizzato;Airbag
3649624;4;21/01/2018 10:15;Strada Urbana;VIA DELLE VIGNE NUOVE;da specificare;;;;civico 618, altezza distributore IP;Investimento di pedone;Rettilineo;Due carreggiate;Asciutto;Asfaltata;Verticale ed orizzontale;Sereno;Normale;Buona;Ore Diurne;1;0;0;2;12.53582;41.95536;-1;1;Autovettura privata;In marcia / fermata / arresto;Conducente;M;Illeso;0;;Non accertato;
3649624;4;21/01/2018 10:15;Strada Urbana;VIA DELLE VIGNE NUOVE;da specificare;;;;civico 618, altezza distributore IP;Investimento di pedone;Rettilineo;Due carreggiate;Asciutto;Asfaltata;Verticale ed orizzontale;Sereno;Normale;Buona;Ore Diurne;1;0;0;2;12.53582;41.95536;-1;1;Autovettura privata;In marcia / fermata / arresto;Passeggero;F;Illeso;0;;;Inesploso
3649633;16;19/01/2018 18:00;Strada Urbana;VIA FEDERICO ROSAZZA;in corrispondenza;;del civico n.;48;;Veicolo in marcia contro veicolo in sosta;Rettilineo;Una carreggiata a doppio senso;Asciutto;Asfaltata;Assente;Sereno;Intenso;Buona;Sufficiente;0;0;0;1;12.46704;41.87746;-1;2;Autovettura privata;In marcia / fermata / arresto;Conducente;M;Illeso;0;;;
3649644;1;20/01/2018 23:30;Strada Urbana;PIAZZA MANFREDO FANTI;all'intersezione semaforizzata con;VIA RATTAZZI;VIA RATTAZZI;;;Scontro laterale fra veicoli in marcia;Intersezione semaforizzata;Una carreggiata a senso unico di marcia;Asciutto;Asfaltata;Verticale ed orizzontale;Sereno;Scarso;Buona;Sufficiente;0;0;0;4;12.50224;41.89767;-1;1;Autovettura privata;In marcia / fermata / arresto;Conducente;F;Illeso;0;;Non accertato;Inesploso
3649644;1;20/01/2018 23:30;Strada Urbana;PIAZZA MANFREDO FANTI;all'intersezione semaforizzata con;VIA RATTAZZI;VIA RATTAZZI;;;Scontro laterale fra veicoli in marcia;Intersezione semaforizzata;Una carreggiata a senso unico di marcia;Asciutto;Asfaltata;Verticale ed orizzontale;Sereno;Scarso;Buona;Sufficiente;0;0;0;4;12.50224;41.89767;-1;1;Autovettura privata;In marcia / fermata / arresto;Passeggero;F;Illeso;0;;Non accertato;Inesploso
3649644;1;20/01/2018 23:30;Strada Urbana;PIAZZA MANFREDO FANTI;all'intersezione semaforizzata con;VIA RATTAZZI;VIA RATTAZZI;;;Scontro laterale fra veicoli in marcia;Intersezione semaforizzata;Una carreggiata a senso unico di marcia;Asciutto;Asfaltata;Verticale ed orizzontale;Sereno;Scarso;Buona;Sufficiente;0;0;0;4;12.50224;41.89767;-1;2;Autovettura privata;In marcia / fermata / arresto;Conducente;F;Illeso;0;;Non accertato;Inesploso
3649644;1;20/01/2018 23:30;Strada Urbana;PIAZZA MANFREDO FANTI;all'intersezione semaforizzata con;VIA RATTAZZI;VIA RATTAZZI;;;Scontro laterale fra veicoli in marcia;Intersezione semaforizzata;Una carreggiata a senso unico di marcia;Asciutto;Asfaltata;Verticale ed orizzontale;Sereno;Scarso;Buona;Sufficiente;0;0;0;4;12.50224;41.89767;-1;2;Autovettura privata;In marcia / fermata / arresto;Passeggero;F;Illeso;0;;Non accertato;Inesploso
3649652;4;19/01/2018 09:30;Strada Urbana;VIA ALESSANDRO FORTIS;all'intersezione con;PIAZZA OTTAVIANO VIMERCATI;PIAZZA OTTAVIANO VIMERCATI;;;Scontro laterale fra veicoli in marcia;Intersezione semaforizzata;Una carreggiata a senso unico di marcia;Asciutto;Asfaltata;Verticale;Nuvoloso;Normale;Buona;Ore Diurne;0;0;0;2;12.52454;41.95773;-1;1;Autovettura privata;In marcia / fermata / arresto;Conducente;F;Illeso;0;;Non accertato;
3649652;4;19/01/2018 09:30;Strada Urbana;VIA ALESSANDRO FORTIS;all'intersezione con;PIAZZA OTTAVIANO VIMERCATI;PIAZZA OTTAVIANO VIMERCATI;;;Scontro laterale fra veicoli in marcia;Intersezione semaforizzata;Una carreggiata a senso unico di marcia;Asciutto;Asfaltata;Verticale;Nuvoloso;Normale;Buona;Ore Diurne;0;0;0;2;12.52454;41.95773;-1;2;Autovettura privata;In marcia / fermata / arresto;Conducente;M;Illeso;0;;Non accertato;
3649653;4;21/01/2018 06:30;Provinciale entro l'abitato;VIADOTTO GIOVANNI GRONCHI;da specificare;;;;corrispond. inver. di marcia (Bufalotta- Fucini;Veicolo in marcia contro ostacolo fisso;Rettilineo;Due carreggiate;Bagnato (umidità in atto);Asfaltata;Verticale ed orizzontale;Nuvoloso;Scarso;Buona;Ore Diurne;0;0;0;1;12.53548;41.95931;-1;1;Autovettura privata;In marcia / fermata / arresto;Conducente;M;Illeso;0;;Non accertato;
3649674;12;20/01/2018 11:45;Statale entro l'abitato;VIA DEL MARE;in prossimità;;della chilometrica;10.1;;Veicolo in marcia contro veicolo fermo;Rettilineo;Due carreggiate;Asciutto;Asfaltata;Verticale ed orizzontale;Sereno;Normale;Buona;Ore Diurne;0;0;0;3;12.43615;41.81954;-1;1;Autovettura privata;In marcia / fermata / arresto;Conducente;M;Illeso;0;;Utilizzato;Inesploso
3649674;12;20/01/2018 11:45;Statale entro l'abitato;VIA DEL MARE;in prossimità;;della chilometrica;10.1;;Veicolo in marcia contro veicolo fermo;Rettilineo;Due carreggiate;Asciutto;Asfaltata;Verticale ed orizzontale;Sereno;Normale;Buona;Ore Diurne;0;0;0;3;12.43615;41.81954;-1;2;Autovettura privata;In marcia / fermata / arresto;Conducente;M;Illeso;0;;Utilizzato;Inesploso
3649674;12;20/01/2018 11:45;Statale entro l'abitato;VIA DEL MARE;in prossimità;;della chilometrica;10.1;;Veicolo in marcia contro veicolo fermo;Rettilineo;Due carreggiate;Asciutto;Asfaltata;Verticale ed orizzontale;Sereno;Normale;Buona;Ore Diurne;0;0;0;3;12.43615;41.81954;-1;2;Autovettura privata;In marcia / fermata / arresto;Passeggero;F;Illeso;0;;Utilizzato;Inesploso
3649690;16;19/01/2018 18:30;Strada Urbana;VIALE DEI COLLI PORTUENSI;all'intersezione con;VIA GIOVANNI TORRECREMATA;VIA GIOVANNI TORRECREMATA;;;Scontro laterale fra veicoli in marcia;Intersezione non regolata/non segnalata;Due carreggiate;Bagnato (pioggia);Asfaltata;Assente;Pioggia in atto;Normale;Buona;Sufficiente;0;0;0;2;12.44404;41.86675;-1;1;Autovettura privata;In marcia / fermata / arresto;Conducente;F;Illeso;0;;;
3649690;16;19/01/2018 18:30;Strada Urbana;VIALE DEI COLLI PORTUENSI;all'intersezione con;VIA GIOVANNI TORRECREMATA;VIA GIOVANNI TORRECREMATA;;;Scontro laterale fra veicoli in marcia;Intersezione non regolata/non segnalata;Due carreggiate;Bagnato (pioggia);Asfaltata;Assente;Pioggia in atto;Normale;Buona;Sufficiente;0;0;0;2;12.44404;41.86675;-1;2;Autovettura privata;In marcia / fermata / arresto;Conducente;M;Illeso;0;;;
3649691;10;22/01/2018 10:15;Strada Urbana;VIA TUSCOLANA;da specificare;;;;corsia immissione altezza 'Osteria del Curato';Tamponamento Multiplo;Rettilineo;Due carreggiate;Asciutto;Asfaltata;Verticale ed orizzontale;Sereno;Normale;Buona;Ore Diurne;1;0;0;2;12.58503;41.84227;-1;1;Autovettura privata;In marcia / fermata / arresto;Conducente;M;Rifiuta cure immediate;0;NON DECEDUTO;Non accertato;Inesploso
3649691;10;22/01/2018 10:15;Strada Urbana;VIA TUSCOLANA;da specificare;;;;corsia immissione altezza 'Osteria del Curato';Tamponamento Multiplo;Rettilineo;Due carreggiate;Asciutto;Asfaltata;Verticale ed orizzontale;Sereno;Normale;Buona;Ore Diurne;1;0;0;2;12.58503;41.84227;-1;2;Autovettura privata;In marcia / fermata / arresto;Conducente;F;Illeso;0;;Non accertato;Inesploso
3649691;10;22/01/2018 10:15;Strada Urbana;VIA TUSCOLANA;da specificare;;;;corsia immissione altezza 'Osteria del Curato';Tamponamento Multiplo;Rettilineo;Due carreggiate;Asciutto;Asfaltata;Verticale ed orizzontale;Sereno;Normale;Buona;Ore Diurne;1;0;0;2;12.58503;41.84227;-1;3;Autovettura privata;In marcia / fermata / arresto;Conducente;F;Illeso;0;;Non accertato;Inesploso
3649698;1;20/01/2018 10:10;Strada Urbana;PIAZZA DI S. ANDREA DELLA VALLE;all'intersezione semaforizzata con;CORSO VITTORIO EMANUELE II;CORSO VITTORIO EMANUELE II;;;Scontro laterale fra veicoli in marcia;Intersezione semaforizzata;Una carreggiata a senso unico di marcia;Asciutto;Acciotolata;Verticale ed orizzontale;Sereno;Normale;Buona;Ore Diurne;0;0;0;2;12.47451;41.89672;-1;1;Autocarro inferiore 35 q.;In marcia / fermata / arresto;Conducente;M;Illeso;0;;Non accertato;Inesploso
3649698;1;20/01/2018 10:10;Strada Urbana;PIAZZA DI S. ANDREA DELLA VALLE;all'intersezione semaforizzata con;CORSO VITTORIO EMANUELE II;CORSO VITTORIO EMANUELE II;;;Scontro laterale fra veicoli in marcia;Intersezione semaforizzata;Una carreggiata a senso unico di marcia;Asciutto;Acciotolata;Verticale ed orizzontale;Sereno;Normale;Buona;Ore Diurne;0;0;0;2;12.47451;41.89672;-1;2;Autovettura pubblica;Allontanatosi;Conducente;M;Illeso;0;;Non accertato;
3649700;1;21/01/2018 15:20;Strada Urbana;VIA DI S. GREGORIO;all'intersezione semaforizzata con;PIAZZA DI PORTA CAPENA;PIAZZA DI PORTA CAPENA;;;Scontro frontale/laterale DX fra veicoli in marcia;Intersezione semaforizzata;Due carreggiate;Asciutto;Asfaltata;Verticale ed orizzontale;Sereno;Normale;Buona;Ore Diurne;0;0;0;3;12.48939;41.88505;-1;1;Altro;In marcia / fermata / arresto;Conducente;M;Illeso;0;;Esente;Inesploso
3649700;1;21/01/2018 15:20;Strada Urbana;VIA DI S. GREGORIO;all'intersezione semaforizzata con;PIAZZA DI PORTA CAPENA;PIAZZA DI PORTA CAPENA;;;Scontro frontale/laterale DX fra veicoli in marcia;Intersezione semaforizzata;Due carreggiate;Asciutto;Asfaltata;Verticale ed orizzontale;Sereno;Normale;Buona;Ore Diurne;0;0;0;3;12.48939;41.88505;-1;1;Altro;In marcia / fermata / arresto;Passeggero;M;Illeso;0;;Non accertato;Inesploso
3649700;1;21/01/2018 15:20;Strada Urbana;VIA DI S. GREGORIO;all'intersezione semaforizzata con;PIAZZA DI PORTA CAPENA;PIAZZA DI PORTA CAPENA;;;Scontro frontale/laterale DX fra veicoli in marcia;Intersezione semaforizzata;Due carreggiate;Asciutto;Asfaltata;Verticale ed orizzontale;Sereno;Normale;Buona;Ore Diurne;0;0;0;3;12.48939;41.88505;-1;2;Autovettura pubblica;In marcia / fermata / arresto;Conducente;M;Illeso;0;;Non accertato;Inesploso
3649701;9;22/01/2018 06:50;Strada Urbana;VIA ROCCA PRIORA;da specificare;;;;prossimità civ. 9;Veicolo in marcia contro veicolo in sosta;Rettilineo;Una carreggiata a doppio senso;Asciutto;Asfaltata;Orizzontale;Sereno;Normale;Sufficiente;Sufficiente;0;0;0;1;12.53122;41.87041;-1;1;Autovettura privata;In marcia / fermata / arresto;Conducente;M;Illeso;0;;;
3649702;4;21/01/2018 15:10;Strada Urbana;VIA DELLE VIGNE NUOVE;all'intersezione con;VIA MONTE MASSICO;VIA MONTE MASSICO;;;Scontro laterale fra veicoli in marcia;Rotatoria;Una carreggiata a senso unico di marcia;Asciutto;Asfaltata;Verticale ed orizzontale;Sereno;Normale;Buona;Ore Diurne;2;0;0;1;12.53582;41.95536;-1;2;Autovettura privata;In marcia / fermata / arresto;Conducente;M;Rifiuta cure immediate;0;NON DECEDUTO;Non accertato;
3649702;4;21/01/2018 15:10;Strada Urbana;VIA DELLE VIGNE NUOVE;all'intersezione con;VIA MONTE MASSICO;VIA MONTE MASSICO;;;Scontro laterale fra veicoli in marcia;Rotatoria;Una carreggiata a senso unico di marcia;Asciutto;Asfaltata;Verticale ed orizzontale;Sereno;Normale;Buona;Ore Diurne;2;0;0;1;12.53582;41.95536;-1;2;Autovettura privata;In marcia / fermata / arresto;Passeggero;F;Rifiuta cure immediate;0;NON DECEDUTO;Non accertato;
3649702;4;21/01/2018 15:10;Strada Urbana;VIA DELLE VIGNE NUOVE;all'intersezione con;VIA MONTE MASSICO;VIA MONTE MASSICO;;;Scontro laterale fra veicoli in marcia;Rotatoria;Una carreggiata a senso unico di marcia;Asciutto;Asfaltata;Verticale ed orizzontale;Sereno;Normale;Buona;Ore Diurne;2;0;0;1;12.53582;41.95536;-1;3;Autovettura privata;In marcia / fermata / arresto;Conducente;M;Illeso;0;;Non accertato;
3649706;4;20/01/2018 16:00;Strada Urbana;VIA DI CASAL BOCCONE;in prossimità;;del civico n.;220;;Fuoriuscita dalla sede stradale;Rettilineo;Due carreggiate;Asciutto;Asfaltata;Verticale ed orizzontale;Sereno;Normale;Sufficiente;Ore Diurne;0;0;0;1;12.55512;41.96095;-1;1;Autovettura privata;In marcia / fermata / arresto;Conducente;M;Illeso;0;;Non accertato;Inesploso
3649712;16;19/01/2018 18:45;Strada Urbana;VIA DI VILLA TROILI;da specificare;;;;IN PROSSIMITA' PALO ACEA N.85;Veicolo in marcia contro ostacolo accidentale;Rettilineo;Una carreggiata a doppio senso;Bagnato (umidità in atto);Asfaltata;Verticale ed orizzontale;Nuvoloso;Scarso;Sufficiente;Sufficiente;0;0;0;1;12.40705;41.88113;-1;1;Autovettura privata;In marcia / fermata / arresto;Conducente;M;Illeso;0;;Non accertato;
3649719;2;21/01/2018 13:00;Strada Urbana;CIRCONVALLAZIONE SALARIA;da specificare;;;;ALTEZZA SVINCOLO VIA DELLE VALLI;Tamponamento Multiplo;Rettilineo;Due carreggiate;Asciutto;Asfaltata;Orizzontale;Sereno;Normale;Buona;Ore Diurne;1;0;0;5;12.52092;41.93437;-1;1;Autovettura privata;In marcia / fermata / arresto;Conducente;M;Illeso;0;;;
3649719;2;21/01/2018 13:00;Strada Urbana;CIRCONVALLAZIONE SALARIA;da specificare;;;;ALTEZZA SVINCOLO VIA DELLE VALLI;Tamponamento Multiplo;Rettilineo;Due carreggiate;Asciutto;Asfaltata;Orizzontale;Sereno;Normale;Buona;Ore Diurne;1;0;0;5;12.52092;41.93437;-1;1;Autovettura privata;In marcia / fermata / arresto;Passeggero;F;Ricoverato;0;NON DECEDUTO;;
3649719;2;21/01/2018 13:00;Strada Urbana;CIRCONVALLAZIONE SALARIA;da specificare;;;;ALTEZZA SVINCOLO VIA DELLE VALLI;Tamponamento Multiplo;Rettilineo;Due carreggiate;Asciutto;Asfaltata;Orizzontale;Sereno;Normale;Buona;Ore Diurne;1;0;0;5;12.52092;41.93437;-1;2;Autovettura privata;In marcia / fermata / arresto;Conducente;M;Illeso;0;;;
3649719;2;21/01/2018 13:00;Strada Urbana;CIRCONVALLAZIONE SALARIA;da specificare;;;;ALTEZZA SVINCOLO VIA DELLE VALLI;Tamponamento Multiplo;Rettilineo;Due carreggiate;Asciutto;Asfaltata;Orizzontale;Sereno;Normale;Buona;Ore Diurne;1;0;0;5;12.52092;41.93437;-1;2;Autovettura privata;In marcia / fermata / arresto;Passeggero;M;Illeso;0;;;
3649719;2;21/01/2018 13:00;Strada Urbana;CIRCONVALLAZIONE SALARIA;da specificare;;;;ALTEZZA SVINCOLO VIA DELLE VALLI;Tamponamento Multiplo;Rettilineo;Due carreggiate;Asciutto;Asfaltata;Orizzontale;Sereno;Normale;Buona;Ore Diurne;1;0;0;5;12.52092;41.93437;-1;3;Autovettura privata;In marcia / fermata / arresto;Conducente;F;Illeso;0;;;
3649719;2;21/01/2018 13:00;Strada Urbana;CIRCONVALLAZIONE SALARIA;da specificare;;;;ALTEZZA SVINCOLO VIA DELLE VALLI;Tamponamento Multiplo;Rettilineo;Due carreggiate;Asciutto;Asfaltata;Orizzontale;Sereno;Normale;Buona;Ore Diurne;1;0;0;5;12.52092;41.93437;-1;4;Autovettura privata;In marcia / fermata / arresto;Conducente;M;Illeso;0;;;
3649727;7;19/01/2018 16:10;Strada Urbana;VIA TOR DE' SCHIAVI;in corrispondenza;;del civico n.;77;;Scontro laterale fra veicoli in marcia;Rettilineo;Una carreggiata a doppio senso;Bagnato (pioggia);Asfaltata;Verticale ed orizzontale;Nuvoloso;Normale;Buona;Sufficiente;0;0;0;3;12.56378;41.87937;-1;1;Autovettura privata;In marcia / fermata / arresto;Conducente;M;Illeso;0;;Non accertato;Inesploso
3649727;7;19/01/2018 16:10;Strada Urbana;VIA TOR DE' SCHIAVI;in corrispondenza;;del civico n.;77;;Scontro laterale fra veicoli in marcia;Rettilineo;Una carreggiata a doppio senso;Bagnato (pioggia);Asfaltata;Verticale ed orizzontale;Nuvoloso;Normale;Buona;Sufficiente;0;0;0;3;12.56378;41.87937;-1;1;Autovettura privata;In marcia / fermata / arresto;Passeggero;F;Illeso;0;;Non accertato;Inesploso
3649727;7;19/01/2018 16:10;Strada Urbana;VIA TOR DE' SCHIAVI;in corrispondenza;;del civico n.;77;;Scontro laterale fra veicoli in marcia;Rettilineo;Una carreggiata a doppio senso;Bagnato (pioggia);Asfaltata;Verticale ed orizzontale;Nuvoloso;Normale;Buona;Sufficiente;0;0;0;3;12.56378;41.87937;-1;2;Autocaravan;In marcia / fermata / arresto;Conducente;M;Illeso;0;;Non accertato;Inesploso
3649729;16;19/01/2018 19:00;Strada Urbana;VIA DEL CASALETTO;all'intersezione con;CIRCONVALLAZIONE GIANICOLENSE;CIRCONVALLAZIONE GIANICOLENSE;;;Investimento di pedone;Intersezione semaforizzata;Una carreggiata a doppio senso;Bagnato (pioggia);Asfaltata;Verticale ed orizzontale;Pioggia in atto;Intenso;Sufficiente;Sufficiente;1;0;0;1;12.43802;41.8666;-1;;;;Pedone;F;Rimandato;0;NON DECEDUTO;;
3649729;16;19/01/2018 19:00;Strada Urbana;VIA DEL CASALETTO;all'intersezione con;CIRCONVALLAZIONE GIANICOLENSE;CIRCONVALLAZIONE GIANICOLENSE;;;Investimento di pedone;Intersezione semaforizzata;Una carreggiata a doppio senso;Bagnato (pioggia);Asfaltata;Verticale ed orizzontale;Pioggia in atto;Intenso;Sufficiente;Sufficiente;1;0;0;1;12.43802;41.8666;-1;1;Autovettura privata;In marcia / fermata / arresto;Conducente;M;Illeso;0;;Non accertato;
3649736;7;19/01/2018 16:30;Strada Urbana;VIA FELICE DE ANDREIS;da specificare;;;;in prossimità della PIAZZA LORENZO BIANCHIERI;Veicolo in marcia contro veicoli in sosta;Rettilineo;Una carreggiata a senso unico di marcia;Bagnato (pioggia);Asfaltata;Verticale;Nuvoloso;Normale;Buona;Ore Diurne;0;0;0;2;12.58834;41.90189;-1;1;Autovettura privata;In marcia / fermata / arresto;Conducente;F;Illeso;0;;Non accertato;Inesploso
3649736;7;19/01/2018 16:30;Strada Urbana;VIA FELICE DE ANDREIS;da specificare;;;;in prossimità della PIAZZA LORENZO BIANCHIERI;Veicolo in marcia contro veicoli in sosta;Rettilineo;Una carreggiata a senso unico di marcia;Bagnato (pioggia);Asfaltata;Verticale;Nuvoloso;Normale;Buona;Ore Diurne;0;0;0;2;12.58834;41.90189;-1;1;Autovettura privata;In marcia / fermata / arresto;Passeggero;F;Illeso;0;;Non accertato;Inesploso
3649737;12;21/01/2018 17:30;Strada Urbana;VIA LAURENTINA;all'intersezione con;VIA DI TOR PAGNOTTA;VIA DI TOR PAGNOTTA;;;Scontro laterale fra veicoli in marcia;Rotatoria;Una carreggiata a senso unico di marcia;Asciutto;Asfaltata;Orizzontale;Sereno;Normale;Sufficiente;Sufficiente;0;0;0;2;12.48527;41.81015;-1;1;Autovettura privata;In marcia / fermata / arresto;Conducente;M;Illeso;0;;Utilizzato;Inesploso
3649737;12;21/01/2018 17:30;Strada Urbana;VIA LAURENTINA;all'intersezione con;VIA DI TOR PAGNOTTA;VIA DI TOR PAGNOTTA;;;Scontro laterale fra veicoli in marcia;Rotatoria;Una carreggiata a senso unico di marcia;Asciutto;Asfaltata;Orizzontale;Sereno;Normale;Sufficiente;Sufficiente;0;0;0;2;12.48527;41.81015;-1;2;Autovettura privata;In marcia / fermata / arresto;Conducente;M;Illeso;0;;Utilizzato;Inesploso
3649740;9;22/01/2018 09:15;Strada Urbana;VIALE CASTRENSE;all'intersezione semaforizzata con;VIA NOLA;VIA NOLA;;;Tamponamento;Intersezione semaforizzata;Una carreggiata a senso unico di marcia;Asciutto;Asfaltata;Verticale ed orizzontale;Sereno;Intenso;Buona;Ore Diurne;1;0;0;2;12.51495;41.8871;-1;1;Autovettura privata;In marcia / fermata / arresto;Conducente;M;Illeso;0;;;
3649740;9;22/01/2018 09:15;Strada Urbana;VIALE CASTRENSE;all'intersezione semaforizzata con;VIA NOLA;VIA NOLA;;;Tamponamento;Intersezione semaforizzata;Una carreggiata a senso unico di marcia;Asciutto;Asfaltata;Verticale ed orizzontale;Sereno;Intenso;Buona;Ore Diurne;1;0;0;2;12.51495;41.8871;-1;1;Autovettura privata;In marcia / fermata / arresto;Passeggero;F;Illeso;0;;;
3649740;9;22/01/2018 09:15;Strada Urbana;VIALE CASTRENSE;all'intersezione semaforizzata con;VIA NOLA;VIA NOLA;;;Tamponamento;Intersezione semaforizzata;Una carreggiata a senso unico di marcia;Asciutto;Asfaltata;Verticale ed orizzontale;Sereno;Intenso;Buona;Ore Diurne;1;0;0;2;12.51495;41.8871;-1;2;Motociclo a solo;In marcia / fermata / arresto;Conducente;M;Rimandato;0;NON DECEDUTO;;
3649742;4;21/01/2018 20:35;Strada Urbana;VIA DELLA BUFALOTTA;in corrispondenza;;del civico n.;11;;Scontro frontale/laterale SX fra veicoli in marcia;Rettilineo;Una carreggiata a doppio senso;Asciutto;Asfaltata;Orizzontale;Sereno;Normale;Sufficiente;Sufficiente;1;0;0;0;12.53781;41.94473;-1;1;Motociclo a solo;In marcia / fermata / arresto;Conducente;F;Rifiuta cure immediate;0;NON DECEDUTO;;
3649746;16;20/01/2018 01:00;;PIAZZA ANTONIO MEUCCI;da specificare;;;;ALTEZZA BIVIO VIA DELLA MAGLIANA;Scontro frontale fra veicoli in marcia;;;;;;;;;;0;0;0;3;;;0;1;Autovettura privata;In marcia / fermata / arresto;Conducente;M;Illeso;0;;Non utilizzato;
3649746;16;20/01/2018 01:00;;PIAZZA ANTONIO MEUCCI;da specificare;;;;ALTEZZA BIVIO VIA DELLA MAGLIANA;Scontro frontale fra veicoli in marcia;;;;;;;;;;0;0;0;3;;;0;2;Autovettura privata;In marcia / fermata / arresto;Conducente;M;Illeso;0;;;
3649746;16;20/01/2018 01:00;;PIAZZA ANTONIO MEUCCI;da specificare;;;;ALTEZZA BIVIO VIA DELLA MAGLIANA;Scontro frontale fra veicoli in marcia;;;;;;;;;;0;0;0;3;;;0;2;Autovettura privata;In marcia / fermata / arresto;Passeggero;M;Illeso;0;;;
3649747;1;20/01/2018 16:05;Strada Urbana;PIAZZA VENEZIA;all'intersezione con;VIA DEL CORSO;VIA DEL CORSO;;;Tamponamento;Intersezione stradale segnalata;Una carreggiata a doppio senso;Asciutto;In cubetti di porfido;Verticale ed orizzontale;Sereno;Normale;Buona;Ore Diurne;0;0;0;2;12.4822;41.89677;-1;1;Autovettura di polizia;In marcia / fermata / arresto;Conducente;F;Illeso;0;;Non accertato;Inesploso
3649747;1;20/01/2018 16:05;Strada Urbana;PIAZZA VENEZIA;all'intersezione con;VIA DEL CORSO;VIA DEL CORSO;;;Tamponamento;Intersezione stradale segnalata;Una carreggiata a doppio senso;Asciutto;In cubetti di porfido;Verticale ed orizzontale;Sereno;Normale;Buona;Ore Diurne;0;0;0;2;12.4822;41.89677;-1;2;Autovettura pubblica;In marcia / fermata / arresto;Conducente;M;Illeso;0;;Non accertato;Inesploso
3649749;1;21/01/2018 16:45;Strada Urbana;VIA CESARE BATTISTI;in prossimità;;del civico n.;122;;Scontro laterale fra veicoli in marcia;Rettilineo;Una carreggiata a doppio senso;Asciutto;In cubetti di porfido;Verticale ed orizzontale;Sereno;Normale;Buona;Ore Diurne;0;0;0;3;12.48302;41.89687;-1;1;Autobus turistico;In marcia / fermata / arresto;Conducente;M;Illeso;0;;Non accertato;Inesploso
3649749;1;21/01/2018 16:45;Strada Urbana;VIA CESARE BATTISTI;in prossimità;;del civico n.;122;;Scontro laterale fra veicoli in marcia;Rettilineo;Una carreggiata a doppio senso;Asciutto;In cubetti di porfido;Verticale ed orizzontale;Sereno;Normale;Buona;Ore Diurne;0;0;0;3;12.48302;41.89687;-1;2;Autovettura privata;In marcia / fermata / arresto;Conducente;F;Illeso;0;;Non accertato;Inesploso
3649749;1;21/01/2018 16:45;Strada Urbana;VIA CESARE BATTISTI;in prossimità;;del civico n.;122;;Scontro laterale fra veicoli in marcia;Rettilineo;Una carreggiata a doppio senso;Asciutto;In cubetti di porfido;Verticale ed orizzontale;Sereno;Normale;Buona;Ore Diurne;0;0;0;3;12.48302;41.89687;-1;2;Autovettura privata;In marcia / fermata / arresto;Passeggero;M;Illeso;0;;Non accertato;Inesploso
3649754;23;20/01/2018 16:20;Comunale extraurbana;VIA CRISTOFORO COLOMBO;in prossimità;;della chilometrica;9.999.999;;Scontro laterale fra veicoli in marcia;Rettilineo;Più di due carreggiate;Asciutto;Asfaltata;Verticale ed orizzontale;Sereno;Normale;Buona;Ore Diurne;0;0;0;2;12.36104;41.73479;-1;1;Autovettura privata;In marcia / fermata / arresto;Conducente;M;Illeso;0;;Non accertato;Inesploso
3649754;23;20/01/2018 16:20;Comunale extraurbana;VIA CRISTOFORO COLOMBO;in prossimità;;della chilometrica;9.999.999;;Scontro laterale fra veicoli in marcia;Rettilineo;Più di due carreggiate;Asciutto;Asfaltata;Verticale ed orizzontale;Sereno;Normale;Buona;Ore Diurne;0;0;0;2;12.36104;41.73479;-1;2;Motociclo a solo;In marcia / fermata / arresto;Conducente;M;Illeso;0;;Non accertato;
3649755;16;20/01/2018 06:45;Strada Urbana;VIA S. GIROLAMO EMILIANI;in corrispondenza;;del civico n.;21;;Scontro frontale/laterale DX fra veicoli in marcia;Rettilineo;Una carreggiata a doppio senso;Bagnato (umidità in atto);In cubetti di porfido;Assente;Sereno;Scarso;Sufficiente;Sufficiente;0;0;0;2;12.45295;41.87112;-1;1;Autovettura privata;In marcia / fermata / arresto;Conducente;M;Illeso;0;;Non accertato;
3649755;16;20/01/2018 06:45;Strada Urbana;VIA S. GIROLAMO EMILIANI;in corrispondenza;;del civico n.;21;;Scontro frontale/laterale DX fra veicoli in marcia;Rettilineo;Una carreggiata a doppio senso;Bagnato (umidità in atto);In cubetti di porfido;Assente;Sereno;Scarso;Sufficiente;Sufficiente;0;0;0;2;12.45295;41.87112;-1;2;Autovettura privata;In marcia / fermata / arresto;Conducente;F;Illeso;0;;Non accertato;
3649762;16;20/01/2018 04:00;Strada Urbana;VIALE DEI QUATTRO VENTI;all'intersezione con;VIA FRANCESCO BOLOGNESI;VIA FRANCESCO BOLOGNESI;;;Scontro frontale/laterale SX fra veicoli in marcia;Intersezione semaforizzata;Una carreggiata a doppio senso;Bagnato (umidità in atto);Asfaltata;Verticale ed orizzontale;Nuvoloso;Scarso;Buona;Sufficiente;0;0;0;3;12.45859;41.88401;-1;1;Autovettura privata;In marcia / fermata / arresto;Conducente;M;Illeso;0;;Non accertato;
3649762;16;20/01/2018 04:00;Strada Urbana;VIALE DEI QUATTRO VENTI;all'intersezione con;VIA FRANCESCO BOLOGNESI;VIA FRANCESCO BOLOGNESI;;;Scontro frontale/laterale SX fra veicoli in marcia;Intersezione semaforizzata;Una carreggiata a doppio senso;Bagnato (umidità in atto);Asfaltata;Verticale ed orizzontale;Nuvoloso;Scarso;Buona;Sufficiente;0;0;0;3;12.45859;41.88401;-1;1;Autovettura privata;In marcia / fermata / arresto;Passeggero;F;Illeso;0;;Non accertato;