Protocollo;Gruppo;DataOraIncidente;Localizzazione1;STRADA1;Localizzazione2;STRADA2;Strada02;Chilometrica;DaSpecificare;NaturaIncidente;particolaritastrade;TipoStrada;FondoStradale;Pavimentazione;Segnaletica;CondizioneAtmosferica;Traffico;Visibilita;Illuminazione;NUM_FERITI;NUM_RISERVATA;NUM_MORTI;NUM_ILLESI;Longitudine;Latitudine;Confermato;Progressivo;TipoVeicolo;StatoVeicolo;TipoPersona;Sesso;Tipolesione;Deceduto;DecedutoDopo;CinturaCascoUtilizzato;Airbag
3652685;1;23/01/2018 20:30;Strada Urbana;PIAZZALE UGO LA MALFA;in prossimità;;del palo luce n.;8;;Scontro frontale/laterale SX fra veicoli in marcia;Rettilineo;Una carreggiata a doppio senso;Asciutto;Asfaltata;Verticale ed orizzontale;Sereno;Normale;Sufficiente;Sufficiente;0;0;0;3;;;0;2;Autovettura privata;In marcia / fermata / arresto;Conducente;F;Illeso;0;;;
3652686;13;23/01/2018 12:45;Strada Urbana;VIALE ENRICO ORTOLANI;all'intersezione con;VIA NAPOLEONE PARISANI;VIA NAPOLEONE PARISANI;;;Scontro frontale/laterale DX fra veicoli in marcia;Rotatoria;Una carreggiata a doppio senso;Asciutto;Asfaltata;Verticale ed orizzontale;Sereno;Normale;Buona;Ore Diurne;0;0;0;2;12.33393;41.77184;-1;1;Autovettura privata;In marcia / fermata / arresto;Conducente;F;Illeso;0;;Non accertato;Inesploso
3652686;13;23/01/2018 12:45;Strada Urbana;VIALE ENRICO ORTOLANI;all'intersezione con;VIA NAPOLEONE PARISANI;VIA NAPOLEONE PARISANI;;;Scontro frontale/laterale DX fra veicoli in marcia;Rotatoria;Una carreggiata a doppio senso;Asciutto;Asfaltata;Verticale ed orizzontale;Sereno;Normale;Buona;Ore Diurne;0;0;0;2;12.33393;41.77184;-1;2;Autovettura privata;In marcia / fermata / arresto;Conducente;F;Illeso;0;;Non accertato;Inesploso
3652691;12;23/01/2018 18:30;Strada Urbana;VIA DI DECIMA;da specificare;;;;ROTATORIA ALT. VIA DELLE COMETE;Scontro laterale fra veicoli in marcia;Rotatoria;Una carreggiata a senso unico di marcia;Asciutto;Asfaltata;Verticale ed orizzontale;Sereno;Intenso;Buona;Sufficiente;0;0;0;5;12.45171;41.81489;-1;1;Autovettura privata;In marcia / fermata / arresto;Conducente;F;Illeso;0;;;
3652691;12;23/01/2018 18:30;Strada Urbana;VIA DI DECIMA;da specificare;;;;ROTATORIA ALT. VIA DELLE COMETE;Scontro laterale fra veicoli in marcia;Rotatoria;Una carreggiata a senso unico di marcia;Asciutto;Asfaltata;Verticale ed orizzontale;Sereno;Intenso;Buona;Sufficiente;0;0;0;5;12.45171;41.81489;-1;1;Autovettura privata;In marcia / fermata / arresto;Passeggero;F;Illeso;0;;;
3652691;12;23/01/2018 18:30;Strada Urbana;VIA DI DECIMA;da specificare;;;;ROTATORIA ALT. VIA DELLE COMETE;Scontro laterale fra veicoli in marcia;Rotatoria;Una carreggiata a senso unico di marcia;Asciutto;Asfaltata;Verticale ed orizzontale;Sereno;Intenso;Buona;Sufficiente;0;0;0;5;12.45171;41.81489;-1;1;Autovettura privata;In marcia / fermata / arresto;Passeggero;F;Illeso;0;;;
3652691;12;23/01/2018 18:30;Strada Urbana;VIA DI DECIMA;da specificare;;;;ROTATORIA ALT. VIA DELLE COMETE;Scontro laterale fra veicoli in marcia;Rotatoria;Una carreggiata a senso unico di marcia;Asciutto;Asfaltata;Verticale ed orizzontale;Sereno;Intenso;Buona;Sufficiente;0;0;0;5;12.45171;41.81489;-1;1;Autovettura privata;In marcia / fermata / arresto;Passeggero;F;Illeso;0;;;
3652691;12;23/01/2018 18:30;Strada Urbana;VIA DI DECIMA;da specificare;;;;ROTATORIA ALT. VIA DELLE COMETE;Scontro laterale fra veicoli in marcia;Rotatoria;Una carreggiata a senso unico di marcia;Asciutto;Asfaltata;Verticale ed orizzontale;Sereno;Intenso;Buona;Sufficiente;0;0;0;5;12.45171;41.81489;-1;2;Autovettura privata;In marcia / fermata / arresto;Conducente;M;Illeso;0;;;
3652720;8;23/01/2018 17:45;Statale entro l'abitato;VIA CASILINA;in corrispondenza;;del civico n.;1804;;Scontro frontale/laterale SX fra veicoli in marcia;Rettilineo;Una carreggiata a doppio senso;Asciutto;Asfaltata;Verticale ed orizzontale;Sereno;Normale;Sufficiente;Sufficiente;0;0;0;5;12.68206;41.86279;-1;1;Autovettura privata;In marcia / fermata / arresto;Conducente;F;Illeso;0;;Non accertato;Inesploso
3652720;8;23/01/2018 17:45;Statale entro l'abitato;VIA CASILINA;in corrispondenza;;del civico n.;1804;;Scontro frontale/laterale SX fra veicoli in marcia;Rettilineo;Una carreggiata a doppio senso;Asciutto;Asfaltata;Verticale ed orizzontale;Sereno;Normale;Sufficiente;Sufficiente;0;0;0;5;12.68206;41.86279;-1;1;Autovettura privata;In marcia / fermata / arresto;Passeggero;M;Illeso;0;;Non accertato;Inesploso
3652720;8;23/01/2018 17:45;Statale entro l'abitato;VIA CASILINA;in corrispondenza;;del civico n.;1804;;Scontro frontale/laterale SX fra veicoli in marcia;Rettilineo;Una carreggiata a doppio senso;Asciutto;Asfaltata;Verticale ed orizzontale;Sereno;Normale;Sufficiente;Sufficiente;0;0;0;5;12.68206;41.86279;-1;1;Autovettura privata;In marcia / fermata / arresto;Passeggero;M;Illeso;0;;Non accertato;Inesploso
3652720;8;23/01/2018 17:45;Statale entro l'abitato;VIA CASILINA;in corrispondenza;;del civico n.;1804;;Scontro frontale/laterale SX fra veicoli in marcia;Rettilineo;Una carreggiata a doppio senso;Asciutto;Asfaltata;Verticale ed orizzontale;Sereno;Normale;Sufficiente;Sufficiente;0;0;0;5;12.68206;41.86279;-1;2;Motociclo con passeggero;In marcia / fermata / arresto;Conducente;M;Illeso;0;;Non accertato;
3652720;8;23/01/2018 17:45;Statale entro l'abitato;VIA CASILINA;in corrispondenza;;del civico n.;1804;;Scontro frontale/laterale SX fra veicoli in marcia;Rettilineo;Una carreggiata a doppio senso;Asciutto;Asfaltata;Verticale ed orizzontale;Sereno;Normale;Sufficiente;Sufficiente;0;0;0;5;12.68206;41.86279;-1;2;Motociclo con passeggero;In marcia / fermata / arresto;Passeggero;F;Illeso;0;;Non accertato;
3652726;17;23/01/2018 18:10;Strada Urbana;VIA MARCANTONIO BRAGADIN;all'intersezione con;VIA RUGGERO FIORE;VIA RUGGERO FIORE;;;Scontro frontale/laterale DX fra veicoli in marcia;Intersezione stradale segnalata;Una carreggiata a doppio senso;Asciutto;Asfaltata;Verticale ed orizzontale;Sereno;Normale;Sufficiente;Sufficiente;1;0;0;1;12.44651;41.90599;-1;1;Motociclo a solo;In marcia / fermata / arresto;Conducente;M;Rifiuta cure immediate;0;NON DECEDUTO;;
3652726;17;23/01/2018 18:10;Strada Urbana;VIA MARCANTONIO BRAGADIN;all'intersezione con;VIA RUGGERO FIORE;VIA RUGGERO FIORE;;;Scontro frontale/laterale DX fra veicoli in marcia;Intersezione stradale segnalata;Una carreggiata a doppio senso;Asciutto;Asfaltata;Verticale ed orizzontale;Sereno;Normale;Sufficiente;Sufficiente;1;0;0;1;12.44651;41.90599;-1;2;Autovettura privata;In marcia / fermata / arresto;Conducente;M;Illeso;0;;;
3652736;1;24/01/2018 07:10;Strada Urbana;PIAZZA D'ARACOELI;in prossimità;;del civico n.;1;;Veicolo in marcia contro ostacolo fisso;;Una carreggiata a senso unico di marcia;Asciutto;Acciotolata;Verticale ed orizzontale;Sereno;Normale;Buona;Ore Diurne;0;0;0;1;;;0;1;Autovettura privata;In marcia / fermata / arresto;Conducente;F;Illeso;0;;;
3652748;8;23/01/2018 09:30;Strada Urbana;VIA DI TORRENOVA;da specificare;;;;alt. via Merope;Veicolo in marcia contro ostacolo accidentale;Rettilineo;Una carreggiata a doppio senso;Asciutto;Asfaltata;Verticale ed orizzontale;Sereno;Normale;Sufficiente;Ore Diurne;0;0;0;1;12.61853;41.87754;-1;1;Autovettura privata;In marcia / fermata / arresto;Conducente;M;Illeso;0;;Non accertato;Inesploso
3652750;8;23/01/2018 05:20;Strada Urbana;VIA WALTER TOBAGI;da specificare;;;;fronte civico 15;Scontro laterale fra veicoli in marcia;Rettilineo;Una carreggiata a senso unico di marcia;Asciutto;Asfaltata;Verticale ed orizzontale;Sereno;Scarso;Buona;Sufficiente;0;0;0;2;12.59721;41.87545;-1;1;Autovettura privata;In marcia / fermata / arresto;Conducente;M;Illeso;0;;Non accertato;Inesploso
3652750;8;23/01/2018 05:20;Strada Urbana;VIA WALTER TOBAGI;da specificare;;;;fronte civico 15;Scontro laterale fra veicoli in marcia;Rettilineo;Una carreggiata a senso unico di marcia;Asciutto;Asfaltata;Verticale ed orizzontale;Sereno;Scarso;Buona;Sufficiente;0;0;0;2;12.59721;41.87545;-1;2;Autobus di linea;In marcia / fermata / arresto;Conducente;M;Illeso;0;;Non accertato;Inesploso
3652751;8;23/01/2018 11:40;Strada Urbana;VIA SANT'ELPIDIO A MARE;all'intersezione con;VIA CANTIANO;VIA CANTIANO;;;Scontro frontale/laterale DX fra veicoli in marcia;Incrocio;Una carreggiata a doppio senso;Asciutto;Asfaltata;Verticale ed orizzontale;Sereno;Normale;Buona;Ore Diurne;2;0;0;0;12.72614;41.91832;0;1;Autovettura privata;In marcia / fermata / arresto;Conducente;M;Rimandato;0;NON DECEDUTO;Non accertato;Esploso
3652751;8;23/01/2018 11:40;Strada Urbana;VIA SANT'ELPIDIO A MARE;all'intersezione con;VIA CANTIANO;VIA CANTIANO;;;Scontro frontale/laterale DX fra veicoli in marcia;Incrocio;Una carreggiata a doppio senso;Asciutto;Asfaltata;Verticale ed orizzontale;Sereno;Normale;Buona;Ore Diurne;2;0;0;0;12.72614;41.91832;0;2;Autovettura privata;In marcia / fermata / arresto;Conducente;F;Rimandato;0;NON DECEDUTO;;
3652761;8;23/01/2018 16:45;Strada Urbana;VIA DOMENICO BECCAFUMI;all'intersezione con;VIA NICOLA SCARANO;VIA NICOLA SCARANO;;;Scontro frontale/laterale SX fra veicoli in marcia;Incrocio;Una carreggiata a senso unico di marcia;Asciutto;Asfaltata;Verticale;Sereno;Normale;Buona;Ore Diurne;1;0;0;1;12.62273;41.86636;-1;1;Autovettura privata;In marcia / fermata / arresto;Conducente;F;Rimandato;0;NON DECEDUTO;Non accertato;Inesploso
3652761;8;23/01/2018 16:45;Strada Urbana;VIA DOMENICO BECCAFUMI;all'intersezione con;VIA NICOLA SCARANO;VIA NICOLA SCARANO;;;Scontro frontale/laterale SX fra veicoli in marcia;Incrocio;Una carreggiata a senso unico di marcia;Asciutto;Asfaltata;Verticale;Sereno;Normale;Buona;Ore Diurne;1;0;0;1;12.62273;41.86636;-1;2;Autovettura privata;In marcia / fermata / arresto;Conducente;M;Illeso;0;;Non accertato;Inesploso
3652762;4;23/01/2018 10:40;Provinciale;VIA NOMENTANA;da specificare;;;;IN PROSSIMITà DEL FRONTE CIVICO 1141/a;Scontro laterale fra veicoli in marcia;Rettilineo;Una carreggiata a doppio senso;Asciutto;Asfaltata;Orizzontale;Sereno;Intenso;Buona;Ore Diurne;0;0;0;5;12.57601;41.95508;-1;1;Autocarro inferiore 35 q.;In marcia / fermata / arresto;Conducente;M;Illeso;0;;;
3652762;4;23/01/2018 10:40;Provinciale;VIA NOMENTANA;da specificare;;;;IN PROSSIMITà DEL FRONTE CIVICO 1141/a;Scontro laterale fra veicoli in marcia;Rettilineo;Una carreggiata a doppio senso;Asciutto;Asfaltata;Orizzontale;Sereno;Intenso;Buona;Ore Diurne;0;0;0;5;12.57601;41.95508;-1;2;Autovettura privata;In marcia / fermata / arresto;Conducente;M;Illeso;0;;;
3652762;4;23/01/2018 10:40;Provinciale;VIA NOMENTANA;da specificare;;;;IN PROSSIMITà DEL FRONTE CIVICO 1141/a;Scontro laterale fra veicoli in marcia;Rettilineo;Una carreggiata a doppio senso;Asciutto;Asfaltata;Orizzontale;Sereno;Intenso;Buona;Ore Diurne;0;0;0;5;12.57601;41.95508;-1;2;Autovettura privata;In marcia / fermata / arresto;Passeggero;M;Illeso;0;;Non accertato;Inesploso
3652762;4;23/01/2018 10:40;Provinciale;VIA NOMENTANA;da specificare;;;;IN PROSSIMITà DEL FRONTE CIVICO 1141/a;Scontro laterale fra veicoli in marcia;Rettilineo;Una carreggiata a doppio senso;Asciutto;Asfaltata;Orizzontale;Sereno;Intenso;Buona;Ore Diurne;0;0;0;5;12.57601;41.95508;-1;2;Autovettura privata;In marcia / fermata / arresto;Passeggero;F;Illeso;0;;;
3652762;4;23/01/2018 10:40;Provinciale;VIA NOMENTANA;da specificare;;;;IN PROSSIMITà DEL FRONTE CIVICO 1141/a;Scontro laterale fra veicoli in marcia;Rettilineo;Una carreggiata a doppio senso;Asciutto;Asfaltata;Orizzontale;Sereno;Intenso;Buona;Ore Diurne;0;0;0;5;12.57601;41.95508;-1;3;Autovettura privata;In marcia / fermata / arresto;Conducente;M;Illeso;0;;Non accertato;Inesploso
3652827;4;23/01/2018 15:50;Strada Urbana;VIA RENATO FUCINI;da specificare;;;;altezza via L. Capuana;Scontro frontale/laterale SX fra veicoli in marcia;Rettilineo;Due carreggiate;Asciutto;Asfaltata;Verticale ed orizzontale;Sereno;Normale;Buona;Ore Diurne;1;0;0;1;12.54911;41.95029;-1;1;Autovettura privata;In marcia / fermata / arresto;Conducente;M;Illeso;0;;;
3652827;4;23/01/2018 15:50;Strada Urbana;VIA RENATO FUCINI;da specificare;;;;altezza via L. Capuana;Scontro frontale/laterale SX fra veicoli in marcia;Rettilineo;Due carreggiate;Asciutto;Asfaltata;Verticale ed orizzontale;Sereno;Normale;Buona;Ore Diurne;1;0;0;1;12.54911;41.95029;-1;2;Autovettura privata;In marcia / fermata / arresto;Conducente;F;Rifiuta cure immediate;0;NON DECEDUTO;;
3652832;17;23/01/2018 21:20;Strada Urbana;PIAZZALE CLODIO;all'intersezione semaforizzata con;VIALE GIUSEPPE MAZZINI;VIALE GIUSEPPE MAZZINI;;;Scontro frontale/laterale DX fra veicoli in marcia;Incrocio;Due carreggiate;Asciutto;Asfaltata;Verticale ed orizzontale;Sereno;Scarso;Sufficiente;Sufficiente;0;0;0;5;12.45492;41.91667;-1;1;Autovettura privata;In marcia / fermata / arresto;Passeggero;F;Illeso;0;;;
3652832;17;23/01/2018 21:20;Strada Urbana;PIAZZALE CLODIO;all'intersezione semaforizzata con;VIALE GIUSEPPE MAZZINI;VIALE GIUSEPPE MAZZINI;;;Scontro frontale/laterale DX fra veicoli in marcia;Incrocio;Due carreggiate;Asciutto;Asfaltata;Verticale ed orizzontale;Sereno;Scarso;Sufficiente;Sufficiente;0;0;0;5;12.45492;41.91667;-1;1;Autovettura privata;In marcia / fermata / arresto;Passeggero;M;Illeso;0;;;
3652832;17;23/01/2018 21:20;Strada Urbana;PIAZZALE CLODIO;all'intersezione semaforizzata con;VIALE GIUSEPPE MAZZINI;VIALE GIUSEPPE MAZZINI;;;Scontro frontale/laterale DX fra veicoli in marcia;Incrocio;Due carreggiate;Asciutto;Asfaltata;Verticale ed orizzontale;Sereno;Scarso;Sufficiente;Sufficiente;0;0;0;5;12.45492;41.91667;-1;1;Autovettura privata;In marcia / fermata / arresto;Passeggero;F;Illeso;0;;;
3652832;17;23/01/2018 21:20;Strada Urbana;PIAZZALE CLODIO;all'intersezione semaforizzata con;VIALE GIUSEPPE MAZZINI;VIALE GIUSEPPE MAZZINI;;;Scontro frontale/laterale DX fra veicoli in marcia;Incrocio;Due carreggiate;Asciutto;Asfaltata;Verticale ed orizzontale;Sereno;Scarso;Sufficiente;Sufficiente;0;0;0;5;12.45492;41.91667;-1;1;Autovettura privata;In marcia / fermata / arresto;Conducente;M;Illeso;0;;;
3652832;17;23/01/2018 21:20;Strada Urbana;PIAZZALE CLODIO;all'intersezione semaforizzata con;VIALE GIUSEPPE MAZZINI;VIALE GIUSEPPE MAZZINI;;;Scontro frontale/laterale DX fra veicoli in marcia;Incrocio;Due carreggiate;Asciutto;Asfaltata;Verticale ed orizzontale;Sereno;Scarso;Sufficiente;Sufficiente;0;0;0;5;12.45492;41.91667;-1;2;Autovettura privata;In marcia / fermata / arresto;Conducente;M;Illeso;0;;;
3652843;12;23/01/2018 15:00;Strada Urbana;VIALE DEGLI EROI DI RODI;in corrispondenza;;del civico n.;10;;Veicolo in marcia contro ostacolo accidentale;Rettilineo;Due carreggiate;Asciutto;Asfaltata;Verticale ed orizzontale;Sereno;Normale;Buona;Ore Diurne;0;0;0;1;12.44235;41.77738;-1;1;Autovettura privata;In marcia / fermata / arresto;Conducente;M;Illeso;0;;Non accertato;Inesploso
3652864;12;23/01/2018 16:20;Provinciale;VIA LAURENTINA;da specificare;;;;ALT. ROTATORIA VIA DI TRIGORIA;Scontro laterale fra veicoli in marcia;Rotatoria;Una carreggiata a senso unico di marcia;Asciutto;Asfaltata;Verticale ed orizzontale;Sereno;Normale;Buona;Ore Diurne;0;0;0;2;12.50918;41.72716;-1;1;Autovettura privata;In marcia / fermata / arresto;Conducente;M;Illeso;0;;;
3652864;12;23/01/2018 16:20;Provinciale;VIA LAURENTINA;da specificare;;;;ALT. ROTATORIA VIA DI TRIGORIA;Scontro laterale fra veicoli in marcia;Rotatoria;Una carreggiata a senso unico di marcia;Asciutto;Asfaltata;Verticale ed orizzontale;Sereno;Normale;Buona;Ore Diurne;0;0;0;2;12.50918;41.72716;-1;2;Autovettura privata;In marcia / fermata / arresto;Conducente;F;Illeso;0;;;
3652878;10;24/01/2018 08:45;Strada Urbana;VIA DELLE CAPANNELLE;all'intersezione semaforizzata con;VIA APPIA NUOVA;VIA APPIA NUOVA;;;Scontro laterale fra veicoli in marcia;Intersezione semaforizzata;Due carreggiate;Asciutto;Asfaltata;Verticale ed orizzontale;Sereno;Normale;Sufficiente;Ore Diurne;0;0;0;2;12.56224;41.82466;-1;1;Autocarro inferiore 35 q.;In marcia / fermata / arresto;Conducente;M;Illeso;0;;Non accertato;Inesploso
3652878;10;24/01/2018 08:45;Strada Urbana;VIA DELLE CAPANNELLE;all'intersezione semaforizzata con;VIA APPIA NUOVA;VIA APPIA NUOVA;;;Scontro laterale fra veicoli in marcia;Intersezione semaforizzata;Due carreggiate;Asciutto;Asfaltata;Verticale ed orizzontale;Sereno;Normale;Sufficiente;Ore Diurne;0;0;0;2;12.56224;41.82466;-1;2;Autovettura privata;In marcia / fermata / arresto;Conducente;M;Illeso;0;;Non accertato;Inesploso
3652906;4;23/01/2018 12:40;Strada Urbana;VIA VALSAVARANCHE;da specificare;;;;altezza di Via Val D'Ala;Investimento di pedone;Rettilineo;Una carreggiata a senso unico di marcia;Asciutto;Asfaltata;Verticale ed orizzontale;Sereno;Normale;Buona;Ore Diurne;1;0;0;1;12.51441;41.9437;-1;;;;Pedone;F;Rimandato;0;NON DECEDUTO;;
3652906;4;23/01/2018 12:40;Strada Urbana;VIA VALSAVARANCHE;da specificare;;;;altezza di Via Val D'Ala;Investimento di pedone;Rettilineo;Una carreggiata a senso unico di marcia;Asciutto;Asfaltata;Verticale ed orizzontale;Sereno;Normale;Buona;Ore Diurne;1;0;0;1;12.51441;41.9437;-1;1;Autovettura privata;In marcia / fermata / arresto;Conducente;M;Illeso;0;;Non accertato;Inesploso
3652911;23;23/01/2018 10:40;Strada Urbana;PIAZZA FONTE DEGLI ACILII;all'intersezione con;VIA PINDARO;VIA PINDARO;;;Scontro frontale/laterale DX fra veicoli in marcia;Rotatoria;Una carreggiata a senso unico di marcia;Asciutto;Asfaltata;Verticale ed orizzontale;Sereno;Intenso;Buona;Ore Diurne;0;0;0;2;12.36846;41.7557;-1;1;Autovettura privata;In marcia / fermata / arresto;Conducente;F;Illeso;0;;Non accertato;Inesploso
3652911;23;23/01/2018 10:40;Strada Urbana;PIAZZA FONTE DEGLI ACILII;all'intersezione con;VIA PINDARO;VIA PINDARO;;;Scontro frontale/laterale DX fra veicoli in marcia;Rotatoria;Una carreggiata a senso unico di marcia;Asciutto;Asfaltata;Verticale ed orizzontale;Sereno;Intenso;Buona;Ore Diurne;0;0;0;2;12.36846;41.7557;-1;1;Autovettura privata;In marcia / fermata / arresto;Passeggero;F;Illeso;0;;Non accertato;Inesploso
3652950;18;23/01/2018 15:50;Strada Urbana;PIAZZA DI VILLA CARPEGNA;all'intersezione semaforizzata con;VIA DI TORRE ROSSA;VIA DI TORRE ROSSA;;;Scontro frontale fra veicoli in marcia;Intersezione semaforizzata;Più di due carreggiate;Asciutto;Asfaltata;Verticale ed orizzontale;Sereno;Normale;Buona;Ore Diurne;0;0;0;2;12.42965;41.89537;-1;1;Autovettura privata;In marcia / fermata / arresto;Conducente;F;Illeso;0;;;
3652950;18;23/01/2018 15:50;Strada Urbana;PIAZZA DI VILLA CARPEGNA;all'intersezione semaforizzata con;VIA DI TORRE ROSSA;VIA DI TORRE ROSSA;;;Scontro frontale fra veicoli in marcia;Intersezione semaforizzata;Più di due carreggiate;Asciutto;Asfaltata;Verticale ed orizzontale;Sereno;Normale;Buona;Ore Diurne;0;0;0;2;12.42965;41.89537;-1;2;Motociclo a solo;In marcia / fermata / arresto;Conducente;M;Illeso;0;;;
3652953;1;24/01/2018 09:10;Strada Urbana;VIA MARMORATA;all'intersezione con;VIA LUDOVICO DI VARTEMA';VIA LUDOVICO DI VARTEMA';;;Tamponamento;Incrocio;Una carreggiata a doppio senso;Asciutto;Asfaltata;Verticale ed orizzontale;Sereno;Normale;Buona;Ore Diurne;0;0;0;2;12.47723;41.88122;-1;1;Autovettura pubblica;In marcia / fermata / arresto;Conducente;M;Illeso;0;;Non accertato;Inesploso
3652953;1;24/01/2018 09:10;Strada Urbana;VIA MARMORATA;all'intersezione con;VIA LUDOVICO DI VARTEMA';VIA LUDOVICO DI VARTEMA';;;Tamponamento;Incrocio;Una carreggiata a doppio senso;Asciutto;Asfaltata;Verticale ed orizzontale;Sereno;Normale;Buona;Ore Diurne;0;0;0;2;12.47723;41.88122;-1;2;Autovettura privata;In marcia / fermata / arresto;Conducente;M;Illeso;0;;Non accertato;
3652957;18;23/01/2018 17:15;Strada Urbana;VIA DI VAL CANNUTA;in corrispondenza;;del civico n.;30;;Scontro laterale fra veicoli in marcia;Curva a visuale libera;Una carreggiata a doppio senso;Asciutto;Asfaltata;Assente;Sereno;Normale;Buona;Sufficiente;1;0;0;1;12.41495;41.90179;-1;1;Motociclo a solo;In marcia / fermata / arresto;Conducente;M;Rimandato;0;NON DECEDUTO;Non accertato;
3652957;18;23/01/2018 17:15;Strada Urbana;VIA DI VAL CANNUTA;in corrispondenza;;del civico n.;30;;Scontro laterale fra veicoli in marcia;Curva a visuale libera;Una carreggiata a doppio senso;Asciutto;Asfaltata;Assente;Sereno;Normale;Buona;Sufficiente;1;0;0;1;12.41495;41.90179;-1;2;Autovettura privata;In marcia / fermata / arresto;Conducente;F;Illeso;0;;;
3652958;11;24/01/2018 10:00;Strada Urbana;VIA ARDEATINA;all'intersezione con;VICOLO DELLE SETTE CHIESE;VICOLO DELLE SETTE CHIESE;;;Scontro frontale/laterale DX fra veicoli in marcia;Incrocio;Una carreggiata a doppio senso;Asciutto;Asfaltata;Verticale ed orizzontale;Sereno;Normale;Buona;Ore Diurne;0;0;0;2;12.51023;41.85774;-1;1;Motociclo a solo;In marcia / fermata / arresto;Conducente;M;Illeso;0;;Non accertato;
3652958;11;24/01/2018 10:00;Strada Urbana;VIA ARDEATINA;all'intersezione con;VICOLO DELLE SETTE CHIESE;VICOLO DELLE SETTE CHIESE;;;Scontro frontale/laterale DX fra veicoli in marcia;Incrocio;Una carreggiata a doppio senso;Asciutto;Asfaltata;Verticale ed orizzontale;Sereno;Normale;Buona;Ore Diurne;0;0;0;2;12.51023;41.85774;-1;2;Autovettura privata;In marcia / fermata / arresto;Conducente;F;Illeso;0;;Non accertato;Inesploso
3653025;3;23/01/2018 11:25;Strada Urbana;VIALE DEL POLICLINICO;da specificare;;;;fronte civico 151;Veicolo in marcia contro veicolo arresto;Rettilineo;Più di due carreggiate;Asciutto;Asfaltata;Verticale ed orizzontale;Sereno;Normale;Buona;Ore Diurne;0;0;0;3;12.50878;41.90849;-1;1;Autovettura privata;In marcia / fermata / arresto;Conducente;M;Illeso;0;;Non accertato;Inesploso
3653025;3;23/01/2018 11:25;Strada Urbana;VIALE DEL POLICLINICO;da specificare;;;;fronte civico 151;Veicolo in marcia contro veicolo arresto;Rettilineo;Più di due carreggiate;Asciutto;Asfaltata;Verticale ed orizzontale;Sereno;Normale;Buona;Ore Diurne;0;0;0;3;12.50878;41.90849;-1;2;Autovettura privata;In marcia / fermata / arresto;Conducente;M;Illeso;0;;Non accertato;Inesploso
3653025;3;23/01/2018 11:25;Strada Urbana;VIALE DEL POLICLINICO;da specificare;;;;fronte civico 151;Veicolo in marcia contro veicolo arresto;Rettilineo;Più di due carreggiate;Asciutto;Asfaltata;Verticale ed orizzontale;Sereno;Normale;Buona;Ore Diurne;0;0;0;3;12.50878;41.90849;-1;2;Autovettura privata;In marcia / fermata / arresto;Passeggero;F;Illeso;0;;Non accertato;Inesploso
3653028;9;24/01/2018 07:30;Strada Urbana;VIA APPIA NUOVA;all'intersezione semaforizzata con;LARGO DEI COLLI ALBANI;LARGO DEI COLLI ALBANI;;;Scontro frontale/laterale DX fra veicoli in marcia;Intersezione semaforizzata;Due carreggiate;Asciutto;Asfaltata;Verticale ed orizzontale;Sereno;Normale;Buona;Ore Diurne;2;0;0;0;12.52907;41.87006;-1;1;Autovettura privata;In marcia / fermata / arresto;Conducente;M;Rimandato;0;NON DECEDUTO;Non accertato;Inesploso
3653028;9;24/01/2018 07:30;Strada Urbana;VIA APPIA NUOVA;all'intersezione semaforizzata con;LARGO DEI COLLI ALBANI;LARGO DEI COLLI ALBANI;;;Scontro frontale/laterale DX fra veicoli in marcia;Intersezione semaforizzata;Due carreggiate;Asciutto;Asfaltata;Verticale ed orizzontale;Sereno;Normale;Buona;Ore Diurne;2;0;0;0;12.52907;41.87006;-1;2;Autovettura privata;In marcia / fermata / arresto;Conducente;M;Rimandato;0;NON DECEDUTO;Non accertato;Inesploso
3653030;9;24/01/2018 08:40;Strada Urbana;VIA FRASCATI;da specificare;;;;prossimità fronte civico 10;Investimento di pedone;Rettilineo;Una carreggiata a senso unico di marcia;Asciutto;Asfaltata;Verticale ed orizzontale;Sereno;Normale;Buona;Ore Diurne;2;0;0;0;12.54137;41.86676;-1;;;;Pedone;M;Rimandato;0;NON DECEDUTO;;
3653030;9;24/01/2018 08:40;Strada Urbana;VIA FRASCATI;da specificare;;;;prossimità fronte civico 10;Investimento di pedone;Rettilineo;Una carreggiata a senso unico di marcia;Asciutto;Asfaltata;Verticale ed orizzontale;Sereno;Normale;Buona;Ore Diurne;2;0;0;0;12.54137;41.86676;-1;1;Motociclo a solo;In marcia / fermata / arresto;Conducente;M;Rimandato;0;NON DECEDUTO;Non accertato;
3653043;3;23/01/2018 15:50;Strada Urbana;PIAZZALE DI PORTA PIA;all'intersezione semaforizzata con;VIALE DEL POLICLINICO;VIALE DEL POLICLINICO;;;Scontro frontale fra veicoli in marcia;Intersezione semaforizzata;Una carreggiata a doppio senso;Asciutto;Asfaltata;Orizzontale;Sereno;Normale;Buona;Ore Diurne;1;0;0;2;12.50159;41.90968;-1;1;Autovettura privata;In marcia / fermata / arresto;Conducente;F;Illeso;0;;Non accertato;Inesploso
3653043;3;23/01/2018 15:50;Strada Urbana;PIAZZALE DI PORTA PIA;all'intersezione semaforizzata con;VIALE DEL POLICLINICO;VIALE DEL POLICLINICO;;;Scontro frontale fra veicoli in marcia;Intersezione semaforizzata;Una carreggiata a doppio senso;Asciutto;Asfaltata;Orizzontale;Sereno;Normale;Buona;Ore Diurne;1;0;0;2;12.50159;41.90968;-1;1;Autovettura privata;In marcia / fermata / arresto;Passeggero;M;Illeso;0;;Non accertato;Inesploso